-- MySQL dump 10.16  Distrib 10.1.21-MariaDB, for Win32 (AMD64)
--
-- Host: localhost    Database: localhost
-- ------------------------------------------------------
-- Server version	10.1.21-MariaDB

/*!40101 SET @OLD_CHARACTER_SET_CLIENT=@@CHARACTER_SET_CLIENT */;
/*!40101 SET @OLD_CHARACTER_SET_RESULTS=@@CHARACTER_SET_RESULTS */;
/*!40101 SET @OLD_COLLATION_CONNECTION=@@COLLATION_CONNECTION */;
/*!40101 SET NAMES utf8 */;
/*!40103 SET @OLD_TIME_ZONE=@@TIME_ZONE */;
/*!40103 SET TIME_ZONE='+00:00' */;
/*!40014 SET @OLD_UNIQUE_CHECKS=@@UNIQUE_CHECKS, UNIQUE_CHECKS=0 */;
/*!40014 SET @OLD_FOREIGN_KEY_CHECKS=@@FOREIGN_KEY_CHECKS, FOREIGN_KEY_CHECKS=0 */;
/*!40101 SET @OLD_SQL_MODE=@@SQL_MODE, SQL_MODE='NO_AUTO_VALUE_ON_ZERO' */;
/*!40111 SET @OLD_SQL_NOTES=@@SQL_NOTES, SQL_NOTES=0 */;

--
-- Table structure for table `administrador`
--

DROP TABLE IF EXISTS `administrador`;
/*!40101 SET @saved_cs_client     = @@character_set_client */;
/*!40101 SET character_set_client = utf8 */;
CREATE TABLE `administrador` (
  `nomina_administrador` varchar(10) NOT NULL,
  `nombre_administrador` varchar(45) NOT NULL,
  `contrasena_administrador` varchar(50) NOT NULL,
  `status` tinyint(4) NOT NULL,
  `SuperUsuario_usuario` varchar(20) NOT NULL,
  PRIMARY KEY (`nomina_administrador`,`SuperUsuario_usuario`),
  KEY `SuperUsuario_usuario` (`SuperUsuario_usuario`),
  CONSTRAINT `administrador_ibfk_1` FOREIGN KEY (`SuperUsuario_usuario`) REFERENCES `superusuario` (`usuario`)
) ENGINE=InnoDB DEFAULT CHARSET=utf8;
/*!40101 SET character_set_client = @saved_cs_client */;

--
-- Dumping data for table `administrador`
--

LOCK TABLES `administrador` WRITE;
/*!40000 ALTER TABLE `administrador` DISABLE KEYS */;
INSERT INTO `administrador` VALUES ('A0000001','nombreAdmin1','passwordAdm1',0,'usuario1'),('A00000010','nombreAdmin10','passwordAdm10',0,'usuario1'),('A000000100','nombreAdmin10000','passwordAdm100',0,'usuario1'),('A000000101','Prueba modificar2','passwordAdm101',0,'usuario2'),('A000000102','nombreAdmin102','passwordAdm102',0,'usuario3'),('A000000103','nombreAdmin10300','passwordAdm103',1,'usuario1'),('A000000104','nombreAdmin104','passwordAdm104',1,'usuario2'),('A000000105','nombreAdmin105','passwordAdm105',1,'usuario3'),('A000000106','nombreAdmin106','passwordAdm106',1,'usuario1'),('A000000107','nombreAdmin107','passwordAdm107',1,'usuario2'),('A000000108','nombreAdmin108','passwordAdm108',1,'usuario3'),('A000000109','nombreAdmin109','passwordAdm109',1,'usuario1'),('A00000011','nombreAdmin11','passwordAdm11',1,'usuario2'),('A000000110','nombreAdmin110','passwordAdm110',1,'usuario2'),('A000000111','nombreAdmin111','passwordAdm111',1,'usuario3'),('A000000112','nombreAdmin112','passwordAdm112',1,'usuario1'),('A000000113','nombreAdmin113','passwordAdm113',1,'usuario2'),('A000000114','nombreAdmin114','passwordAdm114',1,'usuario3'),('A000000115','nombreAdmin115','passwordAdm115',1,'usuario1'),('A000000116','nombreAdmin116','passwordAdm116',1,'usuario2'),('A000000117','nombreAdmin117','passwordAdm117',1,'usuario3'),('A000000118','nombreAdmin118','passwordAdm118',1,'usuario1'),('A000000119','nombreAdmin119','passwordAdm119',1,'usuario2'),('A00000012','nombreAdmin12','passwordAdm12',1,'usuario3'),('A000000120','nombreAdmin120','passwordAdm120',1,'usuario3'),('A000000121','nombreAdmin121','passwordAdm121',1,'usuario1'),('A000000122','nombreAdmin122','passwordAdm122',1,'usuario2'),('A000000123','nombreAdmin123','passwordAdm123',1,'usuario3'),('A000000124','nombreAdmin124','passwordAdm124',1,'usuario1'),('A000000125','nombreAdmin125','passwordAdm125',1,'usuario2'),('A000000126','nombreAdmin126','passwordAdm126',1,'usuario3'),('A000000127','nombreAdmin127','passwordAdm127',1,'usuario1'),('A000000128','nombreAdmin128','passwordAdm128',1,'usuario2'),('A000000129','nombreAdmin129','passwordAdm129',1,'usuario3'),('A00000013','nombreAdmin13','passwordAdm13',1,'usuario1'),('A000000130','nombreAdmin130','passwordAdm130',1,'usuario1'),('A000000131','nombreAdmin131','passwordAdm131',1,'usuario2'),('A000000132','nombreAdmin132','passwordAdm132',1,'usuario3'),('A000000133','nombreAdmin133','passwordAdm133',1,'usuario1'),('A000000134','nombreAdmin134','passwordAdm134',1,'usuario2'),('A000000135','nombreAdmin135','passwordAdm135',1,'usuario3'),('A000000136','nombreAdmin136','passwordAdm136',1,'usuario1'),('A000000137','nombreAdmin137','passwordAdm137',1,'usuario2'),('A000000138','nombreAdmin138','passwordAdm138',1,'usuario3'),('A000000139','nombreAdmin139','passwordAdm139',1,'usuario1'),('A00000014','nombreAdmin14','passwordAdm14',1,'usuario2'),('A000000140','nombreAdmin140','passwordAdm140',1,'usuario2'),('A000000141','nombreAdmin141','passwordAdm141',1,'usuario3'),('A000000142','nombreAdmin142','passwordAdm142',1,'usuario1'),('A000000143','nombreAdmin143','passwordAdm143',1,'usuario2'),('A000000144','nombreAdmin144','passwordAdm144',1,'usuario3'),('A000000145','nombreAdmin145','passwordAdm145',1,'usuario1'),('A000000146','nombreAdmin146','passwordAdm146',1,'usuario2'),('A000000147','nombreAdmin147','passwordAdm147',1,'usuario3'),('A000000148','nombreAdmin148','passwordAdm148',1,'usuario1'),('A000000149','nombreAdmin149','passwordAdm149',1,'usuario2'),('A00000015','nombreAdmin15','passwordAdm15',1,'usuario3'),('A000000150','nombreAdmin150','passwordAdm150',1,'usuario3'),('A000000151','nombreAdmin151','passwordAdm151',1,'usuario1'),('A000000152','nombreAdmin152','passwordAdm152',1,'usuario2'),('A000000153','nombreAdmin153','passwordAdm153',1,'usuario3'),('A000000154','nombreAdmin154','passwordAdm154',1,'usuario1'),('A000000155','nombreAdmin155','passwordAdm155',1,'usuario2'),('A000000156','nombreAdmin156','passwordAdm156',1,'usuario3'),('A000000157','nombreAdmin157','passwordAdm157',1,'usuario1'),('A000000158','nombreAdmin158','passwordAdm158',1,'usuario2'),('A000000159','nombreAdmin159','passwordAdm159',1,'usuario3'),('A00000016','nombreAdmin16','passwordAdm16',1,'usuario1'),('A000000160','nombreAdmin160','passwordAdm160',1,'usuario1'),('A000000161','nombreAdmin161','passwordAdm161',1,'usuario2'),('A000000162','nombreAdmin162','passwordAdm162',1,'usuario3'),('A000000163','nombreAdmin163','passwordAdm163',1,'usuario1'),('A000000164','nombreAdmin164','passwordAdm164',1,'usuario2'),('A000000165','nombreAdmin165','passwordAdm165',1,'usuario3'),('A000000166','nombreAdmin166','passwordAdm166',1,'usuario1'),('A000000167','nombreAdmin167','passwordAdm167',1,'usuario2'),('A000000168','nombreAdmin168','passwordAdm168',1,'usuario3'),('A000000169','nombreAdmin169','passwordAdm169',1,'usuario1'),('A00000017','nombreAdmin17','passwordAdm17',1,'usuario2'),('A000000170','nombreAdmin170','passwordAdm170',1,'usuario2'),('A000000171','nombreAdmin171','passwordAdm171',1,'usuario3'),('A000000172','nombreAdmin172','passwordAdm172',1,'usuario1'),('A000000173','nombreAdmin173','passwordAdm173',1,'usuario2'),('A000000174','nombreAdmin174','passwordAdm174',1,'usuario3'),('A000000175','nombreAdmin175','passwordAdm175',1,'usuario1'),('A000000176','nombreAdmin176','passwordAdm176',1,'usuario2'),('A000000177','nombreAdmin177','passwordAdm177',1,'usuario3'),('A000000178','nombreAdmin178','passwordAdm178',1,'usuario1'),('A000000179','nombreAdmin179','passwordAdm179',1,'usuario2'),('A00000018','nombreAdmin18','passwordAdm18',1,'usuario3'),('A000000180','nombreAdmin180','passwordAdm180',1,'usuario3'),('A000000181','nombreAdmin181','passwordAdm181',1,'usuario1'),('A000000182','nombreAdmin182','passwordAdm182',1,'usuario2'),('A000000183','nombreAdmin183','passwordAdm183',1,'usuario3'),('A000000184','nombreAdmin184','passwordAdm184',1,'usuario1'),('A000000185','nombreAdmin185','passwordAdm185',1,'usuario2'),('A000000186','nombreAdmin186','passwordAdm186',1,'usuario3'),('A000000187','nombreAdmin187','passwordAdm187',1,'usuario1'),('A000000188','nombreAdmin188','passwordAdm188',1,'usuario2'),('A000000189','nombreAdmin189','passwordAdm189',1,'usuario3'),('A00000019','nombreAdmin19','passwordAdm19',1,'usuario1'),('A000000190','nombreAdmin190','passwordAdm190',1,'usuario1'),('A000000191','nombreAdmin191','passwordAdm191',1,'usuario2'),('A000000192','nombreAdmin192','passwordAdm192',1,'usuario3'),('A000000193','nombreAdmin193','passwordAdm193',1,'usuario1'),('A000000194','nombreAdmin194','passwordAdm194',1,'usuario2'),('A000000195','nombreAdmin195','passwordAdm195',1,'usuario3'),('A000000196','nombreAdmin196','passwordAdm196',1,'usuario1'),('A000000197','nombreAdmin197','passwordAdm197',1,'usuario2'),('A000000198','nombreAdmin198','passwordAdm198',1,'usuario3'),('A000000199','nombreAdmin199','passwordAdm199',1,'usuario1'),('A0000002','nombreAdmin2','passwordAdm2',1,'usuario2'),('A00000020','nombreAdmin20','passwordAdm20',1,'usuario2'),('A000000200','nombreAdmin200','passwordAdm200',1,'usuario2'),('A00000021','nombreAdmin21','passwordAdm21',1,'usuario3'),('A00000022','nombreAdmin22','passwordAdm22',1,'usuario1'),('A00000023','nombreAdmin23','passwordAdm23',1,'usuario2'),('A00000024','nombreAdmin24','passwordAdm24',1,'usuario3'),('A00000025','nombreAdmin25','passwordAdm25',1,'usuario1'),('A00000026','nombreAdmin26','passwordAdm26',1,'usuario2'),('A00000027','nombreAdmin27','passwordAdm27',1,'usuario3'),('A00000028','nombreAdmin28','passwordAdm28',1,'usuario1'),('A00000029','nombreAdmin29','passwordAdm29',1,'usuario2'),('A0000003','nombreAdmin3','passwordAdm3',1,'usuario3'),('A00000030','nombreAdmin30','passwordAdm30',1,'usuario3'),('A00000031','nombreAdmin31','passwordAdm31',1,'usuario1'),('A00000032','nombreAdmin32','passwordAdm32',1,'usuario2'),('A00000033','nombreAdmin33','passwordAdm33',1,'usuario3'),('A00000034','nombreAdmin34','passwordAdm34',1,'usuario1'),('A00000035','nombreAdmin35','passwordAdm35',1,'usuario2'),('A00000036','nombreAdmin36','passwordAdm36',1,'usuario3'),('A00000037','nombreAdmin37','passwordAdm37',1,'usuario1'),('A00000038','nombreAdmin38','passwordAdm38',1,'usuario2'),('A00000039','nombreAdmin39','passwordAdm39',1,'usuario3'),('A0000004','nombreAdmin4','passwordAdm4',1,'usuario1'),('A00000040','nombreAdmin40','passwordAdm40',1,'usuario1'),('A00000041','nombreAdmin41','passwordAdm41',1,'usuario2'),('A00000042','nombreAdmin42','passwordAdm42',1,'usuario3'),('A00000043','nombreAdmin43','passwordAdm43',1,'usuario1'),('A00000044','nombreAdmin44','passwordAdm44',1,'usuario2'),('A00000045','nombreAdmin45','passwordAdm45',1,'usuario3'),('A00000046','nombreAdmin46','passwordAdm46',1,'usuario1'),('A00000047','nombreAdmin47','passwordAdm47',1,'usuario2'),('A00000048','nombreAdmin48','passwordAdm48',1,'usuario3'),('A00000049','nombreAdmin49','passwordAdm49',1,'usuario1'),('A0000005','nombreAdmin5','passwordAdm5',1,'usuario2'),('A00000050','nombreAdmin50','passwordAdm50',1,'usuario2'),('A00000051','nombreAdmin51','passwordAdm51',1,'usuario3'),('A00000052','nombreAdmin52','passwordAdm52',1,'usuario1'),('A00000053','nombreAdmin53','passwordAdm53',1,'usuario2'),('A00000054','nombreAdmin54','passwordAdm54',1,'usuario3'),('A00000055','nombreAdmin55','passwordAdm55',1,'usuario1'),('A00000056','nombreAdmin56','passwordAdm56',1,'usuario2'),('A00000057','nombreAdmin57','passwordAdm57',1,'usuario3'),('A00000058','nombreAdmin58','passwordAdm58',1,'usuario1'),('A00000059','nombreAdmin59','passwordAdm59',1,'usuario2'),('A0000006','nombreAdmin6','passwordAdm6',1,'usuario3'),('A00000060','nombreAdmin60','passwordAdm60',1,'usuario3'),('A00000061','nombreAdmin61','passwordAdm61',1,'usuario1'),('A00000062','nombreAdmin62','passwordAdm62',1,'usuario2'),('A00000063','nombreAdmin63','passwordAdm63',1,'usuario3'),('A00000064','nombreAdmin64','passwordAdm64',1,'usuario1'),('A00000065','nombreAdmin65','passwordAdm65',1,'usuario2'),('A00000066','nombreAdmin66','passwordAdm66',1,'usuario3'),('A00000067','nombreAdmin67','passwordAdm67',1,'usuario1'),('A00000068','nombreAdmin68','passwordAdm68',1,'usuario2'),('A00000069','nombreAdmin69','passwordAdm69',1,'usuario3'),('A0000007','nombreAdmin7','passwordAdm7',1,'usuario1'),('A00000070','nombreAdmin70','passwordAdm70',1,'usuario1'),('A00000071','nombreAdmin71','passwordAdm71',1,'usuario2'),('A00000072','nombreAdmin72','passwordAdm72',1,'usuario3'),('A00000073','nombreAdmin73','passwordAdm73',1,'usuario1'),('A00000074','nombreAdmin74','passwordAdm74',1,'usuario2'),('A00000075','nombreAdmin75','passwordAdm75',1,'usuario3'),('A00000076','nombreAdmin76','passwordAdm76',1,'usuario1'),('A00000077','nombreAdmin77','passwordAdm77',1,'usuario2'),('A00000078','nombreAdmin78','passwordAdm78',1,'usuario3'),('A00000079','nombreAdmin79','passwordAdm79',1,'usuario1'),('A0000008','nombreAdmin8','passwordAdm8',1,'usuario2'),('A00000080','nombreAdmin80','passwordAdm80',1,'usuario2'),('A00000081','nombreAdmin81','passwordAdm81',1,'usuario3'),('A00000082','nombreAdmin82','passwordAdm82',1,'usuario1'),('A00000083','nombreAdmin83','passwordAdm83',1,'usuario2'),('A00000084','nombreAdmin84','passwordAdm84',1,'usuario3'),('A00000085','nombreAdmin85','passwordAdm85',1,'usuario1'),('A00000086','nombreAdmin86','passwordAdm86',1,'usuario2'),('A00000087','nombreAdmin87','passwordAdm87',1,'usuario3'),('A00000088','nombreAdmin88','passwordAdm88',1,'usuario1'),('A00000089','nombreAdmin89','passwordAdm89',1,'usuario2'),('A0000009','nombreAdmin9','passwordAdm9',1,'usuario3'),('A00000090','nombreAdmin90','passwordAdm90',1,'usuario3'),('A00000091','nombreAdmin91','passwordAdm91',1,'usuario1'),('A00000092','nombreAdmin92','passwordAdm92',1,'usuario2'),('A00000093','nombreAdmin93','passwordAdm93',1,'usuario3'),('A00000094','nombreAdmin94','passwordAdm94',1,'usuario1'),('A00000095','nombreAdmin95','passwordAdm95',1,'usuario2'),('A00000096','nombreAdmin96','passwordAdm96',1,'usuario3'),('A00000097','nombreAdmin97','passwordAdm97',1,'usuario1'),('A00000098','nombreAdmin98','passwordAdm98',1,'usuario2'),('A00000099','nombreAdmin99','passwordAdm99',0,'usuario3'),('A01329383','Maria Enriquez','39e56718f5cc743a2db91c0534a82266',1,'usuario1'),('a01381058','Nestor','8dafd71347b735c4a86e9c3ff8b0d9b0',1,'usuario1'),('A123457','Luis Glz','angel',1,'usuario1'),('A98','Alfonso','teodio',1,'usuario1'),('fer5','fer5','a2475eae4a4f447008b31a1e905abb73',1,'usuario1'),('fer6','fer6','52d47cecfdba5d5edf765d00bf50214e',1,'usuario1'),('Luis2','luis angel glz','angel',1,'usuario1'),('Luisg','Luis Angel Gonzalez','6e81c899a041fea3397d915f7f64159d',1,'usuario1');
/*!40000 ALTER TABLE `administrador` ENABLE KEYS */;
UNLOCK TABLES;

--
-- Table structure for table `administrador_has_historialmac`
--

DROP TABLE IF EXISTS `administrador_has_historialmac`;
/*!40101 SET @saved_cs_client     = @@character_set_client */;
/*!40101 SET character_set_client = utf8 */;
CREATE TABLE `administrador_has_historialmac` (
  `Administrador_nomina_administrado` varchar(10) NOT NULL,
  `HistorialMac_mac` varchar(17) NOT NULL,
  PRIMARY KEY (`Administrador_nomina_administrado`,`HistorialMac_mac`),
  KEY `HistorialMac_mac` (`HistorialMac_mac`),
  CONSTRAINT `administrador_has_historialmac_ibfk_1` FOREIGN KEY (`Administrador_nomina_administrado`) REFERENCES `administrador` (`nomina_administrador`),
  CONSTRAINT `administrador_has_historialmac_ibfk_2` FOREIGN KEY (`HistorialMac_mac`) REFERENCES `historialmac` (`mac`)
) ENGINE=InnoDB DEFAULT CHARSET=utf8;
/*!40101 SET character_set_client = @saved_cs_client */;

--
-- Dumping data for table `administrador_has_historialmac`
--

LOCK TABLES `administrador_has_historialmac` WRITE;
/*!40000 ALTER TABLE `administrador_has_historialmac` DISABLE KEYS */;
/*!40000 ALTER TABLE `administrador_has_historialmac` ENABLE KEYS */;
UNLOCK TABLES;

--
-- Table structure for table `administrador_has_supervisor`
--

DROP TABLE IF EXISTS `administrador_has_supervisor`;
/*!40101 SET @saved_cs_client     = @@character_set_client */;
/*!40101 SET character_set_client = utf8 */;
CREATE TABLE `administrador_has_supervisor` (
  `Administrador_nomina_administrado` varchar(10) NOT NULL,
  `Supervisor_nomina_supervisor` varchar(10) NOT NULL,
  PRIMARY KEY (`Administrador_nomina_administrado`,`Supervisor_nomina_supervisor`),
  KEY `Supervisor_nomina_supervisor` (`Supervisor_nomina_supervisor`),
  CONSTRAINT `administrador_has_supervisor_ibfk_1` FOREIGN KEY (`Administrador_nomina_administrado`) REFERENCES `administrador` (`nomina_administrador`),
  CONSTRAINT `administrador_has_supervisor_ibfk_2` FOREIGN KEY (`Supervisor_nomina_supervisor`) REFERENCES `supervisor` (`nomina_supervisor`)
) ENGINE=InnoDB DEFAULT CHARSET=utf8;
/*!40101 SET character_set_client = @saved_cs_client */;

--
-- Dumping data for table `administrador_has_supervisor`
--

LOCK TABLES `administrador_has_supervisor` WRITE;
/*!40000 ALTER TABLE `administrador_has_supervisor` DISABLE KEYS */;
INSERT INTO `administrador_has_supervisor` VALUES ('A0000001','S00000001'),('A00000010','S000000010'),('A00000011','S000000011'),('A00000012','S000000012'),('A00000013','S000000013'),('A00000014','S000000014'),('A00000015','S000000015'),('A00000016','S000000016'),('A00000017','S000000017'),('A00000018','S000000018'),('A00000019','S000000019'),('A0000002','S00000002'),('A00000020','S000000020'),('A00000021','S000000021'),('A00000022','S000000022'),('A00000023','S000000023'),('A00000024','S000000024'),('A00000025','S000000025'),('A00000026','S000000026'),('A00000027','S000000027'),('A00000028','S000000028'),('A00000029','S000000029'),('A0000003','S00000003'),('A00000030','S000000030'),('A00000031','S000000031'),('A00000032','S000000032'),('A00000033','S000000033'),('A00000034','S000000034'),('A00000035','S000000035'),('A00000036','S000000036'),('A00000037','S000000037'),('A00000038','S000000038'),('A00000039','S000000039'),('A0000004','S00000004'),('A00000040','S000000040'),('A00000041','S000000041'),('A00000042','S000000042'),('A00000043','S000000043'),('A00000044','S000000044'),('A00000045','S000000045'),('A00000046','S000000046'),('A00000047','S000000047'),('A00000048','S000000048'),('A00000049','S000000049'),('A0000005','S00000005'),('A00000050','S000000050'),('A00000051','S000000051'),('A00000052','S000000052'),('A00000053','S000000053'),('A00000054','S000000054'),('A00000055','S000000055'),('A00000056','S000000056'),('A00000057','S000000057'),('A00000058','S000000058'),('A00000059','S000000059'),('A0000006','S00000006'),('A00000060','S000000060'),('A00000061','S000000061'),('A00000062','S000000062'),('A00000063','S000000063'),('A00000064','S000000064'),('A00000065','S000000065'),('A00000066','S000000066'),('A00000067','S000000067'),('A00000068','S000000068'),('A00000069','S000000069'),('A0000007','S00000007'),('A00000070','S000000070'),('A00000071','S000000071'),('A00000072','S000000072'),('A00000073','S000000073'),('A00000074','S000000074'),('A00000075','S000000075'),('A00000076','S000000076'),('A00000077','S000000077'),('A00000078','S000000078'),('A00000079','S000000079'),('A0000008','S00000008'),('A00000080','S000000080'),('A0000009','S00000009');
/*!40000 ALTER TABLE `administrador_has_supervisor` ENABLE KEYS */;
UNLOCK TABLES;

--
-- Table structure for table `administrador_has_trabajador`
--

DROP TABLE IF EXISTS `administrador_has_trabajador`;
/*!40101 SET @saved_cs_client     = @@character_set_client */;
/*!40101 SET character_set_client = utf8 */;
CREATE TABLE `administrador_has_trabajador` (
  `Administrador_nomina_administrado` varchar(10) NOT NULL,
  `Trabajador_nomina_trabajador` varchar(10) NOT NULL,
  PRIMARY KEY (`Administrador_nomina_administrado`,`Trabajador_nomina_trabajador`),
  KEY `Trabajador_nomina_trabajador` (`Trabajador_nomina_trabajador`),
  CONSTRAINT `administrador_has_trabajador_ibfk_1` FOREIGN KEY (`Administrador_nomina_administrado`) REFERENCES `administrador` (`nomina_administrador`),
  CONSTRAINT `administrador_has_trabajador_ibfk_2` FOREIGN KEY (`Trabajador_nomina_trabajador`) REFERENCES `trabajador` (`nomina_trabajador`)
) ENGINE=InnoDB DEFAULT CHARSET=utf8;
/*!40101 SET character_set_client = @saved_cs_client */;

--
-- Dumping data for table `administrador_has_trabajador`
--

LOCK TABLES `administrador_has_trabajador` WRITE;
/*!40000 ALTER TABLE `administrador_has_trabajador` DISABLE KEYS */;
INSERT INTO `administrador_has_trabajador` VALUES ('A0000001','T000000001'),('A0000001','T000000201'),('A0000001','T000000401'),('A0000001','T000000601'),('A0000001','T000000801'),('A0000001','T000001001'),('A0000001','T000001201'),('A0000001','T000001401'),('A0000001','T000001601'),('A0000001','T000001801'),('A00000010','T000000010'),('A00000010','T000000210'),('A00000010','T000000410'),('A00000010','T000000610'),('A00000010','T000000810'),('A00000010','T000001010'),('A00000010','T000001210'),('A00000010','T000001410'),('A00000010','T000001610'),('A00000010','T000001810'),('A000000100','T000000100'),('A000000100','T000000300'),('A000000100','T000000500'),('A000000100','T000000700'),('A000000100','T000000900'),('A000000100','T000001100'),('A000000100','T000001300'),('A000000100','T000001500'),('A000000100','T000001700'),('A000000100','T000001900'),('A000000101','T000000101'),('A000000101','T000000301'),('A000000101','T000000501'),('A000000101','T000000701'),('A000000101','T000000901'),('A000000101','T000001101'),('A000000101','T000001301'),('A000000101','T000001501'),('A000000101','T000001701'),('A000000101','T000001901'),('A000000102','T000000102'),('A000000102','T000000302'),('A000000102','T000000502'),('A000000102','T000000702'),('A000000102','T000000902'),('A000000102','T000001102'),('A000000102','T000001302'),('A000000102','T000001502'),('A000000102','T000001702'),('A000000102','T000001902'),('A000000103','T000000103'),('A000000103','T000000303'),('A000000103','T000000503'),('A000000103','T000000703'),('A000000103','T000000903'),('A000000103','T000001103'),('A000000103','T000001303'),('A000000103','T000001503'),('A000000103','T000001703'),('A000000103','T000001903'),('A000000104','T000000104'),('A000000104','T000000304'),('A000000104','T000000504'),('A000000104','T000000704'),('A000000104','T000000904'),('A000000104','T000001104'),('A000000104','T000001304'),('A000000104','T000001504'),('A000000104','T000001704'),('A000000104','T000001904'),('A000000105','T000000105'),('A000000105','T000000305'),('A000000105','T000000505'),('A000000105','T000000705'),('A000000105','T000000905'),('A000000105','T000001105'),('A000000105','T000001305'),('A000000105','T000001505'),('A000000105','T000001705'),('A000000105','T000001905'),('A000000106','T000000106'),('A000000106','T000000306'),('A000000106','T000000506'),('A000000106','T000000706'),('A000000106','T000000906'),('A000000106','T000001106'),('A000000106','T000001306'),('A000000106','T000001506'),('A000000106','T000001706'),('A000000106','T000001906'),('A000000107','T000000107'),('A000000107','T000000307'),('A000000107','T000000507'),('A000000107','T000000707'),('A000000107','T000000907'),('A000000107','T000001107'),('A000000107','T000001307'),('A000000107','T000001507'),('A000000107','T000001707'),('A000000107','T000001907'),('A000000108','T000000108'),('A000000108','T000000308'),('A000000108','T000000508'),('A000000108','T000000708'),('A000000108','T000000908'),('A000000108','T000001108'),('A000000108','T000001308'),('A000000108','T000001508'),('A000000108','T000001708'),('A000000108','T000001908'),('A000000109','T000000109'),('A000000109','T000000309'),('A000000109','T000000509'),('A000000109','T000000709'),('A000000109','T000000909'),('A000000109','T000001109'),('A000000109','T000001309'),('A000000109','T000001509'),('A000000109','T000001709'),('A000000109','T000001909'),('A00000011','T000000011'),('A00000011','T000000211'),('A00000011','T000000411'),('A00000011','T000000611'),('A00000011','T000000811'),('A00000011','T000001011'),('A00000011','T000001211'),('A00000011','T000001411'),('A00000011','T000001611'),('A00000011','T000001811'),('A000000110','T000000110'),('A000000110','T000000310'),('A000000110','T000000510'),('A000000110','T000000710'),('A000000110','T000000910'),('A000000110','T000001110'),('A000000110','T000001310'),('A000000110','T000001510'),('A000000110','T000001710'),('A000000110','T000001910'),('A000000111','T000000111'),('A000000111','T000000311'),('A000000111','T000000511'),('A000000111','T000000711'),('A000000111','T000000911'),('A000000111','T000001111'),('A000000111','T000001311'),('A000000111','T000001511'),('A000000111','T000001711'),('A000000111','T000001911'),('A000000112','T000000112'),('A000000112','T000000312'),('A000000112','T000000512'),('A000000112','T000000712'),('A000000112','T000000912'),('A000000112','T000001112'),('A000000112','T000001312'),('A000000112','T000001512'),('A000000112','T000001712'),('A000000112','T000001912'),('A000000113','T000000113'),('A000000113','T000000313'),('A000000113','T000000513'),('A000000113','T000000713'),('A000000113','T000000913'),('A000000113','T000001113'),('A000000113','T000001313'),('A000000113','T000001513'),('A000000113','T000001713'),('A000000113','T000001913'),('A000000114','T000000114'),('A000000114','T000000314'),('A000000114','T000000514'),('A000000114','T000000714'),('A000000114','T000000914'),('A000000114','T000001114'),('A000000114','T000001314'),('A000000114','T000001514'),('A000000114','T000001714'),('A000000114','T000001914'),('A000000115','T000000115'),('A000000115','T000000315'),('A000000115','T000000515'),('A000000115','T000000715'),('A000000115','T000000915'),('A000000115','T000001115'),('A000000115','T000001315'),('A000000115','T000001515'),('A000000115','T000001715'),('A000000115','T000001915'),('A000000116','T000000116'),('A000000116','T000000316'),('A000000116','T000000516'),('A000000116','T000000716'),('A000000116','T000000916'),('A000000116','T000001116'),('A000000116','T000001316'),('A000000116','T000001516'),('A000000116','T000001716'),('A000000116','T000001916'),('A000000117','T000000117'),('A000000117','T000000317'),('A000000117','T000000517'),('A000000117','T000000717'),('A000000117','T000000917'),('A000000117','T000001117'),('A000000117','T000001317'),('A000000117','T000001517'),('A000000117','T000001717'),('A000000117','T000001917'),('A000000118','T000000118'),('A000000118','T000000318'),('A000000118','T000000518'),('A000000118','T000000718'),('A000000118','T000000918'),('A000000118','T000001118'),('A000000118','T000001318'),('A000000118','T000001518'),('A000000118','T000001718'),('A000000118','T000001918'),('A000000119','T000000119'),('A000000119','T000000319'),('A000000119','T000000519'),('A000000119','T000000719'),('A000000119','T000000919'),('A000000119','T000001119'),('A000000119','T000001319'),('A000000119','T000001519'),('A000000119','T000001719'),('A000000119','T000001919'),('A00000012','T000000012'),('A00000012','T000000212'),('A00000012','T000000412'),('A00000012','T000000612'),('A00000012','T000000812'),('A00000012','T000001012'),('A00000012','T000001212'),('A00000012','T000001412'),('A00000012','T000001612'),('A00000012','T000001812'),('A000000120','T000000120'),('A000000120','T000000320'),('A000000120','T000000520'),('A000000120','T000000720'),('A000000120','T000000920'),('A000000120','T000001120'),('A000000120','T000001320'),('A000000120','T000001520'),('A000000120','T000001720'),('A000000120','T000001920'),('A000000121','T000000121'),('A000000121','T000000321'),('A000000121','T000000521'),('A000000121','T000000721'),('A000000121','T000000921'),('A000000121','T000001121'),('A000000121','T000001321'),('A000000121','T000001521'),('A000000121','T000001721'),('A000000121','T000001921'),('A000000122','T000000122'),('A000000122','T000000322'),('A000000122','T000000522'),('A000000122','T000000722'),('A000000122','T000000922'),('A000000122','T000001122'),('A000000122','T000001322'),('A000000122','T000001522'),('A000000122','T000001722'),('A000000122','T000001922'),('A000000123','T000000123'),('A000000123','T000000323'),('A000000123','T000000523'),('A000000123','T000000723'),('A000000123','T000000923'),('A000000123','T000001123'),('A000000123','T000001323'),('A000000123','T000001523'),('A000000123','T000001723'),('A000000123','T000001923'),('A000000124','T000000124'),('A000000124','T000000324'),('A000000124','T000000524'),('A000000124','T000000724'),('A000000124','T000000924'),('A000000124','T000001124'),('A000000124','T000001324'),('A000000124','T000001524'),('A000000124','T000001724'),('A000000124','T000001924'),('A000000125','T000000125'),('A000000125','T000000325'),('A000000125','T000000525'),('A000000125','T000000725'),('A000000125','T000000925'),('A000000125','T000001125'),('A000000125','T000001325'),('A000000125','T000001525'),('A000000125','T000001725'),('A000000125','T000001925'),('A000000126','T000000126'),('A000000126','T000000326'),('A000000126','T000000526'),('A000000126','T000000726'),('A000000126','T000000926'),('A000000126','T000001126'),('A000000126','T000001326'),('A000000126','T000001526'),('A000000126','T000001726'),('A000000126','T000001926'),('A000000127','T000000127'),('A000000127','T000000327'),('A000000127','T000000527'),('A000000127','T000000727'),('A000000127','T000000927'),('A000000127','T000001127'),('A000000127','T000001327'),('A000000127','T000001527'),('A000000127','T000001727'),('A000000127','T000001927'),('A000000128','T000000128'),('A000000128','T000000328'),('A000000128','T000000528'),('A000000128','T000000728'),('A000000128','T000000928'),('A000000128','T000001128'),('A000000128','T000001328'),('A000000128','T000001528'),('A000000128','T000001728'),('A000000128','T000001928'),('A000000129','T000000129'),('A000000129','T000000329'),('A000000129','T000000529'),('A000000129','T000000729'),('A000000129','T000000929'),('A000000129','T000001129'),('A000000129','T000001329'),('A000000129','T000001529'),('A000000129','T000001729'),('A000000129','T000001929'),('A00000013','T000000013'),('A00000013','T000000213'),('A00000013','T000000413'),('A00000013','T000000613'),('A00000013','T000000813'),('A00000013','T000001013'),('A00000013','T000001213'),('A00000013','T000001413'),('A00000013','T000001613'),('A00000013','T000001813'),('A000000130','T000000130'),('A000000130','T000000330'),('A000000130','T000000530'),('A000000130','T000000730'),('A000000130','T000000930'),('A000000130','T000001130'),('A000000130','T000001330'),('A000000130','T000001530'),('A000000130','T000001730'),('A000000130','T000001930'),('A000000131','T000000131'),('A000000131','T000000331'),('A000000131','T000000531'),('A000000131','T000000731'),('A000000131','T000000931'),('A000000131','T000001131'),('A000000131','T000001331'),('A000000131','T000001531'),('A000000131','T000001731'),('A000000131','T000001931'),('A000000132','T000000132'),('A000000132','T000000332'),('A000000132','T000000532'),('A000000132','T000000732'),('A000000132','T000000932'),('A000000132','T000001132'),('A000000132','T000001332'),('A000000132','T000001532'),('A000000132','T000001732'),('A000000132','T000001932'),('A000000133','T000000133'),('A000000133','T000000333'),('A000000133','T000000533'),('A000000133','T000000733'),('A000000133','T000000933'),('A000000133','T000001133'),('A000000133','T000001333'),('A000000133','T000001533'),('A000000133','T000001733'),('A000000133','T000001933'),('A000000134','T000000134'),('A000000134','T000000334'),('A000000134','T000000534'),('A000000134','T000000734'),('A000000134','T000000934'),('A000000134','T000001134'),('A000000134','T000001334'),('A000000134','T000001534'),('A000000134','T000001734'),('A000000134','T000001934'),('A000000135','T000000135'),('A000000135','T000000335'),('A000000135','T000000535'),('A000000135','T000000735'),('A000000135','T000000935'),('A000000135','T000001135'),('A000000135','T000001335'),('A000000135','T000001535'),('A000000135','T000001735'),('A000000135','T000001935'),('A000000136','T000000136'),('A000000136','T000000336'),('A000000136','T000000536'),('A000000136','T000000736'),('A000000136','T000000936'),('A000000136','T000001136'),('A000000136','T000001336'),('A000000136','T000001536'),('A000000136','T000001736'),('A000000136','T000001936'),('A000000137','T000000137'),('A000000137','T000000337'),('A000000137','T000000537'),('A000000137','T000000737'),('A000000137','T000000937'),('A000000137','T000001137'),('A000000137','T000001337'),('A000000137','T000001537'),('A000000137','T000001737'),('A000000137','T000001937'),('A000000138','T000000138'),('A000000138','T000000338'),('A000000138','T000000538'),('A000000138','T000000738'),('A000000138','T000000938'),('A000000138','T000001138'),('A000000138','T000001338'),('A000000138','T000001538'),('A000000138','T000001738'),('A000000138','T000001938'),('A000000139','T000000139'),('A000000139','T000000339'),('A000000139','T000000539'),('A000000139','T000000739'),('A000000139','T000000939'),('A000000139','T000001139'),('A000000139','T000001339'),('A000000139','T000001539'),('A000000139','T000001739'),('A000000139','T000001939'),('A00000014','T000000014'),('A00000014','T000000214'),('A00000014','T000000414'),('A00000014','T000000614'),('A00000014','T000000814'),('A00000014','T000001014'),('A00000014','T000001214'),('A00000014','T000001414'),('A00000014','T000001614'),('A00000014','T000001814'),('A000000140','T000000140'),('A000000140','T000000340'),('A000000140','T000000540'),('A000000140','T000000740'),('A000000140','T000000940'),('A000000140','T000001140'),('A000000140','T000001340'),('A000000140','T000001540'),('A000000140','T000001740'),('A000000140','T000001940'),('A000000141','T000000141'),('A000000141','T000000341'),('A000000141','T000000541'),('A000000141','T000000741'),('A000000141','T000000941'),('A000000141','T000001141'),('A000000141','T000001341'),('A000000141','T000001541'),('A000000141','T000001741'),('A000000141','T000001941'),('A000000142','T000000142'),('A000000142','T000000342'),('A000000142','T000000542'),('A000000142','T000000742'),('A000000142','T000000942'),('A000000142','T000001142'),('A000000142','T000001342'),('A000000142','T000001542'),('A000000142','T000001742'),('A000000142','T000001942'),('A000000143','T000000143'),('A000000143','T000000343'),('A000000143','T000000543'),('A000000143','T000000743'),('A000000143','T000000943'),('A000000143','T000001143'),('A000000143','T000001343'),('A000000143','T000001543'),('A000000143','T000001743'),('A000000143','T000001943'),('A000000144','T000000144'),('A000000144','T000000344'),('A000000144','T000000544'),('A000000144','T000000744'),('A000000144','T000000944'),('A000000144','T000001144'),('A000000144','T000001344'),('A000000144','T000001544'),('A000000144','T000001744'),('A000000144','T000001944'),('A000000145','T000000145'),('A000000145','T000000345'),('A000000145','T000000545'),('A000000145','T000000745'),('A000000145','T000000945'),('A000000145','T000001145'),('A000000145','T000001345'),('A000000145','T000001545'),('A000000145','T000001745'),('A000000145','T000001945'),('A000000146','T000000146'),('A000000146','T000000346'),('A000000146','T000000546'),('A000000146','T000000746'),('A000000146','T000000946'),('A000000146','T000001146'),('A000000146','T000001346'),('A000000146','T000001546'),('A000000146','T000001746'),('A000000146','T000001946'),('A000000147','T000000147'),('A000000147','T000000347'),('A000000147','T000000547'),('A000000147','T000000747'),('A000000147','T000000947'),('A000000147','T000001147'),('A000000147','T000001347'),('A000000147','T000001547'),('A000000147','T000001747'),('A000000147','T000001947'),('A000000148','T000000148'),('A000000148','T000000348'),('A000000148','T000000548'),('A000000148','T000000748'),('A000000148','T000000948'),('A000000148','T000001148'),('A000000148','T000001348'),('A000000148','T000001548'),('A000000148','T000001748'),('A000000148','T000001948'),('A000000149','T000000149'),('A000000149','T000000349'),('A000000149','T000000549'),('A000000149','T000000749'),('A000000149','T000000949'),('A000000149','T000001149'),('A000000149','T000001349'),('A000000149','T000001549'),('A000000149','T000001749'),('A000000149','T000001949'),('A00000015','T000000015'),('A00000015','T000000215'),('A00000015','T000000415'),('A00000015','T000000615'),('A00000015','T000000815'),('A00000015','T000001015'),('A00000015','T000001215'),('A00000015','T000001415'),('A00000015','T000001615'),('A00000015','T000001815'),('A000000150','T000000150'),('A000000150','T000000350'),('A000000150','T000000550'),('A000000150','T000000750'),('A000000150','T000000950'),('A000000150','T000001150'),('A000000150','T000001350'),('A000000150','T000001550'),('A000000150','T000001750'),('A000000150','T000001950'),('A000000151','T000000151'),('A000000151','T000000351'),('A000000151','T000000551'),('A000000151','T000000751'),('A000000151','T000000951'),('A000000151','T000001151'),('A000000151','T000001351'),('A000000151','T000001551'),('A000000151','T000001751'),('A000000151','T000001951'),('A000000152','T000000152'),('A000000152','T000000352'),('A000000152','T000000552'),('A000000152','T000000752'),('A000000152','T000000952'),('A000000152','T000001152'),('A000000152','T000001352'),('A000000152','T000001552'),('A000000152','T000001752'),('A000000152','T000001952'),('A000000153','T000000153'),('A000000153','T000000353'),('A000000153','T000000553'),('A000000153','T000000753'),('A000000153','T000000953'),('A000000153','T000001153'),('A000000153','T000001353'),('A000000153','T000001553'),('A000000153','T000001753'),('A000000153','T000001953'),('A000000154','T000000154'),('A000000154','T000000354'),('A000000154','T000000554'),('A000000154','T000000754'),('A000000154','T000000954'),('A000000154','T000001154'),('A000000154','T000001354'),('A000000154','T000001554'),('A000000154','T000001754'),('A000000154','T000001954'),('A000000155','T000000155'),('A000000155','T000000355'),('A000000155','T000000555'),('A000000155','T000000755'),('A000000155','T000000955'),('A000000155','T000001155'),('A000000155','T000001355'),('A000000155','T000001555'),('A000000155','T000001755'),('A000000155','T000001955'),('A000000156','T000000156'),('A000000156','T000000356'),('A000000156','T000000556'),('A000000156','T000000756'),('A000000156','T000000956'),('A000000156','T000001156'),('A000000156','T000001356'),('A000000156','T000001556'),('A000000156','T000001756'),('A000000156','T000001956'),('A000000157','T000000157'),('A000000157','T000000357'),('A000000157','T000000557'),('A000000157','T000000757'),('A000000157','T000000957'),('A000000157','T000001157'),('A000000157','T000001357'),('A000000157','T000001557'),('A000000157','T000001757'),('A000000157','T000001957'),('A000000158','T000000158'),('A000000158','T000000358'),('A000000158','T000000558'),('A000000158','T000000758'),('A000000158','T000000958'),('A000000158','T000001158'),('A000000158','T000001358'),('A000000158','T000001558'),('A000000158','T000001758'),('A000000158','T000001958'),('A000000159','T000000159'),('A000000159','T000000359'),('A000000159','T000000559'),('A000000159','T000000759'),('A000000159','T000000959'),('A000000159','T000001159'),('A000000159','T000001359'),('A000000159','T000001559'),('A000000159','T000001759'),('A000000159','T000001959'),('A00000016','T000000016'),('A00000016','T000000216'),('A00000016','T000000416'),('A00000016','T000000616'),('A00000016','T000000816'),('A00000016','T000001016'),('A00000016','T000001216'),('A00000016','T000001416'),('A00000016','T000001616'),('A00000016','T000001816'),('A000000160','T000000160'),('A000000160','T000000360'),('A000000160','T000000560'),('A000000160','T000000760'),('A000000160','T000000960'),('A000000160','T000001160'),('A000000160','T000001360'),('A000000160','T000001560'),('A000000160','T000001760'),('A000000160','T000001960'),('A000000161','T000000161'),('A000000161','T000000361'),('A000000161','T000000561'),('A000000161','T000000761'),('A000000161','T000000961'),('A000000161','T000001161'),('A000000161','T000001361'),('A000000161','T000001561'),('A000000161','T000001761'),('A000000161','T000001961'),('A000000162','T000000162'),('A000000162','T000000362'),('A000000162','T000000562'),('A000000162','T000000762'),('A000000162','T000000962'),('A000000162','T000001162'),('A000000162','T000001362'),('A000000162','T000001562'),('A000000162','T000001762'),('A000000162','T000001962'),('A000000163','T000000163'),('A000000163','T000000363'),('A000000163','T000000563'),('A000000163','T000000763'),('A000000163','T000000963'),('A000000163','T000001163'),('A000000163','T000001363'),('A000000163','T000001563'),('A000000163','T000001763'),('A000000163','T000001963'),('A000000164','T000000164'),('A000000164','T000000364'),('A000000164','T000000564'),('A000000164','T000000764'),('A000000164','T000000964'),('A000000164','T000001164'),('A000000164','T000001364'),('A000000164','T000001564'),('A000000164','T000001764'),('A000000164','T000001964'),('A000000165','T000000165'),('A000000165','T000000365'),('A000000165','T000000565'),('A000000165','T000000765'),('A000000165','T000000965'),('A000000165','T000001165'),('A000000165','T000001365'),('A000000165','T000001565'),('A000000165','T000001765'),('A000000165','T000001965'),('A000000166','T000000166'),('A000000166','T000000366'),('A000000166','T000000566'),('A000000166','T000000766'),('A000000166','T000000966'),('A000000166','T000001166'),('A000000166','T000001366'),('A000000166','T000001566'),('A000000166','T000001766'),('A000000166','T000001966'),('A000000167','T000000167'),('A000000167','T000000367'),('A000000167','T000000567'),('A000000167','T000000767'),('A000000167','T000000967'),('A000000167','T000001167'),('A000000167','T000001367'),('A000000167','T000001567'),('A000000167','T000001767'),('A000000167','T000001967'),('A000000168','T000000168'),('A000000168','T000000368'),('A000000168','T000000568'),('A000000168','T000000768'),('A000000168','T000000968'),('A000000168','T000001168'),('A000000168','T000001368'),('A000000168','T000001568'),('A000000168','T000001768'),('A000000168','T000001968'),('A000000169','T000000169'),('A000000169','T000000369'),('A000000169','T000000569'),('A000000169','T000000769'),('A000000169','T000000969'),('A000000169','T000001169'),('A000000169','T000001369'),('A000000169','T000001569'),('A000000169','T000001769'),('A000000169','T000001969'),('A00000017','T000000017'),('A00000017','T000000217'),('A00000017','T000000417'),('A00000017','T000000617'),('A00000017','T000000817'),('A00000017','T000001017'),('A00000017','T000001217'),('A00000017','T000001417'),('A00000017','T000001617'),('A00000017','T000001817'),('A000000170','T000000170'),('A000000170','T000000370'),('A000000170','T000000570'),('A000000170','T000000770'),('A000000170','T000000970'),('A000000170','T000001170'),('A000000170','T000001370'),('A000000170','T000001570'),('A000000170','T000001770'),('A000000170','T000001970'),('A000000171','T000000171'),('A000000171','T000000371'),('A000000171','T000000571'),('A000000171','T000000771'),('A000000171','T000000971'),('A000000171','T000001171'),('A000000171','T000001371'),('A000000171','T000001571'),('A000000171','T000001771'),('A000000171','T000001971'),('A000000172','T000000172'),('A000000172','T000000372'),('A000000172','T000000572'),('A000000172','T000000772'),('A000000172','T000000972'),('A000000172','T000001172'),('A000000172','T000001372'),('A000000172','T000001572'),('A000000172','T000001772'),('A000000172','T000001972'),('A000000173','T000000173'),('A000000173','T000000373'),('A000000173','T000000573'),('A000000173','T000000773'),('A000000173','T000000973'),('A000000173','T000001173'),('A000000173','T000001373'),('A000000173','T000001573'),('A000000173','T000001773'),('A000000173','T000001973'),('A000000174','T000000174'),('A000000174','T000000374'),('A000000174','T000000574'),('A000000174','T000000774'),('A000000174','T000000974'),('A000000174','T000001174'),('A000000174','T000001374'),('A000000174','T000001574'),('A000000174','T000001774'),('A000000174','T000001974'),('A000000175','T000000175'),('A000000175','T000000375'),('A000000175','T000000575'),('A000000175','T000000775'),('A000000175','T000000975'),('A000000175','T000001175'),('A000000175','T000001375'),('A000000175','T000001575'),('A000000175','T000001775'),('A000000175','T000001975'),('A000000176','T000000176'),('A000000176','T000000376'),('A000000176','T000000576'),('A000000176','T000000776'),('A000000176','T000000976'),('A000000176','T000001176'),('A000000176','T000001376'),('A000000176','T000001576'),('A000000176','T000001776'),('A000000176','T000001976'),('A000000177','T000000177'),('A000000177','T000000377'),('A000000177','T000000577'),('A000000177','T000000777'),('A000000177','T000000977'),('A000000177','T000001177'),('A000000177','T000001377'),('A000000177','T000001577'),('A000000177','T000001777'),('A000000177','T000001977'),('A000000178','T000000178'),('A000000178','T000000378'),('A000000178','T000000578'),('A000000178','T000000778'),('A000000178','T000000978'),('A000000178','T000001178'),('A000000178','T000001378'),('A000000178','T000001578'),('A000000178','T000001778'),('A000000178','T000001978'),('A000000179','T000000179'),('A000000179','T000000379'),('A000000179','T000000579'),('A000000179','T000000779'),('A000000179','T000000979'),('A000000179','T000001179'),('A000000179','T000001379'),('A000000179','T000001579'),('A000000179','T000001779'),('A000000179','T000001979'),('A00000018','T000000018'),('A00000018','T000000218'),('A00000018','T000000418'),('A00000018','T000000618'),('A00000018','T000000818'),('A00000018','T000001018'),('A00000018','T000001218'),('A00000018','T000001418'),('A00000018','T000001618'),('A00000018','T000001818'),('A000000180','T000000180'),('A000000180','T000000380'),('A000000180','T000000580'),('A000000180','T000000780'),('A000000180','T000000980'),('A000000180','T000001180'),('A000000180','T000001380'),('A000000180','T000001580'),('A000000180','T000001780'),('A000000180','T000001980'),('A000000181','T000000181'),('A000000181','T000000381'),('A000000181','T000000581'),('A000000181','T000000781'),('A000000181','T000000981'),('A000000181','T000001181'),('A000000181','T000001381'),('A000000181','T000001581'),('A000000181','T000001781'),('A000000181','T000001981'),('A000000182','T000000182'),('A000000182','T000000382'),('A000000182','T000000582'),('A000000182','T000000782'),('A000000182','T000000982'),('A000000182','T000001182'),('A000000182','T000001382'),('A000000182','T000001582'),('A000000182','T000001782'),('A000000182','T000001982'),('A000000183','T000000183'),('A000000183','T000000383'),('A000000183','T000000583'),('A000000183','T000000783'),('A000000183','T000000983'),('A000000183','T000001183'),('A000000183','T000001383'),('A000000183','T000001583'),('A000000183','T000001783'),('A000000183','T000001983'),('A000000184','T000000184'),('A000000184','T000000384'),('A000000184','T000000584'),('A000000184','T000000784'),('A000000184','T000000984'),('A000000184','T000001184'),('A000000184','T000001384'),('A000000184','T000001584'),('A000000184','T000001784'),('A000000184','T000001984'),('A000000185','T000000185'),('A000000185','T000000385'),('A000000185','T000000585'),('A000000185','T000000785'),('A000000185','T000000985'),('A000000185','T000001185'),('A000000185','T000001385'),('A000000185','T000001585'),('A000000185','T000001785'),('A000000185','T000001985'),('A000000186','T000000186'),('A000000186','T000000386'),('A000000186','T000000586'),('A000000186','T000000786'),('A000000186','T000000986'),('A000000186','T000001186'),('A000000186','T000001386'),('A000000186','T000001586'),('A000000186','T000001786'),('A000000186','T000001986'),('A000000187','T000000187'),('A000000187','T000000387'),('A000000187','T000000587'),('A000000187','T000000787'),('A000000187','T000000987'),('A000000187','T000001187'),('A000000187','T000001387'),('A000000187','T000001587'),('A000000187','T000001787'),('A000000187','T000001987'),('A000000188','T000000188'),('A000000188','T000000388'),('A000000188','T000000588'),('A000000188','T000000788'),('A000000188','T000000988'),('A000000188','T000001188'),('A000000188','T000001388'),('A000000188','T000001588'),('A000000188','T000001788'),('A000000188','T000001988'),('A000000189','T000000189'),('A000000189','T000000389'),('A000000189','T000000589'),('A000000189','T000000789'),('A000000189','T000000989'),('A000000189','T000001189'),('A000000189','T000001389'),('A000000189','T000001589'),('A000000189','T000001789'),('A000000189','T000001989'),('A00000019','T000000019'),('A00000019','T000000219'),('A00000019','T000000419'),('A00000019','T000000619'),('A00000019','T000000819'),('A00000019','T000001019'),('A00000019','T000001219'),('A00000019','T000001419'),('A00000019','T000001619'),('A00000019','T000001819'),('A000000190','T000000190'),('A000000190','T000000390'),('A000000190','T000000590'),('A000000190','T000000790'),('A000000190','T000000990'),('A000000190','T000001190'),('A000000190','T000001390'),('A000000190','T000001590'),('A000000190','T000001790'),('A000000190','T000001990'),('A000000191','T000000191'),('A000000191','T000000391'),('A000000191','T000000591'),('A000000191','T000000791'),('A000000191','T000000991'),('A000000191','T000001191'),('A000000191','T000001391'),('A000000191','T000001591'),('A000000191','T000001791'),('A000000191','T000001991'),('A000000192','T000000192'),('A000000192','T000000392'),('A000000192','T000000592'),('A000000192','T000000792'),('A000000192','T000000992'),('A000000192','T000001192'),('A000000192','T000001392'),('A000000192','T000001592'),('A000000192','T000001792'),('A000000192','T000001992'),('A000000193','T000000193'),('A000000193','T000000393'),('A000000193','T000000593'),('A000000193','T000000793'),('A000000193','T000000993'),('A000000193','T000001193'),('A000000193','T000001393'),('A000000193','T000001593'),('A000000193','T000001793'),('A000000193','T000001993'),('A000000194','T000000194'),('A000000194','T000000394'),('A000000194','T000000594'),('A000000194','T000000794'),('A000000194','T000000994'),('A000000194','T000001194'),('A000000194','T000001394'),('A000000194','T000001594'),('A000000194','T000001794'),('A000000194','T000001994'),('A000000195','T000000195'),('A000000195','T000000395'),('A000000195','T000000595'),('A000000195','T000000795'),('A000000195','T000000995'),('A000000195','T000001195'),('A000000195','T000001395'),('A000000195','T000001595'),('A000000195','T000001795'),('A000000195','T000001995'),('A000000196','T000000196'),('A000000196','T000000396'),('A000000196','T000000596'),('A000000196','T000000796'),('A000000196','T000000996'),('A000000196','T000001196'),('A000000196','T000001396'),('A000000196','T000001596'),('A000000196','T000001796'),('A000000196','T000001996'),('A000000197','T000000197'),('A000000197','T000000397'),('A000000197','T000000597'),('A000000197','T000000797'),('A000000197','T000000997'),('A000000197','T000001197'),('A000000197','T000001397'),('A000000197','T000001597'),('A000000197','T000001797'),('A000000197','T000001997'),('A000000198','T000000198'),('A000000198','T000000398'),('A000000198','T000000598'),('A000000198','T000000798'),('A000000198','T000000998'),('A000000198','T000001198'),('A000000198','T000001398'),('A000000198','T000001598'),('A000000198','T000001798'),('A000000198','T000001998'),('A000000199','T000000199'),('A000000199','T000000399'),('A000000199','T000000599'),('A000000199','T000000799'),('A000000199','T000000999'),('A000000199','T000001199'),('A000000199','T000001399'),('A000000199','T000001599'),('A000000199','T000001799'),('A000000199','T000001999'),('A0000002','T000000002'),('A0000002','T000000202'),('A0000002','T000000402'),('A0000002','T000000602'),('A0000002','T000000802'),('A0000002','T000001002'),('A0000002','T000001202'),('A0000002','T000001402'),('A0000002','T000001602'),('A0000002','T000001802'),('A00000020','T000000020'),('A00000020','T000000220'),('A00000020','T000000420'),('A00000020','T000000620'),('A00000020','T000000820'),('A00000020','T000001020'),('A00000020','T000001220'),('A00000020','T000001420'),('A00000020','T000001620'),('A00000020','T000001820'),('A000000200','T000000200'),('A000000200','T000000400'),('A000000200','T000000600'),('A000000200','T000000800'),('A000000200','T000001000'),('A000000200','T000001200'),('A000000200','T000001400'),('A000000200','T000001600'),('A000000200','T000001800'),('A000000200','T000002000'),('A00000021','T000000021'),('A00000021','T000000221'),('A00000021','T000000421'),('A00000021','T000000621'),('A00000021','T000000821'),('A00000021','T000001021'),('A00000021','T000001221'),('A00000021','T000001421'),('A00000021','T000001621'),('A00000021','T000001821'),('A00000022','T000000022'),('A00000022','T000000222'),('A00000022','T000000422'),('A00000022','T000000622'),('A00000022','T000000822'),('A00000022','T000001022'),('A00000022','T000001222'),('A00000022','T000001422'),('A00000022','T000001622'),('A00000022','T000001822'),('A00000023','T000000023'),('A00000023','T000000223'),('A00000023','T000000423'),('A00000023','T000000623'),('A00000023','T000000823'),('A00000023','T000001023'),('A00000023','T000001223'),('A00000023','T000001423'),('A00000023','T000001623'),('A00000023','T000001823'),('A00000024','T000000024'),('A00000024','T000000224'),('A00000024','T000000424'),('A00000024','T000000624'),('A00000024','T000000824'),('A00000024','T000001024'),('A00000024','T000001224'),('A00000024','T000001424'),('A00000024','T000001624'),('A00000024','T000001824'),('A00000025','T000000025'),('A00000025','T000000225'),('A00000025','T000000425'),('A00000025','T000000625'),('A00000025','T000000825'),('A00000025','T000001025'),('A00000025','T000001225'),('A00000025','T000001425'),('A00000025','T000001625'),('A00000025','T000001825'),('A00000026','T000000026'),('A00000026','T000000226'),('A00000026','T000000426'),('A00000026','T000000626'),('A00000026','T000000826'),('A00000026','T000001026'),('A00000026','T000001226'),('A00000026','T000001426'),('A00000026','T000001626'),('A00000026','T000001826'),('A00000027','T000000027'),('A00000027','T000000227'),('A00000027','T000000427'),('A00000027','T000000627'),('A00000027','T000000827'),('A00000027','T000001027'),('A00000027','T000001227'),('A00000027','T000001427'),('A00000027','T000001627'),('A00000027','T000001827'),('A00000028','T000000028'),('A00000028','T000000228'),('A00000028','T000000428'),('A00000028','T000000628'),('A00000028','T000000828'),('A00000028','T000001028'),('A00000028','T000001228'),('A00000028','T000001428'),('A00000028','T000001628'),('A00000028','T000001828'),('A00000029','T000000029'),('A00000029','T000000229'),('A00000029','T000000429'),('A00000029','T000000629'),('A00000029','T000000829'),('A00000029','T000001029'),('A00000029','T000001229'),('A00000029','T000001429'),('A00000029','T000001629'),('A00000029','T000001829'),('A0000003','T000000003'),('A0000003','T000000203'),('A0000003','T000000403'),('A0000003','T000000603'),('A0000003','T000000803'),('A0000003','T000001003'),('A0000003','T000001203'),('A0000003','T000001403'),('A0000003','T000001603'),('A0000003','T000001803'),('A00000030','T000000030'),('A00000030','T000000230'),('A00000030','T000000430'),('A00000030','T000000630'),('A00000030','T000000830'),('A00000030','T000001030'),('A00000030','T000001230'),('A00000030','T000001430'),('A00000030','T000001630'),('A00000030','T000001830'),('A00000031','T000000031'),('A00000031','T000000231'),('A00000031','T000000431'),('A00000031','T000000631'),('A00000031','T000000831'),('A00000031','T000001031'),('A00000031','T000001231'),('A00000031','T000001431'),('A00000031','T000001631'),('A00000031','T000001831'),('A00000032','T000000032'),('A00000032','T000000232'),('A00000032','T000000432'),('A00000032','T000000632'),('A00000032','T000000832'),('A00000032','T000001032'),('A00000032','T000001232'),('A00000032','T000001432'),('A00000032','T000001632'),('A00000032','T000001832'),('A00000033','T000000033'),('A00000033','T000000233'),('A00000033','T000000433'),('A00000033','T000000633'),('A00000033','T000000833'),('A00000033','T000001033'),('A00000033','T000001233'),('A00000033','T000001433'),('A00000033','T000001633'),('A00000033','T000001833'),('A00000034','T000000034'),('A00000034','T000000234'),('A00000034','T000000434'),('A00000034','T000000634'),('A00000034','T000000834'),('A00000034','T000001034'),('A00000034','T000001234'),('A00000034','T000001434'),('A00000034','T000001634'),('A00000034','T000001834'),('A00000035','T000000035'),('A00000035','T000000235'),('A00000035','T000000435'),('A00000035','T000000635'),('A00000035','T000000835'),('A00000035','T000001035'),('A00000035','T000001235'),('A00000035','T000001435'),('A00000035','T000001635'),('A00000035','T000001835'),('A00000036','T000000036'),('A00000036','T000000236'),('A00000036','T000000436'),('A00000036','T000000636'),('A00000036','T000000836'),('A00000036','T000001036'),('A00000036','T000001236'),('A00000036','T000001436'),('A00000036','T000001636'),('A00000036','T000001836'),('A00000037','T000000037'),('A00000037','T000000237'),('A00000037','T000000437'),('A00000037','T000000637'),('A00000037','T000000837'),('A00000037','T000001037'),('A00000037','T000001237'),('A00000037','T000001437'),('A00000037','T000001637'),('A00000037','T000001837'),('A00000038','T000000038'),('A00000038','T000000238'),('A00000038','T000000438'),('A00000038','T000000638'),('A00000038','T000000838'),('A00000038','T000001038'),('A00000038','T000001238'),('A00000038','T000001438'),('A00000038','T000001638'),('A00000038','T000001838'),('A00000039','T000000039'),('A00000039','T000000239'),('A00000039','T000000439'),('A00000039','T000000639'),('A00000039','T000000839'),('A00000039','T000001039'),('A00000039','T000001239'),('A00000039','T000001439'),('A00000039','T000001639'),('A00000039','T000001839'),('A0000004','T000000004'),('A0000004','T000000204'),('A0000004','T000000404'),('A0000004','T000000604'),('A0000004','T000000804'),('A0000004','T000001004'),('A0000004','T000001204'),('A0000004','T000001404'),('A0000004','T000001604'),('A0000004','T000001804'),('A00000040','T000000040'),('A00000040','T000000240'),('A00000040','T000000440'),('A00000040','T000000640'),('A00000040','T000000840'),('A00000040','T000001040'),('A00000040','T000001240'),('A00000040','T000001440'),('A00000040','T000001640'),('A00000040','T000001840'),('A00000041','T000000041'),('A00000041','T000000241'),('A00000041','T000000441'),('A00000041','T000000641'),('A00000041','T000000841'),('A00000041','T000001041'),('A00000041','T000001241'),('A00000041','T000001441'),('A00000041','T000001641'),('A00000041','T000001841'),('A00000042','T000000042'),('A00000042','T000000242'),('A00000042','T000000442'),('A00000042','T000000642'),('A00000042','T000000842'),('A00000042','T000001042'),('A00000042','T000001242'),('A00000042','T000001442'),('A00000042','T000001642'),('A00000042','T000001842'),('A00000043','T000000043'),('A00000043','T000000243'),('A00000043','T000000443'),('A00000043','T000000643'),('A00000043','T000000843'),('A00000043','T000001043'),('A00000043','T000001243'),('A00000043','T000001443'),('A00000043','T000001643'),('A00000043','T000001843'),('A00000044','T000000044'),('A00000044','T000000244'),('A00000044','T000000444'),('A00000044','T000000644'),('A00000044','T000000844'),('A00000044','T000001044'),('A00000044','T000001244'),('A00000044','T000001444'),('A00000044','T000001644'),('A00000044','T000001844'),('A00000045','T000000045'),('A00000045','T000000245'),('A00000045','T000000445'),('A00000045','T000000645'),('A00000045','T000000845'),('A00000045','T000001045'),('A00000045','T000001245'),('A00000045','T000001445'),('A00000045','T000001645'),('A00000045','T000001845'),('A00000046','T000000046'),('A00000046','T000000246'),('A00000046','T000000446'),('A00000046','T000000646'),('A00000046','T000000846'),('A00000046','T000001046'),('A00000046','T000001246'),('A00000046','T000001446'),('A00000046','T000001646'),('A00000046','T000001846'),('A00000047','T000000047'),('A00000047','T000000247'),('A00000047','T000000447'),('A00000047','T000000647'),('A00000047','T000000847'),('A00000047','T000001047'),('A00000047','T000001247'),('A00000047','T000001447'),('A00000047','T000001647'),('A00000047','T000001847'),('A00000048','T000000048'),('A00000048','T000000248'),('A00000048','T000000448'),('A00000048','T000000648'),('A00000048','T000000848'),('A00000048','T000001048'),('A00000048','T000001248'),('A00000048','T000001448'),('A00000048','T000001648'),('A00000048','T000001848'),('A00000049','T000000049'),('A00000049','T000000249'),('A00000049','T000000449'),('A00000049','T000000649'),('A00000049','T000000849'),('A00000049','T000001049'),('A00000049','T000001249'),('A00000049','T000001449'),('A00000049','T000001649'),('A00000049','T000001849'),('A0000005','T000000005'),('A0000005','T000000205'),('A0000005','T000000405'),('A0000005','T000000605'),('A0000005','T000000805'),('A0000005','T000001005'),('A0000005','T000001205'),('A0000005','T000001405'),('A0000005','T000001605'),('A0000005','T000001805'),('A00000050','T000000050'),('A00000050','T000000250'),('A00000050','T000000450'),('A00000050','T000000650'),('A00000050','T000000850'),('A00000050','T000001050'),('A00000050','T000001250'),('A00000050','T000001450'),('A00000050','T000001650'),('A00000050','T000001850'),('A00000051','T000000051'),('A00000051','T000000251'),('A00000051','T000000451'),('A00000051','T000000651'),('A00000051','T000000851'),('A00000051','T000001051'),('A00000051','T000001251'),('A00000051','T000001451'),('A00000051','T000001651'),('A00000051','T000001851'),('A00000052','T000000052'),('A00000052','T000000252'),('A00000052','T000000452'),('A00000052','T000000652'),('A00000052','T000000852'),('A00000052','T000001052'),('A00000052','T000001252'),('A00000052','T000001452'),('A00000052','T000001652'),('A00000052','T000001852'),('A00000053','T000000053'),('A00000053','T000000253'),('A00000053','T000000453'),('A00000053','T000000653'),('A00000053','T000000853'),('A00000053','T000001053'),('A00000053','T000001253'),('A00000053','T000001453'),('A00000053','T000001653'),('A00000053','T000001853'),('A00000054','T000000054'),('A00000054','T000000254'),('A00000054','T000000454'),('A00000054','T000000654'),('A00000054','T000000854'),('A00000054','T000001054'),('A00000054','T000001254'),('A00000054','T000001454'),('A00000054','T000001654'),('A00000054','T000001854'),('A00000055','T000000055'),('A00000055','T000000255'),('A00000055','T000000455'),('A00000055','T000000655'),('A00000055','T000000855'),('A00000055','T000001055'),('A00000055','T000001255'),('A00000055','T000001455'),('A00000055','T000001655'),('A00000055','T000001855'),('A00000056','T000000056'),('A00000056','T000000256'),('A00000056','T000000456'),('A00000056','T000000656'),('A00000056','T000000856'),('A00000056','T000001056'),('A00000056','T000001256'),('A00000056','T000001456'),('A00000056','T000001656'),('A00000056','T000001856'),('A00000057','T000000057'),('A00000057','T000000257'),('A00000057','T000000457'),('A00000057','T000000657'),('A00000057','T000000857'),('A00000057','T000001057'),('A00000057','T000001257'),('A00000057','T000001457'),('A00000057','T000001657'),('A00000057','T000001857'),('A00000058','T000000058'),('A00000058','T000000258'),('A00000058','T000000458'),('A00000058','T000000658'),('A00000058','T000000858'),('A00000058','T000001058'),('A00000058','T000001258'),('A00000058','T000001458'),('A00000058','T000001658'),('A00000058','T000001858'),('A00000059','T000000059'),('A00000059','T000000259'),('A00000059','T000000459'),('A00000059','T000000659'),('A00000059','T000000859'),('A00000059','T000001059'),('A00000059','T000001259'),('A00000059','T000001459'),('A00000059','T000001659'),('A00000059','T000001859'),('A0000006','T000000006'),('A0000006','T000000206'),('A0000006','T000000406'),('A0000006','T000000606'),('A0000006','T000000806'),('A0000006','T000001006'),('A0000006','T000001206'),('A0000006','T000001406'),('A0000006','T000001606'),('A0000006','T000001806'),('A00000060','T000000060'),('A00000060','T000000260'),('A00000060','T000000460'),('A00000060','T000000660'),('A00000060','T000000860'),('A00000060','T000001060'),('A00000060','T000001260'),('A00000060','T000001460'),('A00000060','T000001660'),('A00000060','T000001860'),('A00000061','T000000061'),('A00000061','T000000261'),('A00000061','T000000461'),('A00000061','T000000661'),('A00000061','T000000861'),('A00000061','T000001061'),('A00000061','T000001261'),('A00000061','T000001461'),('A00000061','T000001661'),('A00000061','T000001861'),('A00000062','T000000062'),('A00000062','T000000262'),('A00000062','T000000462'),('A00000062','T000000662'),('A00000062','T000000862'),('A00000062','T000001062'),('A00000062','T000001262'),('A00000062','T000001462'),('A00000062','T000001662'),('A00000062','T000001862'),('A00000063','T000000063'),('A00000063','T000000263'),('A00000063','T000000463'),('A00000063','T000000663'),('A00000063','T000000863'),('A00000063','T000001063'),('A00000063','T000001263'),('A00000063','T000001463'),('A00000063','T000001663'),('A00000063','T000001863'),('A00000064','T000000064'),('A00000064','T000000264'),('A00000064','T000000464'),('A00000064','T000000664'),('A00000064','T000000864'),('A00000064','T000001064'),('A00000064','T000001264'),('A00000064','T000001464'),('A00000064','T000001664'),('A00000064','T000001864'),('A00000065','T000000065'),('A00000065','T000000265'),('A00000065','T000000465'),('A00000065','T000000665'),('A00000065','T000000865'),('A00000065','T000001065'),('A00000065','T000001265'),('A00000065','T000001465'),('A00000065','T000001665'),('A00000065','T000001865'),('A00000066','T000000066'),('A00000066','T000000266'),('A00000066','T000000466'),('A00000066','T000000666'),('A00000066','T000000866'),('A00000066','T000001066'),('A00000066','T000001266'),('A00000066','T000001466'),('A00000066','T000001666'),('A00000066','T000001866'),('A00000067','T000000067'),('A00000067','T000000267'),('A00000067','T000000467'),('A00000067','T000000667'),('A00000067','T000000867'),('A00000067','T000001067'),('A00000067','T000001267'),('A00000067','T000001467'),('A00000067','T000001667'),('A00000067','T000001867'),('A00000068','T000000068'),('A00000068','T000000268'),('A00000068','T000000468'),('A00000068','T000000668'),('A00000068','T000000868'),('A00000068','T000001068'),('A00000068','T000001268'),('A00000068','T000001468'),('A00000068','T000001668'),('A00000068','T000001868'),('A00000069','T000000069'),('A00000069','T000000269'),('A00000069','T000000469'),('A00000069','T000000669'),('A00000069','T000000869'),('A00000069','T000001069'),('A00000069','T000001269'),('A00000069','T000001469'),('A00000069','T000001669'),('A00000069','T000001869'),('A0000007','T000000007'),('A0000007','T000000207'),('A0000007','T000000407'),('A0000007','T000000607'),('A0000007','T000000807'),('A0000007','T000001007'),('A0000007','T000001207'),('A0000007','T000001407'),('A0000007','T000001607'),('A0000007','T000001807'),('A00000070','T000000070'),('A00000070','T000000270'),('A00000070','T000000470'),('A00000070','T000000670'),('A00000070','T000000870'),('A00000070','T000001070'),('A00000070','T000001270'),('A00000070','T000001470'),('A00000070','T000001670'),('A00000070','T000001870'),('A00000071','T000000071'),('A00000071','T000000271'),('A00000071','T000000471'),('A00000071','T000000671'),('A00000071','T000000871'),('A00000071','T000001071'),('A00000071','T000001271'),('A00000071','T000001471'),('A00000071','T000001671'),('A00000071','T000001871'),('A00000072','T000000072'),('A00000072','T000000272'),('A00000072','T000000472'),('A00000072','T000000672'),('A00000072','T000000872'),('A00000072','T000001072'),('A00000072','T000001272'),('A00000072','T000001472'),('A00000072','T000001672'),('A00000072','T000001872'),('A00000073','T000000073'),('A00000073','T000000273'),('A00000073','T000000473'),('A00000073','T000000673'),('A00000073','T000000873'),('A00000073','T000001073'),('A00000073','T000001273'),('A00000073','T000001473'),('A00000073','T000001673'),('A00000073','T000001873'),('A00000074','T000000074'),('A00000074','T000000274'),('A00000074','T000000474'),('A00000074','T000000674'),('A00000074','T000000874'),('A00000074','T000001074'),('A00000074','T000001274'),('A00000074','T000001474'),('A00000074','T000001674'),('A00000074','T000001874'),('A00000075','T000000075'),('A00000075','T000000275'),('A00000075','T000000475'),('A00000075','T000000675'),('A00000075','T000000875'),('A00000075','T000001075'),('A00000075','T000001275'),('A00000075','T000001475'),('A00000075','T000001675'),('A00000075','T000001875'),('A00000076','T000000076'),('A00000076','T000000276'),('A00000076','T000000476'),('A00000076','T000000676'),('A00000076','T000000876'),('A00000076','T000001076'),('A00000076','T000001276'),('A00000076','T000001476'),('A00000076','T000001676'),('A00000076','T000001876'),('A00000077','T000000077'),('A00000077','T000000277'),('A00000077','T000000477'),('A00000077','T000000677'),('A00000077','T000000877'),('A00000077','T000001077'),('A00000077','T000001277'),('A00000077','T000001477'),('A00000077','T000001677'),('A00000077','T000001877'),('A00000078','T000000078'),('A00000078','T000000278'),('A00000078','T000000478'),('A00000078','T000000678'),('A00000078','T000000878'),('A00000078','T000001078'),('A00000078','T000001278'),('A00000078','T000001478'),('A00000078','T000001678'),('A00000078','T000001878'),('A00000079','T000000079'),('A00000079','T000000279'),('A00000079','T000000479'),('A00000079','T000000679'),('A00000079','T000000879'),('A00000079','T000001079'),('A00000079','T000001279'),('A00000079','T000001479'),('A00000079','T000001679'),('A00000079','T000001879'),('A0000008','T000000008'),('A0000008','T000000208'),('A0000008','T000000408'),('A0000008','T000000608'),('A0000008','T000000808'),('A0000008','T000001008'),('A0000008','T000001208'),('A0000008','T000001408'),('A0000008','T000001608'),('A0000008','T000001808'),('A00000080','T000000080'),('A00000080','T000000280'),('A00000080','T000000480'),('A00000080','T000000680'),('A00000080','T000000880'),('A00000080','T000001080'),('A00000080','T000001280'),('A00000080','T000001480'),('A00000080','T000001680'),('A00000080','T000001880'),('A00000081','T000000081'),('A00000081','T000000281'),('A00000081','T000000481'),('A00000081','T000000681'),('A00000081','T000000881'),('A00000081','T000001081'),('A00000081','T000001281'),('A00000081','T000001481'),('A00000081','T000001681'),('A00000081','T000001881'),('A00000082','T000000082'),('A00000082','T000000282'),('A00000082','T000000482'),('A00000082','T000000682'),('A00000082','T000000882'),('A00000082','T000001082'),('A00000082','T000001282'),('A00000082','T000001482'),('A00000082','T000001682'),('A00000082','T000001882'),('A00000083','T000000083'),('A00000083','T000000283'),('A00000083','T000000483'),('A00000083','T000000683'),('A00000083','T000000883'),('A00000083','T000001083'),('A00000083','T000001283'),('A00000083','T000001483'),('A00000083','T000001683'),('A00000083','T000001883'),('A00000084','T000000084'),('A00000084','T000000284'),('A00000084','T000000484'),('A00000084','T000000684'),('A00000084','T000000884'),('A00000084','T000001084'),('A00000084','T000001284'),('A00000084','T000001484'),('A00000084','T000001684'),('A00000084','T000001884'),('A00000085','T000000085'),('A00000085','T000000285'),('A00000085','T000000485'),('A00000085','T000000685'),('A00000085','T000000885'),('A00000085','T000001085'),('A00000085','T000001285'),('A00000085','T000001485'),('A00000085','T000001685'),('A00000085','T000001885'),('A00000086','T000000086'),('A00000086','T000000286'),('A00000086','T000000486'),('A00000086','T000000686'),('A00000086','T000000886'),('A00000086','T000001086'),('A00000086','T000001286'),('A00000086','T000001486'),('A00000086','T000001686'),('A00000086','T000001886'),('A00000087','T000000087'),('A00000087','T000000287'),('A00000087','T000000487'),('A00000087','T000000687'),('A00000087','T000000887'),('A00000087','T000001087'),('A00000087','T000001287'),('A00000087','T000001487'),('A00000087','T000001687'),('A00000087','T000001887'),('A00000088','T000000088'),('A00000088','T000000288'),('A00000088','T000000488'),('A00000088','T000000688'),('A00000088','T000000888'),('A00000088','T000001088'),('A00000088','T000001288'),('A00000088','T000001488'),('A00000088','T000001688'),('A00000088','T000001888'),('A00000089','T000000089'),('A00000089','T000000289'),('A00000089','T000000489'),('A00000089','T000000689'),('A00000089','T000000889'),('A00000089','T000001089'),('A00000089','T000001289'),('A00000089','T000001489'),('A00000089','T000001689'),('A00000089','T000001889'),('A0000009','T000000009'),('A0000009','T000000209'),('A0000009','T000000409'),('A0000009','T000000609'),('A0000009','T000000809'),('A0000009','T000001009'),('A0000009','T000001209'),('A0000009','T000001409'),('A0000009','T000001609'),('A0000009','T000001809'),('A00000090','T000000090'),('A00000090','T000000290'),('A00000090','T000000490'),('A00000090','T000000690'),('A00000090','T000000890'),('A00000090','T000001090'),('A00000090','T000001290'),('A00000090','T000001490'),('A00000090','T000001690'),('A00000090','T000001890'),('A00000091','T000000091'),('A00000091','T000000291'),('A00000091','T000000491'),('A00000091','T000000691'),('A00000091','T000000891'),('A00000091','T000001091'),('A00000091','T000001291'),('A00000091','T000001491'),('A00000091','T000001691'),('A00000091','T000001891'),('A00000092','T000000092'),('A00000092','T000000292'),('A00000092','T000000492'),('A00000092','T000000692'),('A00000092','T000000892'),('A00000092','T000001092'),('A00000092','T000001292'),('A00000092','T000001492'),('A00000092','T000001692'),('A00000092','T000001892'),('A00000093','T000000093'),('A00000093','T000000293'),('A00000093','T000000493'),('A00000093','T000000693'),('A00000093','T000000893'),('A00000093','T000001093'),('A00000093','T000001293'),('A00000093','T000001493'),('A00000093','T000001693'),('A00000093','T000001893'),('A00000094','T000000094'),('A00000094','T000000294'),('A00000094','T000000494'),('A00000094','T000000694'),('A00000094','T000000894'),('A00000094','T000001094'),('A00000094','T000001294'),('A00000094','T000001494'),('A00000094','T000001694'),('A00000094','T000001894'),('A00000095','T000000095'),('A00000095','T000000295'),('A00000095','T000000495'),('A00000095','T000000695'),('A00000095','T000000895'),('A00000095','T000001095'),('A00000095','T000001295'),('A00000095','T000001495'),('A00000095','T000001695'),('A00000095','T000001895'),('A00000096','T000000096'),('A00000096','T000000296'),('A00000096','T000000496'),('A00000096','T000000696'),('A00000096','T000000896'),('A00000096','T000001096'),('A00000096','T000001296'),('A00000096','T000001496'),('A00000096','T000001696'),('A00000096','T000001896'),('A00000097','T000000097'),('A00000097','T000000297'),('A00000097','T000000497'),('A00000097','T000000697'),('A00000097','T000000897'),('A00000097','T000001097'),('A00000097','T000001297'),('A00000097','T000001497'),('A00000097','T000001697'),('A00000097','T000001897'),('A00000098','T000000098'),('A00000098','T000000298'),('A00000098','T000000498'),('A00000098','T000000698'),('A00000098','T000000898'),('A00000098','T000001098'),('A00000098','T000001298'),('A00000098','T000001498'),('A00000098','T000001698'),('A00000098','T000001898'),('A00000099','T000000099'),('A00000099','T000000299'),('A00000099','T000000499'),('A00000099','T000000699'),('A00000099','T000000899'),('A00000099','T000001099'),('A00000099','T000001299'),('A00000099','T000001499'),('A00000099','T000001699'),('A00000099','T000001899');
/*!40000 ALTER TABLE `administrador_has_trabajador` ENABLE KEYS */;
UNLOCK TABLES;

--
-- Table structure for table `grupos`
--

DROP TABLE IF EXISTS `grupos`;
/*!40101 SET @saved_cs_client     = @@character_set_client */;
/*!40101 SET character_set_client = utf8 */;
CREATE TABLE `grupos` (
  `id_grupos` varchar(10) NOT NULL,
  `zona` varchar(30) NOT NULL,
  PRIMARY KEY (`id_grupos`)
) ENGINE=InnoDB DEFAULT CHARSET=utf8;
/*!40101 SET character_set_client = @saved_cs_client */;

--
-- Dumping data for table `grupos`
--

LOCK TABLES `grupos` WRITE;
/*!40000 ALTER TABLE `grupos` DISABLE KEYS */;
INSERT INTO `grupos` VALUES ('Z00000001','Zona decapado'),('Z000000010','Data Center'),('Z000000011','Zona decapado'),('Z000000012','Patios'),('Z000000013','Hornos'),('Z000000014','Oficina'),('Z000000015','Data Center'),('Z000000016','Zona decapado'),('Z000000017','Patios'),('Z000000018','Hornos'),('Z000000019','Oficina'),('Z00000002','Patios'),('Z000000020','Data Center'),('Z000000021','Zona decapado'),('Z000000022','Patios'),('Z000000023','Hornos'),('Z000000024','Oficina'),('Z000000025','Data Center'),('Z000000026','Zona decapado'),('Z000000027','Patios'),('Z000000028','Hornos'),('Z000000029','Oficina'),('Z00000003','Hornos'),('Z000000030','Data Center'),('Z000000031','Zona decapado'),('Z000000032','Patios'),('Z000000033','Hornos'),('Z000000034','Oficina'),('Z000000035','Data Center'),('Z000000036','Zona decapado'),('Z000000037','Patios'),('Z000000038','Hornos'),('Z000000039','Oficina'),('Z00000004','Oficina'),('Z000000040','Data Center'),('Z000000041','Zona decapado'),('Z000000042','Patios'),('Z000000043','Hornos'),('Z000000044','Oficina'),('Z000000045','Data Center'),('Z000000046','Zona decapado'),('Z000000047','Patios'),('Z000000048','Hornos'),('Z000000049','Oficina'),('Z00000005','Data Center'),('Z000000050','Data Center'),('Z00000006','Zona decapado'),('Z00000007','Patios'),('Z00000008','Hornos'),('Z00000009','Oficina');
/*!40000 ALTER TABLE `grupos` ENABLE KEYS */;
UNLOCK TABLES;

--
-- Table structure for table `grupos_has_administrador`
--

DROP TABLE IF EXISTS `grupos_has_administrador`;
/*!40101 SET @saved_cs_client     = @@character_set_client */;
/*!40101 SET character_set_client = utf8 */;
CREATE TABLE `grupos_has_administrador` (
  `Grupos_id_grupos` varchar(10) NOT NULL,
  `Administrador_nomina_administrado` varchar(10) NOT NULL,
  `Administrador_SuperUsuario_usuario` varchar(20) NOT NULL,
  PRIMARY KEY (`Grupos_id_grupos`,`Administrador_nomina_administrado`,`Administrador_SuperUsuario_usuario`),
  KEY `Administrador_nomina_administrado` (`Administrador_nomina_administrado`,`Administrador_SuperUsuario_usuario`),
  CONSTRAINT `grupos_has_administrador_ibfk_1` FOREIGN KEY (`Grupos_id_grupos`) REFERENCES `grupos` (`id_grupos`),
  CONSTRAINT `grupos_has_administrador_ibfk_2` FOREIGN KEY (`Administrador_nomina_administrado`, `Administrador_SuperUsuario_usuario`) REFERENCES `administrador` (`nomina_administrador`, `SuperUsuario_usuario`)
) ENGINE=InnoDB DEFAULT CHARSET=utf8;
/*!40101 SET character_set_client = @saved_cs_client */;

--
-- Dumping data for table `grupos_has_administrador`
--

LOCK TABLES `grupos_has_administrador` WRITE;
/*!40000 ALTER TABLE `grupos_has_administrador` DISABLE KEYS */;
INSERT INTO `grupos_has_administrador` VALUES ('Z00000001','A0000001','usuario1'),('Z000000010','A00000010','usuario1'),('Z000000011','A00000011','usuario2'),('Z000000012','A00000012','usuario3'),('Z000000013','A00000013','usuario1'),('Z000000014','A00000014','usuario2'),('Z000000015','A00000015','usuario3'),('Z000000016','A00000016','usuario1'),('Z000000017','A00000017','usuario2'),('Z000000018','A00000018','usuario3'),('Z000000019','A00000019','usuario1'),('Z00000002','A0000002','usuario2'),('Z000000020','A00000020','usuario2'),('Z000000021','A00000021','usuario3'),('Z000000022','A00000022','usuario1'),('Z000000023','A00000023','usuario2'),('Z000000024','A00000024','usuario3'),('Z000000025','A00000025','usuario1'),('Z000000026','A00000026','usuario2'),('Z000000027','A00000027','usuario3'),('Z000000028','A00000028','usuario1'),('Z000000029','A00000029','usuario2'),('Z00000003','A0000003','usuario3'),('Z000000030','A00000030','usuario3'),('Z000000031','A00000031','usuario1'),('Z000000032','A00000032','usuario2'),('Z000000033','A00000033','usuario3'),('Z000000034','A00000034','usuario1'),('Z000000035','A00000035','usuario2'),('Z000000036','A00000036','usuario3'),('Z000000037','A00000037','usuario1'),('Z000000038','A00000038','usuario2'),('Z000000039','A00000039','usuario3'),('Z00000004','A0000004','usuario1'),('Z000000040','A00000040','usuario1'),('Z000000041','A00000041','usuario2'),('Z000000042','A00000042','usuario3'),('Z000000043','A00000043','usuario1'),('Z000000044','A00000044','usuario2'),('Z000000045','A00000045','usuario3'),('Z000000046','A00000046','usuario1'),('Z000000047','A00000047','usuario2'),('Z000000048','A00000048','usuario3'),('Z000000049','A00000049','usuario1'),('Z00000005','A0000005','usuario2'),('Z000000050','A00000050','usuario2'),('Z00000006','A0000006','usuario3'),('Z00000007','A0000007','usuario1'),('Z00000008','A0000008','usuario2'),('Z00000009','A0000009','usuario3');
/*!40000 ALTER TABLE `grupos_has_administrador` ENABLE KEYS */;
UNLOCK TABLES;

--
-- Table structure for table `historialmac`
--

DROP TABLE IF EXISTS `historialmac`;
/*!40101 SET @saved_cs_client     = @@character_set_client */;
/*!40101 SET character_set_client = utf8 */;
CREATE TABLE `historialmac` (
  `mac` varchar(17) NOT NULL,
  `fechaInicio` date NOT NULL,
  `fechaFin` date DEFAULT NULL,
  `Supervisa_nomina_supervisor` varchar(10) NOT NULL,
  `Trabajador_nomina_trabajador` varchar(10) NOT NULL,
  PRIMARY KEY (`mac`,`Supervisa_nomina_supervisor`,`Trabajador_nomina_trabajador`),
  KEY `Supervisa_nomina_supervisor` (`Supervisa_nomina_supervisor`),
  KEY `Trabajador_nomina_trabajador` (`Trabajador_nomina_trabajador`),
  CONSTRAINT `historialmac_ibfk_1` FOREIGN KEY (`Supervisa_nomina_supervisor`) REFERENCES `supervisor` (`nomina_supervisor`),
  CONSTRAINT `historialmac_ibfk_2` FOREIGN KEY (`Trabajador_nomina_trabajador`) REFERENCES `trabajador` (`nomina_trabajador`)
) ENGINE=InnoDB DEFAULT CHARSET=utf8;
/*!40101 SET character_set_client = @saved_cs_client */;

--
-- Dumping data for table `historialmac`
--

LOCK TABLES `historialmac` WRITE;
/*!40000 ALTER TABLE `historialmac` DISABLE KEYS */;
INSERT INTO `historialmac` VALUES ('M000000002','0000-00-00','0000-00-00','S00000001','T000000002'),('M000000003','0000-00-00','0000-00-00','S00000002','T000000003'),('M000000004','0000-00-00','0000-00-00','S00000003','T000000004'),('M000000005','0000-00-00','0000-00-00','S00000004','T000000005'),('M000000006','0000-00-00','0000-00-00','S00000005','T000000006'),('M000000007','0000-00-00','0000-00-00','S00000006','T000000007'),('M000000008','0000-00-00','0000-00-00','S00000007','T000000008'),('M000000009','0000-00-00','0000-00-00','S00000008','T000000009'),('M000000010','0000-00-00','0000-00-00','S00000009','T000000010'),('M000000011','0000-00-00','0000-00-00','S000000010','T000000011'),('M000000012','0000-00-00','0000-00-00','S000000011','T000000012'),('M000000013','0000-00-00','0000-00-00','S000000012','T000000013'),('M000000014','0000-00-00','0000-00-00','S000000013','T000000014'),('M000000015','0000-00-00','0000-00-00','S000000014','T000000015'),('M000000016','0000-00-00','0000-00-00','S000000015','T000000016'),('M000000017','0000-00-00','0000-00-00','S000000016','T000000017'),('M000000018','0000-00-00','0000-00-00','S000000017','T000000018'),('M000000019','0000-00-00','0000-00-00','S000000018','T000000019'),('M000000020','0000-00-00','0000-00-00','S000000019','T000000020'),('M000000021','0000-00-00','0000-00-00','S000000020','T000000021'),('M000000022','0000-00-00','0000-00-00','S000000021','T000000022'),('M000000023','0000-00-00','0000-00-00','S000000022','T000000023'),('M000000024','0000-00-00','0000-00-00','S000000023','T000000024'),('M000000025','0000-00-00','0000-00-00','S000000024','T000000025'),('M000000026','0000-00-00','0000-00-00','S000000025','T000000026'),('M000000027','0000-00-00','0000-00-00','S000000026','T000000027'),('M000000028','0000-00-00','0000-00-00','S000000027','T000000028'),('M000000029','0000-00-00','0000-00-00','S000000028','T000000029'),('M000000030','0000-00-00','0000-00-00','S000000029','T000000030'),('M000000031','0000-00-00','0000-00-00','S000000030','T000000031'),('M000000032','0000-00-00','0000-00-00','S000000031','T000000032'),('M000000033','0000-00-00','0000-00-00','S000000032','T000000033'),('M000000034','0000-00-00','0000-00-00','S000000033','T000000034'),('M000000035','0000-00-00','0000-00-00','S000000034','T000000035'),('M000000036','0000-00-00','0000-00-00','S000000035','T000000036'),('M000000037','0000-00-00','0000-00-00','S000000036','T000000037'),('M000000038','0000-00-00','0000-00-00','S000000037','T000000038'),('M000000039','0000-00-00','0000-00-00','S000000038','T000000039'),('M000000040','0000-00-00','0000-00-00','S000000039','T000000040'),('M000000041','0000-00-00','0000-00-00','S000000040','T000000041'),('M000000042','0000-00-00','0000-00-00','S000000041','T000000042'),('M000000043','0000-00-00','0000-00-00','S000000042','T000000043'),('M000000044','0000-00-00','0000-00-00','S000000043','T000000044'),('M000000045','0000-00-00','0000-00-00','S000000044','T000000045'),('M000000046','0000-00-00','0000-00-00','S000000045','T000000046'),('M000000047','0000-00-00','0000-00-00','S000000046','T000000047'),('M000000048','0000-00-00','0000-00-00','S000000047','T000000048'),('M000000049','0000-00-00','0000-00-00','S000000048','T000000049'),('M000000050','0000-00-00','0000-00-00','S000000049','T000000050'),('M000000051','0000-00-00','0000-00-00','S000000050','T000000051'),('M000000052','0000-00-00','0000-00-00','S000000051','T000000052'),('M000000053','0000-00-00','0000-00-00','S000000052','T000000053'),('M000000054','0000-00-00','0000-00-00','S000000053','T000000054'),('M000000055','0000-00-00','0000-00-00','S000000054','T000000055'),('M000000056','0000-00-00','0000-00-00','S000000055','T000000056'),('M000000057','0000-00-00','0000-00-00','S000000056','T000000057'),('M000000058','0000-00-00','0000-00-00','S000000057','T000000058'),('M000000059','0000-00-00','0000-00-00','S000000058','T000000059'),('M000000060','0000-00-00','0000-00-00','S000000059','T000000060'),('M000000061','0000-00-00','0000-00-00','S000000060','T000000061'),('M000000062','0000-00-00','0000-00-00','S000000061','T000000062'),('M000000063','0000-00-00','0000-00-00','S000000062','T000000063'),('M000000064','0000-00-00','0000-00-00','S000000063','T000000064'),('M000000065','0000-00-00','0000-00-00','S000000064','T000000065'),('M000000066','0000-00-00','0000-00-00','S000000065','T000000066'),('M000000067','0000-00-00','0000-00-00','S000000066','T000000067'),('M000000068','0000-00-00','0000-00-00','S000000067','T000000068'),('M000000069','0000-00-00','0000-00-00','S000000068','T000000069'),('M000000070','0000-00-00','0000-00-00','S000000069','T000000070'),('M000000071','0000-00-00','0000-00-00','S000000070','T000000071'),('M000000072','0000-00-00','0000-00-00','S000000071','T000000072'),('M000000073','0000-00-00','0000-00-00','S000000072','T000000073'),('M000000074','0000-00-00','0000-00-00','S000000073','T000000074'),('M000000075','0000-00-00','0000-00-00','S000000074','T000000075'),('M000000076','0000-00-00','0000-00-00','S000000075','T000000076'),('M000000077','0000-00-00','0000-00-00','S000000076','T000000077'),('M000000078','0000-00-00','0000-00-00','S000000077','T000000078'),('M000000079','0000-00-00','0000-00-00','S000000078','T000000079'),('M000000080','0000-00-00','0000-00-00','S000000079','T000000080'),('M000000081','0000-00-00','0000-00-00','S000000080','T000000081'),('M000000082','0000-00-00','0000-00-00','S00000001','T000000082'),('M000000083','0000-00-00','0000-00-00','S00000002','T000000083'),('M000000084','0000-00-00','0000-00-00','S00000003','T000000084'),('M000000085','0000-00-00','0000-00-00','S00000004','T000000085'),('M000000086','0000-00-00','0000-00-00','S00000005','T000000086'),('M000000087','0000-00-00','0000-00-00','S00000006','T000000087'),('M000000088','0000-00-00','0000-00-00','S00000007','T000000088'),('M000000089','0000-00-00','0000-00-00','S00000008','T000000089'),('M000000090','0000-00-00','0000-00-00','S00000009','T000000090'),('M000000091','0000-00-00','0000-00-00','S000000010','T000000091'),('M000000092','0000-00-00','0000-00-00','S000000011','T000000092'),('M000000093','0000-00-00','0000-00-00','S000000012','T000000093'),('M000000094','0000-00-00','0000-00-00','S000000013','T000000094'),('M000000095','0000-00-00','0000-00-00','S000000014','T000000095'),('M000000096','0000-00-00','0000-00-00','S000000015','T000000096'),('M000000097','0000-00-00','0000-00-00','S000000016','T000000097'),('M000000098','0000-00-00','0000-00-00','S000000017','T000000098'),('M000000099','0000-00-00','0000-00-00','S000000018','T000000099'),('M000000100','0000-00-00','0000-00-00','S000000019','T000000100'),('M000000101','0000-00-00','0000-00-00','S000000020','T000000101'),('M000000102','0000-00-00','0000-00-00','S000000021','T000000102'),('M000000103','0000-00-00','0000-00-00','S000000022','T000000103'),('M000000104','0000-00-00','0000-00-00','S000000023','T000000104'),('M000000105','0000-00-00','0000-00-00','S000000024','T000000105'),('M000000106','0000-00-00','0000-00-00','S000000025','T000000106'),('M000000107','0000-00-00','0000-00-00','S000000026','T000000107'),('M000000108','0000-00-00','0000-00-00','S000000027','T000000108'),('M000000109','0000-00-00','0000-00-00','S000000028','T000000109'),('M000000110','0000-00-00','0000-00-00','S000000029','T000000110'),('M000000111','0000-00-00','0000-00-00','S000000030','T000000111'),('M000000112','0000-00-00','0000-00-00','S000000031','T000000112'),('M000000113','0000-00-00','0000-00-00','S000000032','T000000113'),('M000000114','0000-00-00','0000-00-00','S000000033','T000000114'),('M000000115','0000-00-00','0000-00-00','S000000034','T000000115'),('M000000116','0000-00-00','0000-00-00','S000000035','T000000116'),('M000000117','0000-00-00','0000-00-00','S000000036','T000000117'),('M000000118','0000-00-00','0000-00-00','S000000037','T000000118'),('M000000119','0000-00-00','0000-00-00','S000000038','T000000119'),('M000000120','0000-00-00','0000-00-00','S000000039','T000000120'),('M000000121','0000-00-00','0000-00-00','S000000040','T000000121'),('M000000122','0000-00-00','0000-00-00','S000000041','T000000122'),('M000000123','0000-00-00','0000-00-00','S000000042','T000000123'),('M000000124','0000-00-00','0000-00-00','S000000043','T000000124'),('M000000125','0000-00-00','0000-00-00','S000000044','T000000125'),('M000000126','0000-00-00','0000-00-00','S000000045','T000000126'),('M000000127','0000-00-00','0000-00-00','S000000046','T000000127'),('M000000128','0000-00-00','0000-00-00','S000000047','T000000128'),('M000000129','0000-00-00','0000-00-00','S000000048','T000000129'),('M000000130','0000-00-00','0000-00-00','S000000049','T000000130'),('M000000131','0000-00-00','0000-00-00','S000000050','T000000131'),('M000000132','0000-00-00','0000-00-00','S000000051','T000000132'),('M000000133','0000-00-00','0000-00-00','S000000052','T000000133'),('M000000134','0000-00-00','0000-00-00','S000000053','T000000134'),('M000000135','0000-00-00','0000-00-00','S000000054','T000000135'),('M000000136','0000-00-00','0000-00-00','S000000055','T000000136'),('M000000137','0000-00-00','0000-00-00','S000000056','T000000137'),('M000000138','0000-00-00','0000-00-00','S000000057','T000000138'),('M000000139','0000-00-00','0000-00-00','S000000058','T000000139'),('M000000140','0000-00-00','0000-00-00','S000000059','T000000140'),('M000000141','0000-00-00','0000-00-00','S000000060','T000000141'),('M000000142','0000-00-00','0000-00-00','S000000061','T000000142'),('M000000143','0000-00-00','0000-00-00','S000000062','T000000143'),('M000000144','0000-00-00','0000-00-00','S000000063','T000000144'),('M000000145','0000-00-00','0000-00-00','S000000064','T000000145'),('M000000146','0000-00-00','0000-00-00','S000000065','T000000146'),('M000000147','0000-00-00','0000-00-00','S000000066','T000000147'),('M000000148','0000-00-00','0000-00-00','S000000067','T000000148'),('M000000149','0000-00-00','0000-00-00','S000000068','T000000149'),('M000000150','0000-00-00','0000-00-00','S000000069','T000000150'),('M000000151','0000-00-00','0000-00-00','S000000070','T000000151'),('M000000152','0000-00-00','0000-00-00','S000000071','T000000152'),('M000000153','0000-00-00','0000-00-00','S000000072','T000000153'),('M000000154','0000-00-00','0000-00-00','S000000073','T000000154'),('M000000155','0000-00-00','0000-00-00','S000000074','T000000155'),('M000000156','0000-00-00','0000-00-00','S000000075','T000000156'),('M000000157','0000-00-00','0000-00-00','S000000076','T000000157'),('M000000158','0000-00-00','0000-00-00','S000000077','T000000158'),('M000000159','0000-00-00','0000-00-00','S000000078','T000000159'),('M000000160','0000-00-00','0000-00-00','S000000079','T000000160'),('M000000161','0000-00-00','0000-00-00','S000000080','T000000161'),('M000000162','0000-00-00','0000-00-00','S00000001','T000000162'),('M000000163','0000-00-00','0000-00-00','S00000002','T000000163'),('M000000164','0000-00-00','0000-00-00','S00000003','T000000164'),('M000000165','0000-00-00','0000-00-00','S00000004','T000000165'),('M000000166','0000-00-00','0000-00-00','S00000005','T000000166'),('M000000167','0000-00-00','0000-00-00','S00000006','T000000167'),('M000000168','0000-00-00','0000-00-00','S00000007','T000000168'),('M000000169','0000-00-00','0000-00-00','S00000008','T000000169'),('M000000170','0000-00-00','0000-00-00','S00000009','T000000170'),('M000000171','0000-00-00','0000-00-00','S000000010','T000000171'),('M000000172','0000-00-00','0000-00-00','S000000011','T000000172'),('M000000173','0000-00-00','0000-00-00','S000000012','T000000173'),('M000000174','0000-00-00','0000-00-00','S000000013','T000000174'),('M000000175','0000-00-00','0000-00-00','S000000014','T000000175'),('M000000176','0000-00-00','0000-00-00','S000000015','T000000176'),('M000000177','0000-00-00','0000-00-00','S000000016','T000000177'),('M000000178','0000-00-00','0000-00-00','S000000017','T000000178'),('M000000179','0000-00-00','0000-00-00','S000000018','T000000179'),('M000000180','0000-00-00','0000-00-00','S000000019','T000000180'),('M000000181','0000-00-00','0000-00-00','S000000020','T000000181'),('M000000182','0000-00-00','0000-00-00','S000000021','T000000182'),('M000000183','0000-00-00','0000-00-00','S000000022','T000000183'),('M000000184','0000-00-00','0000-00-00','S000000023','T000000184'),('M000000185','0000-00-00','0000-00-00','S000000024','T000000185'),('M000000186','0000-00-00','0000-00-00','S000000025','T000000186'),('M000000187','0000-00-00','0000-00-00','S000000026','T000000187'),('M000000188','0000-00-00','0000-00-00','S000000027','T000000188'),('M000000189','0000-00-00','0000-00-00','S000000028','T000000189'),('M000000190','0000-00-00','0000-00-00','S000000029','T000000190'),('M000000191','0000-00-00','0000-00-00','S000000030','T000000191'),('M000000192','0000-00-00','0000-00-00','S000000031','T000000192'),('M000000193','0000-00-00','0000-00-00','S000000032','T000000193'),('M000000194','0000-00-00','0000-00-00','S000000033','T000000194'),('M000000195','0000-00-00','0000-00-00','S000000034','T000000195'),('M000000196','0000-00-00','0000-00-00','S000000035','T000000196'),('M000000197','0000-00-00','0000-00-00','S000000036','T000000197'),('M000000198','0000-00-00','0000-00-00','S000000037','T000000198'),('M000000199','0000-00-00','0000-00-00','S000000038','T000000199'),('M000000200','0000-00-00','0000-00-00','S000000039','T000000200'),('M000000201','0000-00-00','0000-00-00','S000000040','T000000201'),('M000000202','0000-00-00','0000-00-00','S000000041','T000000202'),('M000000203','0000-00-00','0000-00-00','S000000042','T000000203'),('M000000204','0000-00-00','0000-00-00','S000000043','T000000204'),('M000000205','0000-00-00','0000-00-00','S000000044','T000000205'),('M000000206','0000-00-00','0000-00-00','S000000045','T000000206'),('M000000207','0000-00-00','0000-00-00','S000000046','T000000207'),('M000000208','0000-00-00','0000-00-00','S000000047','T000000208'),('M000000209','0000-00-00','0000-00-00','S000000048','T000000209'),('M000000210','0000-00-00','0000-00-00','S000000049','T000000210'),('M000000211','0000-00-00','0000-00-00','S000000050','T000000211'),('M000000212','0000-00-00','0000-00-00','S000000051','T000000212'),('M000000213','0000-00-00','0000-00-00','S000000052','T000000213'),('M000000214','0000-00-00','0000-00-00','S000000053','T000000214'),('M000000215','0000-00-00','0000-00-00','S000000054','T000000215'),('M000000216','0000-00-00','0000-00-00','S000000055','T000000216'),('M000000217','0000-00-00','0000-00-00','S000000056','T000000217'),('M000000218','0000-00-00','0000-00-00','S000000057','T000000218'),('M000000219','0000-00-00','0000-00-00','S000000058','T000000219'),('M000000220','0000-00-00','0000-00-00','S000000059','T000000220'),('M000000221','0000-00-00','0000-00-00','S000000060','T000000221'),('M000000222','0000-00-00','0000-00-00','S000000061','T000000222'),('M000000223','0000-00-00','0000-00-00','S000000062','T000000223'),('M000000224','0000-00-00','0000-00-00','S000000063','T000000224'),('M000000225','0000-00-00','0000-00-00','S000000064','T000000225'),('M000000226','0000-00-00','0000-00-00','S000000065','T000000226'),('M000000227','0000-00-00','0000-00-00','S000000066','T000000227'),('M000000228','0000-00-00','0000-00-00','S000000067','T000000228'),('M000000229','0000-00-00','0000-00-00','S000000068','T000000229'),('M000000230','0000-00-00','0000-00-00','S000000069','T000000230'),('M000000231','0000-00-00','0000-00-00','S000000070','T000000231'),('M000000232','0000-00-00','0000-00-00','S000000071','T000000232'),('M000000233','0000-00-00','0000-00-00','S000000072','T000000233'),('M000000234','0000-00-00','0000-00-00','S000000073','T000000234'),('M000000235','0000-00-00','0000-00-00','S000000074','T000000235'),('M000000236','0000-00-00','0000-00-00','S000000075','T000000236'),('M000000237','0000-00-00','0000-00-00','S000000076','T000000237'),('M000000238','0000-00-00','0000-00-00','S000000077','T000000238'),('M000000239','0000-00-00','0000-00-00','S000000078','T000000239'),('M000000240','0000-00-00','0000-00-00','S000000079','T000000240'),('M000000241','0000-00-00','0000-00-00','S000000080','T000000241'),('M000000242','0000-00-00','0000-00-00','S00000001','T000000242'),('M000000243','0000-00-00','0000-00-00','S00000002','T000000243'),('M000000244','0000-00-00','0000-00-00','S00000003','T000000244'),('M000000245','0000-00-00','0000-00-00','S00000004','T000000245'),('M000000246','0000-00-00','0000-00-00','S00000005','T000000246'),('M000000247','0000-00-00','0000-00-00','S00000006','T000000247'),('M000000248','0000-00-00','0000-00-00','S00000007','T000000248'),('M000000249','0000-00-00','0000-00-00','S00000008','T000000249'),('M000000250','0000-00-00','0000-00-00','S00000009','T000000250'),('M000000251','0000-00-00','0000-00-00','S000000010','T000000251'),('M000000252','0000-00-00','0000-00-00','S000000011','T000000252'),('M000000253','0000-00-00','0000-00-00','S000000012','T000000253'),('M000000254','0000-00-00','0000-00-00','S000000013','T000000254'),('M000000255','0000-00-00','0000-00-00','S000000014','T000000255'),('M000000256','0000-00-00','0000-00-00','S000000015','T000000256'),('M000000257','0000-00-00','0000-00-00','S000000016','T000000257'),('M000000258','0000-00-00','0000-00-00','S000000017','T000000258'),('M000000259','0000-00-00','0000-00-00','S000000018','T000000259'),('M000000260','0000-00-00','0000-00-00','S000000019','T000000260'),('M000000261','0000-00-00','0000-00-00','S000000020','T000000261'),('M000000262','0000-00-00','0000-00-00','S000000021','T000000262'),('M000000263','0000-00-00','0000-00-00','S000000022','T000000263'),('M000000264','0000-00-00','0000-00-00','S000000023','T000000264'),('M000000265','0000-00-00','0000-00-00','S000000024','T000000265'),('M000000266','0000-00-00','0000-00-00','S000000025','T000000266'),('M000000267','0000-00-00','0000-00-00','S000000026','T000000267'),('M000000268','0000-00-00','0000-00-00','S000000027','T000000268'),('M000000269','0000-00-00','0000-00-00','S000000028','T000000269'),('M000000270','0000-00-00','0000-00-00','S000000029','T000000270'),('M000000271','0000-00-00','0000-00-00','S000000030','T000000271'),('M000000272','0000-00-00','0000-00-00','S000000031','T000000272'),('M000000273','0000-00-00','0000-00-00','S000000032','T000000273'),('M000000274','0000-00-00','0000-00-00','S000000033','T000000274'),('M000000275','0000-00-00','0000-00-00','S000000034','T000000275'),('M000000276','0000-00-00','0000-00-00','S000000035','T000000276'),('M000000277','0000-00-00','0000-00-00','S000000036','T000000277'),('M000000278','0000-00-00','0000-00-00','S000000037','T000000278'),('M000000279','0000-00-00','0000-00-00','S000000038','T000000279'),('M000000280','0000-00-00','0000-00-00','S000000039','T000000280'),('M000000281','0000-00-00','0000-00-00','S000000040','T000000281'),('M000000282','0000-00-00','0000-00-00','S000000041','T000000282'),('M000000283','0000-00-00','0000-00-00','S000000042','T000000283'),('M000000284','0000-00-00','0000-00-00','S000000043','T000000284'),('M000000285','0000-00-00','0000-00-00','S000000044','T000000285'),('M000000286','0000-00-00','0000-00-00','S000000045','T000000286'),('M000000287','0000-00-00','0000-00-00','S000000046','T000000287'),('M000000288','0000-00-00','0000-00-00','S000000047','T000000288'),('M000000289','0000-00-00','0000-00-00','S000000048','T000000289'),('M000000290','0000-00-00','0000-00-00','S000000049','T000000290'),('M000000291','0000-00-00','0000-00-00','S000000050','T000000291'),('M000000292','0000-00-00','0000-00-00','S000000051','T000000292'),('M000000293','0000-00-00','0000-00-00','S000000052','T000000293'),('M000000294','0000-00-00','0000-00-00','S000000053','T000000294'),('M000000295','0000-00-00','0000-00-00','S000000054','T000000295'),('M000000296','0000-00-00','0000-00-00','S000000055','T000000296'),('M000000297','0000-00-00','0000-00-00','S000000056','T000000297'),('M000000298','0000-00-00','0000-00-00','S000000057','T000000298'),('M000000299','0000-00-00','0000-00-00','S000000058','T000000299'),('M000000300','0000-00-00','0000-00-00','S000000059','T000000300'),('M000000301','0000-00-00','0000-00-00','S000000060','T000000301'),('M000000302','0000-00-00','0000-00-00','S000000061','T000000302'),('M000000303','0000-00-00','0000-00-00','S000000062','T000000303'),('M000000304','0000-00-00','0000-00-00','S000000063','T000000304'),('M000000305','0000-00-00','0000-00-00','S000000064','T000000305'),('M000000306','0000-00-00','0000-00-00','S000000065','T000000306'),('M000000307','0000-00-00','0000-00-00','S000000066','T000000307'),('M000000308','0000-00-00','0000-00-00','S000000067','T000000308'),('M000000309','0000-00-00','0000-00-00','S000000068','T000000309'),('M000000310','0000-00-00','0000-00-00','S000000069','T000000310'),('M000000311','0000-00-00','0000-00-00','S000000070','T000000311'),('M000000312','0000-00-00','0000-00-00','S000000071','T000000312'),('M000000313','0000-00-00','0000-00-00','S000000072','T000000313'),('M000000314','0000-00-00','0000-00-00','S000000073','T000000314'),('M000000315','0000-00-00','0000-00-00','S000000074','T000000315'),('M000000316','0000-00-00','0000-00-00','S000000075','T000000316'),('M000000317','0000-00-00','0000-00-00','S000000076','T000000317'),('M000000318','0000-00-00','0000-00-00','S000000077','T000000318'),('M000000319','0000-00-00','0000-00-00','S000000078','T000000319'),('M000000320','0000-00-00','0000-00-00','S000000079','T000000320'),('M000000321','0000-00-00','0000-00-00','S000000080','T000000321'),('M000000322','0000-00-00','0000-00-00','S00000001','T000000322'),('M000000323','0000-00-00','0000-00-00','S00000002','T000000323'),('M000000324','0000-00-00','0000-00-00','S00000003','T000000324'),('M000000325','0000-00-00','0000-00-00','S00000004','T000000325'),('M000000326','0000-00-00','0000-00-00','S00000005','T000000326'),('M000000327','0000-00-00','0000-00-00','S00000006','T000000327'),('M000000328','0000-00-00','0000-00-00','S00000007','T000000328'),('M000000329','0000-00-00','0000-00-00','S00000008','T000000329'),('M000000330','0000-00-00','0000-00-00','S00000009','T000000330'),('M000000331','0000-00-00','0000-00-00','S000000010','T000000331'),('M000000332','0000-00-00','0000-00-00','S000000011','T000000332'),('M000000333','0000-00-00','0000-00-00','S000000012','T000000333'),('M000000334','0000-00-00','0000-00-00','S000000013','T000000334'),('M000000335','0000-00-00','0000-00-00','S000000014','T000000335'),('M000000336','0000-00-00','0000-00-00','S000000015','T000000336'),('M000000337','0000-00-00','0000-00-00','S000000016','T000000337'),('M000000338','0000-00-00','0000-00-00','S000000017','T000000338'),('M000000339','0000-00-00','0000-00-00','S000000018','T000000339'),('M000000340','0000-00-00','0000-00-00','S000000019','T000000340'),('M000000341','0000-00-00','0000-00-00','S000000020','T000000341'),('M000000342','0000-00-00','0000-00-00','S000000021','T000000342'),('M000000343','0000-00-00','0000-00-00','S000000022','T000000343'),('M000000344','0000-00-00','0000-00-00','S000000023','T000000344'),('M000000345','0000-00-00','0000-00-00','S000000024','T000000345'),('M000000346','0000-00-00','0000-00-00','S000000025','T000000346'),('M000000347','0000-00-00','0000-00-00','S000000026','T000000347'),('M000000348','0000-00-00','0000-00-00','S000000027','T000000348'),('M000000349','0000-00-00','0000-00-00','S000000028','T000000349'),('M000000350','0000-00-00','0000-00-00','S000000029','T000000350'),('M000000351','0000-00-00','0000-00-00','S000000030','T000000351'),('M000000352','0000-00-00','0000-00-00','S000000031','T000000352'),('M000000353','0000-00-00','0000-00-00','S000000032','T000000353'),('M000000354','0000-00-00','0000-00-00','S000000033','T000000354'),('M000000355','0000-00-00','0000-00-00','S000000034','T000000355'),('M000000356','0000-00-00','0000-00-00','S000000035','T000000356'),('M000000357','0000-00-00','0000-00-00','S000000036','T000000357'),('M000000358','0000-00-00','0000-00-00','S000000037','T000000358'),('M000000359','0000-00-00','0000-00-00','S000000038','T000000359'),('M000000360','0000-00-00','0000-00-00','S000000039','T000000360'),('M000000361','0000-00-00','0000-00-00','S000000040','T000000361'),('M000000362','0000-00-00','0000-00-00','S000000041','T000000362'),('M000000363','0000-00-00','0000-00-00','S000000042','T000000363'),('M000000364','0000-00-00','0000-00-00','S000000043','T000000364'),('M000000365','0000-00-00','0000-00-00','S000000044','T000000365'),('M000000366','0000-00-00','0000-00-00','S000000045','T000000366'),('M000000367','0000-00-00','0000-00-00','S000000046','T000000367'),('M000000368','0000-00-00','0000-00-00','S000000047','T000000368'),('M000000369','0000-00-00','0000-00-00','S000000048','T000000369'),('M000000370','0000-00-00','0000-00-00','S000000049','T000000370'),('M000000371','0000-00-00','0000-00-00','S000000050','T000000371'),('M000000372','0000-00-00','0000-00-00','S000000051','T000000372'),('M000000373','0000-00-00','0000-00-00','S000000052','T000000373'),('M000000374','0000-00-00','0000-00-00','S000000053','T000000374'),('M000000375','0000-00-00','0000-00-00','S000000054','T000000375'),('M000000376','0000-00-00','0000-00-00','S000000055','T000000376'),('M000000377','0000-00-00','0000-00-00','S000000056','T000000377'),('M000000378','0000-00-00','0000-00-00','S000000057','T000000378'),('M000000379','0000-00-00','0000-00-00','S000000058','T000000379'),('M000000380','0000-00-00','0000-00-00','S000000059','T000000380'),('M000000381','0000-00-00','0000-00-00','S000000060','T000000381'),('M000000382','0000-00-00','0000-00-00','S000000061','T000000382'),('M000000383','0000-00-00','0000-00-00','S000000062','T000000383'),('M000000384','0000-00-00','0000-00-00','S000000063','T000000384'),('M000000385','0000-00-00','0000-00-00','S000000064','T000000385'),('M000000386','0000-00-00','0000-00-00','S000000065','T000000386'),('M000000387','0000-00-00','0000-00-00','S000000066','T000000387'),('M000000388','0000-00-00','0000-00-00','S000000067','T000000388'),('M000000389','0000-00-00','0000-00-00','S000000068','T000000389'),('M000000390','0000-00-00','0000-00-00','S000000069','T000000390'),('M000000391','0000-00-00','0000-00-00','S000000070','T000000391'),('M000000392','0000-00-00','0000-00-00','S000000071','T000000392'),('M000000393','0000-00-00','0000-00-00','S000000072','T000000393'),('M000000394','0000-00-00','0000-00-00','S000000073','T000000394'),('M000000395','0000-00-00','0000-00-00','S000000074','T000000395'),('M000000396','0000-00-00','0000-00-00','S000000075','T000000396'),('M000000397','0000-00-00','0000-00-00','S000000076','T000000397'),('M000000398','0000-00-00','0000-00-00','S000000077','T000000398'),('M000000399','0000-00-00','0000-00-00','S000000078','T000000399'),('M000000400','0000-00-00','0000-00-00','S000000079','T000000400'),('M000000401','0000-00-00','0000-00-00','S000000080','T000000401'),('M000000402','0000-00-00','0000-00-00','S00000001','T000000402'),('M000000403','0000-00-00','0000-00-00','S00000002','T000000403'),('M000000404','0000-00-00','0000-00-00','S00000003','T000000404'),('M000000405','0000-00-00','0000-00-00','S00000004','T000000405'),('M000000406','0000-00-00','0000-00-00','S00000005','T000000406'),('M000000407','0000-00-00','0000-00-00','S00000006','T000000407'),('M000000408','0000-00-00','0000-00-00','S00000007','T000000408'),('M000000409','0000-00-00','0000-00-00','S00000008','T000000409'),('M000000410','0000-00-00','0000-00-00','S00000009','T000000410'),('M000000411','0000-00-00','0000-00-00','S000000010','T000000411'),('M000000412','0000-00-00','0000-00-00','S000000011','T000000412'),('M000000413','0000-00-00','0000-00-00','S000000012','T000000413'),('M000000414','0000-00-00','0000-00-00','S000000013','T000000414'),('M000000415','0000-00-00','0000-00-00','S000000014','T000000415'),('M000000416','0000-00-00','0000-00-00','S000000015','T000000416'),('M000000417','0000-00-00','0000-00-00','S000000016','T000000417'),('M000000418','0000-00-00','0000-00-00','S000000017','T000000418'),('M000000419','0000-00-00','0000-00-00','S000000018','T000000419'),('M000000420','0000-00-00','0000-00-00','S000000019','T000000420'),('M000000421','0000-00-00','0000-00-00','S000000020','T000000421'),('M000000422','0000-00-00','0000-00-00','S000000021','T000000422'),('M000000423','0000-00-00','0000-00-00','S000000022','T000000423'),('M000000424','0000-00-00','0000-00-00','S000000023','T000000424'),('M000000425','0000-00-00','0000-00-00','S000000024','T000000425'),('M000000426','0000-00-00','0000-00-00','S000000025','T000000426'),('M000000427','0000-00-00','0000-00-00','S000000026','T000000427'),('M000000428','0000-00-00','0000-00-00','S000000027','T000000428'),('M000000429','0000-00-00','0000-00-00','S000000028','T000000429'),('M000000430','0000-00-00','0000-00-00','S000000029','T000000430'),('M000000431','0000-00-00','0000-00-00','S000000030','T000000431'),('M000000432','0000-00-00','0000-00-00','S000000031','T000000432'),('M000000433','0000-00-00','0000-00-00','S000000032','T000000433'),('M000000434','0000-00-00','0000-00-00','S000000033','T000000434'),('M000000435','0000-00-00','0000-00-00','S000000034','T000000435'),('M000000436','0000-00-00','0000-00-00','S000000035','T000000436'),('M000000437','0000-00-00','0000-00-00','S000000036','T000000437'),('M000000438','0000-00-00','0000-00-00','S000000037','T000000438'),('M000000439','0000-00-00','0000-00-00','S000000038','T000000439'),('M000000440','0000-00-00','0000-00-00','S000000039','T000000440'),('M000000441','0000-00-00','0000-00-00','S000000040','T000000441'),('M000000442','0000-00-00','0000-00-00','S000000041','T000000442'),('M000000443','0000-00-00','0000-00-00','S000000042','T000000443'),('M000000444','0000-00-00','0000-00-00','S000000043','T000000444'),('M000000445','0000-00-00','0000-00-00','S000000044','T000000445'),('M000000446','0000-00-00','0000-00-00','S000000045','T000000446'),('M000000447','0000-00-00','0000-00-00','S000000046','T000000447'),('M000000448','0000-00-00','0000-00-00','S000000047','T000000448'),('M000000449','0000-00-00','0000-00-00','S000000048','T000000449'),('M000000450','0000-00-00','0000-00-00','S000000049','T000000450'),('M000000451','0000-00-00','0000-00-00','S000000050','T000000451'),('M000000452','0000-00-00','0000-00-00','S000000051','T000000452'),('M000000453','0000-00-00','0000-00-00','S000000052','T000000453'),('M000000454','0000-00-00','0000-00-00','S000000053','T000000454'),('M000000455','0000-00-00','0000-00-00','S000000054','T000000455'),('M000000456','0000-00-00','0000-00-00','S000000055','T000000456'),('M000000457','0000-00-00','0000-00-00','S000000056','T000000457'),('M000000458','0000-00-00','0000-00-00','S000000057','T000000458'),('M000000459','0000-00-00','0000-00-00','S000000058','T000000459'),('M000000460','0000-00-00','0000-00-00','S000000059','T000000460'),('M000000461','0000-00-00','0000-00-00','S000000060','T000000461'),('M000000462','0000-00-00','0000-00-00','S000000061','T000000462'),('M000000463','0000-00-00','0000-00-00','S000000062','T000000463'),('M000000464','0000-00-00','0000-00-00','S000000063','T000000464'),('M000000465','0000-00-00','0000-00-00','S000000064','T000000465'),('M000000466','0000-00-00','0000-00-00','S000000065','T000000466'),('M000000467','0000-00-00','0000-00-00','S000000066','T000000467'),('M000000468','0000-00-00','0000-00-00','S000000067','T000000468'),('M000000469','0000-00-00','0000-00-00','S000000068','T000000469'),('M000000470','0000-00-00','0000-00-00','S000000069','T000000470'),('M000000471','0000-00-00','0000-00-00','S000000070','T000000471'),('M000000472','0000-00-00','0000-00-00','S000000071','T000000472'),('M000000473','0000-00-00','0000-00-00','S000000072','T000000473'),('M000000474','0000-00-00','0000-00-00','S000000073','T000000474'),('M000000475','0000-00-00','0000-00-00','S000000074','T000000475'),('M000000476','0000-00-00','0000-00-00','S000000075','T000000476'),('M000000477','0000-00-00','0000-00-00','S000000076','T000000477'),('M000000478','0000-00-00','0000-00-00','S000000077','T000000478'),('M000000479','0000-00-00','0000-00-00','S000000078','T000000479'),('M000000480','0000-00-00','0000-00-00','S000000079','T000000480'),('M000000481','0000-00-00','0000-00-00','S000000080','T000000481'),('M000000482','0000-00-00','0000-00-00','S00000001','T000000482'),('M000000483','0000-00-00','0000-00-00','S00000002','T000000483'),('M000000484','0000-00-00','0000-00-00','S00000003','T000000484'),('M000000485','0000-00-00','0000-00-00','S00000004','T000000485'),('M000000486','0000-00-00','0000-00-00','S00000005','T000000486'),('M000000487','0000-00-00','0000-00-00','S00000006','T000000487'),('M000000488','0000-00-00','0000-00-00','S00000007','T000000488'),('M000000489','0000-00-00','0000-00-00','S00000008','T000000489'),('M000000490','0000-00-00','0000-00-00','S00000009','T000000490'),('M000000491','0000-00-00','0000-00-00','S000000010','T000000491'),('M000000492','0000-00-00','0000-00-00','S000000011','T000000492'),('M000000493','0000-00-00','0000-00-00','S000000012','T000000493'),('M000000494','0000-00-00','0000-00-00','S000000013','T000000494'),('M000000495','0000-00-00','0000-00-00','S000000014','T000000495'),('M000000496','0000-00-00','0000-00-00','S000000015','T000000496'),('M000000497','0000-00-00','0000-00-00','S000000016','T000000497'),('M000000498','0000-00-00','0000-00-00','S000000017','T000000498'),('M000000499','0000-00-00','0000-00-00','S000000018','T000000499'),('M000000500','0000-00-00','0000-00-00','S000000019','T000000500'),('M000000501','0000-00-00','0000-00-00','S000000020','T000000501'),('M000000502','0000-00-00','0000-00-00','S000000021','T000000502'),('M000000503','0000-00-00','0000-00-00','S000000022','T000000503'),('M000000504','0000-00-00','0000-00-00','S000000023','T000000504'),('M000000505','0000-00-00','0000-00-00','S000000024','T000000505'),('M000000506','0000-00-00','0000-00-00','S000000025','T000000506'),('M000000507','0000-00-00','0000-00-00','S000000026','T000000507'),('M000000508','0000-00-00','0000-00-00','S000000027','T000000508'),('M000000509','0000-00-00','0000-00-00','S000000028','T000000509'),('M000000510','0000-00-00','0000-00-00','S000000029','T000000510'),('M000000511','0000-00-00','0000-00-00','S000000030','T000000511'),('M000000512','0000-00-00','0000-00-00','S000000031','T000000512'),('M000000513','0000-00-00','0000-00-00','S000000032','T000000513'),('M000000514','0000-00-00','0000-00-00','S000000033','T000000514'),('M000000515','0000-00-00','0000-00-00','S000000034','T000000515'),('M000000516','0000-00-00','0000-00-00','S000000035','T000000516'),('M000000517','0000-00-00','0000-00-00','S000000036','T000000517'),('M000000518','0000-00-00','0000-00-00','S000000037','T000000518'),('M000000519','0000-00-00','0000-00-00','S000000038','T000000519'),('M000000520','0000-00-00','0000-00-00','S000000039','T000000520'),('M000000521','0000-00-00','0000-00-00','S000000040','T000000521'),('M000000522','0000-00-00','0000-00-00','S000000041','T000000522'),('M000000523','0000-00-00','0000-00-00','S000000042','T000000523'),('M000000524','0000-00-00','0000-00-00','S000000043','T000000524'),('M000000525','0000-00-00','0000-00-00','S000000044','T000000525'),('M000000526','0000-00-00','0000-00-00','S000000045','T000000526'),('M000000527','0000-00-00','0000-00-00','S000000046','T000000527'),('M000000528','0000-00-00','0000-00-00','S000000047','T000000528'),('M000000529','0000-00-00','0000-00-00','S000000048','T000000529'),('M000000530','0000-00-00','0000-00-00','S000000049','T000000530'),('M000000531','0000-00-00','0000-00-00','S000000050','T000000531'),('M000000532','0000-00-00','0000-00-00','S000000051','T000000532'),('M000000533','0000-00-00','0000-00-00','S000000052','T000000533'),('M000000534','0000-00-00','0000-00-00','S000000053','T000000534'),('M000000535','0000-00-00','0000-00-00','S000000054','T000000535'),('M000000536','0000-00-00','0000-00-00','S000000055','T000000536'),('M000000537','0000-00-00','0000-00-00','S000000056','T000000537'),('M000000538','0000-00-00','0000-00-00','S000000057','T000000538'),('M000000539','0000-00-00','0000-00-00','S000000058','T000000539'),('M000000540','0000-00-00','0000-00-00','S000000059','T000000540'),('M000000541','0000-00-00','0000-00-00','S000000060','T000000541'),('M000000542','0000-00-00','0000-00-00','S000000061','T000000542'),('M000000543','0000-00-00','0000-00-00','S000000062','T000000543'),('M000000544','0000-00-00','0000-00-00','S000000063','T000000544'),('M000000545','0000-00-00','0000-00-00','S000000064','T000000545'),('M000000546','0000-00-00','0000-00-00','S000000065','T000000546'),('M000000547','0000-00-00','0000-00-00','S000000066','T000000547'),('M000000548','0000-00-00','0000-00-00','S000000067','T000000548'),('M000000549','0000-00-00','0000-00-00','S000000068','T000000549'),('M000000550','0000-00-00','0000-00-00','S000000069','T000000550'),('M000000551','0000-00-00','0000-00-00','S000000070','T000000551'),('M000000552','0000-00-00','0000-00-00','S000000071','T000000552'),('M000000553','0000-00-00','0000-00-00','S000000072','T000000553'),('M000000554','0000-00-00','0000-00-00','S000000073','T000000554'),('M000000555','0000-00-00','0000-00-00','S000000074','T000000555'),('M000000556','0000-00-00','0000-00-00','S000000075','T000000556'),('M000000557','0000-00-00','0000-00-00','S000000076','T000000557'),('M000000558','0000-00-00','0000-00-00','S000000077','T000000558'),('M000000559','0000-00-00','0000-00-00','S000000078','T000000559'),('M000000560','0000-00-00','0000-00-00','S000000079','T000000560'),('M000000561','0000-00-00','0000-00-00','S000000080','T000000561'),('M000000562','0000-00-00','0000-00-00','S00000001','T000000562'),('M000000563','0000-00-00','0000-00-00','S00000002','T000000563'),('M000000564','0000-00-00','0000-00-00','S00000003','T000000564'),('M000000565','0000-00-00','0000-00-00','S00000004','T000000565'),('M000000566','0000-00-00','0000-00-00','S00000005','T000000566'),('M000000567','0000-00-00','0000-00-00','S00000006','T000000567'),('M000000568','0000-00-00','0000-00-00','S00000007','T000000568'),('M000000569','0000-00-00','0000-00-00','S00000008','T000000569'),('M000000570','0000-00-00','0000-00-00','S00000009','T000000570'),('M000000571','0000-00-00','0000-00-00','S000000010','T000000571'),('M000000572','0000-00-00','0000-00-00','S000000011','T000000572'),('M000000573','0000-00-00','0000-00-00','S000000012','T000000573'),('M000000574','0000-00-00','0000-00-00','S000000013','T000000574'),('M000000575','0000-00-00','0000-00-00','S000000014','T000000575'),('M000000576','0000-00-00','0000-00-00','S000000015','T000000576'),('M000000577','0000-00-00','0000-00-00','S000000016','T000000577'),('M000000578','0000-00-00','0000-00-00','S000000017','T000000578'),('M000000579','0000-00-00','0000-00-00','S000000018','T000000579'),('M000000580','0000-00-00','0000-00-00','S000000019','T000000580'),('M000000581','0000-00-00','0000-00-00','S000000020','T000000581'),('M000000582','0000-00-00','0000-00-00','S000000021','T000000582'),('M000000583','0000-00-00','0000-00-00','S000000022','T000000583'),('M000000584','0000-00-00','0000-00-00','S000000023','T000000584'),('M000000585','0000-00-00','0000-00-00','S000000024','T000000585'),('M000000586','0000-00-00','0000-00-00','S000000025','T000000586'),('M000000587','0000-00-00','0000-00-00','S000000026','T000000587'),('M000000588','0000-00-00','0000-00-00','S000000027','T000000588'),('M000000589','0000-00-00','0000-00-00','S000000028','T000000589'),('M000000590','0000-00-00','0000-00-00','S000000029','T000000590'),('M000000591','0000-00-00','0000-00-00','S000000030','T000000591'),('M000000592','0000-00-00','0000-00-00','S000000031','T000000592'),('M000000593','0000-00-00','0000-00-00','S000000032','T000000593'),('M000000594','0000-00-00','0000-00-00','S000000033','T000000594'),('M000000595','0000-00-00','0000-00-00','S000000034','T000000595'),('M000000596','0000-00-00','0000-00-00','S000000035','T000000596'),('M000000597','0000-00-00','0000-00-00','S000000036','T000000597'),('M000000598','0000-00-00','0000-00-00','S000000037','T000000598'),('M000000599','0000-00-00','0000-00-00','S000000038','T000000599'),('M000000600','0000-00-00','0000-00-00','S000000039','T000000600'),('M000000601','0000-00-00','0000-00-00','S000000040','T000000601'),('M000000602','0000-00-00','0000-00-00','S000000041','T000000602'),('M000000603','0000-00-00','0000-00-00','S000000042','T000000603'),('M000000604','0000-00-00','0000-00-00','S000000043','T000000604'),('M000000605','0000-00-00','0000-00-00','S000000044','T000000605'),('M000000606','0000-00-00','0000-00-00','S000000045','T000000606'),('M000000607','0000-00-00','0000-00-00','S000000046','T000000607'),('M000000608','0000-00-00','0000-00-00','S000000047','T000000608'),('M000000609','0000-00-00','0000-00-00','S000000048','T000000609'),('M000000610','0000-00-00','0000-00-00','S000000049','T000000610'),('M000000611','0000-00-00','0000-00-00','S000000050','T000000611'),('M000000612','0000-00-00','0000-00-00','S000000051','T000000612'),('M000000613','0000-00-00','0000-00-00','S000000052','T000000613'),('M000000614','0000-00-00','0000-00-00','S000000053','T000000614'),('M000000615','0000-00-00','0000-00-00','S000000054','T000000615'),('M000000616','0000-00-00','0000-00-00','S000000055','T000000616'),('M000000617','0000-00-00','0000-00-00','S000000056','T000000617'),('M000000618','0000-00-00','0000-00-00','S000000057','T000000618'),('M000000619','0000-00-00','0000-00-00','S000000058','T000000619'),('M000000620','0000-00-00','0000-00-00','S000000059','T000000620'),('M000000621','0000-00-00','0000-00-00','S000000060','T000000621'),('M000000622','0000-00-00','0000-00-00','S000000061','T000000622'),('M000000623','0000-00-00','0000-00-00','S000000062','T000000623'),('M000000624','0000-00-00','0000-00-00','S000000063','T000000624'),('M000000625','0000-00-00','0000-00-00','S000000064','T000000625'),('M000000626','0000-00-00','0000-00-00','S000000065','T000000626'),('M000000627','0000-00-00','0000-00-00','S000000066','T000000627'),('M000000628','0000-00-00','0000-00-00','S000000067','T000000628'),('M000000629','0000-00-00','0000-00-00','S000000068','T000000629'),('M000000630','0000-00-00','0000-00-00','S000000069','T000000630'),('M000000631','0000-00-00','0000-00-00','S000000070','T000000631'),('M000000632','0000-00-00','0000-00-00','S000000071','T000000632'),('M000000633','0000-00-00','0000-00-00','S000000072','T000000633'),('M000000634','0000-00-00','0000-00-00','S000000073','T000000634'),('M000000635','0000-00-00','0000-00-00','S000000074','T000000635'),('M000000636','0000-00-00','0000-00-00','S000000075','T000000636'),('M000000637','0000-00-00','0000-00-00','S000000076','T000000637'),('M000000638','0000-00-00','0000-00-00','S000000077','T000000638'),('M000000639','0000-00-00','0000-00-00','S000000078','T000000639'),('M000000640','0000-00-00','0000-00-00','S000000079','T000000640'),('M000000641','0000-00-00','0000-00-00','S000000080','T000000641'),('M000000642','0000-00-00','0000-00-00','S00000001','T000000642'),('M000000643','0000-00-00','0000-00-00','S00000002','T000000643'),('M000000644','0000-00-00','0000-00-00','S00000003','T000000644'),('M000000645','0000-00-00','0000-00-00','S00000004','T000000645'),('M000000646','0000-00-00','0000-00-00','S00000005','T000000646'),('M000000647','0000-00-00','0000-00-00','S00000006','T000000647'),('M000000648','0000-00-00','0000-00-00','S00000007','T000000648'),('M000000649','0000-00-00','0000-00-00','S00000008','T000000649'),('M000000650','0000-00-00','0000-00-00','S00000009','T000000650'),('M000000651','0000-00-00','0000-00-00','S000000010','T000000651'),('M000000652','0000-00-00','0000-00-00','S000000011','T000000652'),('M000000653','0000-00-00','0000-00-00','S000000012','T000000653'),('M000000654','0000-00-00','0000-00-00','S000000013','T000000654'),('M000000655','0000-00-00','0000-00-00','S000000014','T000000655'),('M000000656','0000-00-00','0000-00-00','S000000015','T000000656'),('M000000657','0000-00-00','0000-00-00','S000000016','T000000657'),('M000000658','0000-00-00','0000-00-00','S000000017','T000000658'),('M000000659','0000-00-00','0000-00-00','S000000018','T000000659'),('M000000660','0000-00-00','0000-00-00','S000000019','T000000660'),('M000000661','0000-00-00','0000-00-00','S000000020','T000000661'),('M000000662','0000-00-00','0000-00-00','S000000021','T000000662'),('M000000663','0000-00-00','0000-00-00','S000000022','T000000663'),('M000000664','0000-00-00','0000-00-00','S000000023','T000000664'),('M000000665','0000-00-00','0000-00-00','S000000024','T000000665'),('M000000666','0000-00-00','0000-00-00','S000000025','T000000666'),('M000000667','0000-00-00','0000-00-00','S000000026','T000000667'),('M000000668','0000-00-00','0000-00-00','S000000027','T000000668'),('M000000669','0000-00-00','0000-00-00','S000000028','T000000669'),('M000000670','0000-00-00','0000-00-00','S000000029','T000000670'),('M000000671','0000-00-00','0000-00-00','S000000030','T000000671'),('M000000672','0000-00-00','0000-00-00','S000000031','T000000672'),('M000000673','0000-00-00','0000-00-00','S000000032','T000000673'),('M000000674','0000-00-00','0000-00-00','S000000033','T000000674'),('M000000675','0000-00-00','0000-00-00','S000000034','T000000675'),('M000000676','0000-00-00','0000-00-00','S000000035','T000000676'),('M000000677','0000-00-00','0000-00-00','S000000036','T000000677'),('M000000678','0000-00-00','0000-00-00','S000000037','T000000678'),('M000000679','0000-00-00','0000-00-00','S000000038','T000000679'),('M000000680','0000-00-00','0000-00-00','S000000039','T000000680'),('M000000681','0000-00-00','0000-00-00','S000000040','T000000681'),('M000000682','0000-00-00','0000-00-00','S000000041','T000000682'),('M000000683','0000-00-00','0000-00-00','S000000042','T000000683'),('M000000684','0000-00-00','0000-00-00','S000000043','T000000684'),('M000000685','0000-00-00','0000-00-00','S000000044','T000000685'),('M000000686','0000-00-00','0000-00-00','S000000045','T000000686'),('M000000687','0000-00-00','0000-00-00','S000000046','T000000687'),('M000000688','0000-00-00','0000-00-00','S000000047','T000000688'),('M000000689','0000-00-00','0000-00-00','S000000048','T000000689'),('M000000690','0000-00-00','0000-00-00','S000000049','T000000690'),('M000000691','0000-00-00','0000-00-00','S000000050','T000000691'),('M000000692','0000-00-00','0000-00-00','S000000051','T000000692'),('M000000693','0000-00-00','0000-00-00','S000000052','T000000693'),('M000000694','0000-00-00','0000-00-00','S000000053','T000000694'),('M000000695','0000-00-00','0000-00-00','S000000054','T000000695'),('M000000696','0000-00-00','0000-00-00','S000000055','T000000696'),('M000000697','0000-00-00','0000-00-00','S000000056','T000000697'),('M000000698','0000-00-00','0000-00-00','S000000057','T000000698'),('M000000699','0000-00-00','0000-00-00','S000000058','T000000699'),('M000000700','0000-00-00','0000-00-00','S000000059','T000000700'),('M000000701','0000-00-00','0000-00-00','S000000060','T000000701'),('M000000702','0000-00-00','0000-00-00','S000000061','T000000702'),('M000000703','0000-00-00','0000-00-00','S000000062','T000000703'),('M000000704','0000-00-00','0000-00-00','S000000063','T000000704'),('M000000705','0000-00-00','0000-00-00','S000000064','T000000705'),('M000000706','0000-00-00','0000-00-00','S000000065','T000000706'),('M000000707','0000-00-00','0000-00-00','S000000066','T000000707'),('M000000708','0000-00-00','0000-00-00','S000000067','T000000708'),('M000000709','0000-00-00','0000-00-00','S000000068','T000000709'),('M000000710','0000-00-00','0000-00-00','S000000069','T000000710'),('M000000711','0000-00-00','0000-00-00','S000000070','T000000711'),('M000000712','0000-00-00','0000-00-00','S000000071','T000000712'),('M000000713','0000-00-00','0000-00-00','S000000072','T000000713'),('M000000714','0000-00-00','0000-00-00','S000000073','T000000714'),('M000000715','0000-00-00','0000-00-00','S000000074','T000000715'),('M000000716','0000-00-00','0000-00-00','S000000075','T000000716'),('M000000717','0000-00-00','0000-00-00','S000000076','T000000717'),('M000000718','0000-00-00','0000-00-00','S000000077','T000000718'),('M000000719','0000-00-00','0000-00-00','S000000078','T000000719'),('M000000720','0000-00-00','0000-00-00','S000000079','T000000720'),('M000000721','0000-00-00','0000-00-00','S000000080','T000000721'),('M000000722','0000-00-00','0000-00-00','S00000001','T000000722'),('M000000723','0000-00-00','0000-00-00','S00000002','T000000723'),('M000000724','0000-00-00','0000-00-00','S00000003','T000000724'),('M000000725','0000-00-00','0000-00-00','S00000004','T000000725'),('M000000726','0000-00-00','0000-00-00','S00000005','T000000726'),('M000000727','0000-00-00','0000-00-00','S00000006','T000000727'),('M000000728','0000-00-00','0000-00-00','S00000007','T000000728'),('M000000729','0000-00-00','0000-00-00','S00000008','T000000729'),('M000000730','0000-00-00','0000-00-00','S00000009','T000000730'),('M000000731','0000-00-00','0000-00-00','S000000010','T000000731'),('M000000732','0000-00-00','0000-00-00','S000000011','T000000732'),('M000000733','0000-00-00','0000-00-00','S000000012','T000000733'),('M000000734','0000-00-00','0000-00-00','S000000013','T000000734'),('M000000735','0000-00-00','0000-00-00','S000000014','T000000735'),('M000000736','0000-00-00','0000-00-00','S000000015','T000000736'),('M000000737','0000-00-00','0000-00-00','S000000016','T000000737'),('M000000738','0000-00-00','0000-00-00','S000000017','T000000738'),('M000000739','0000-00-00','0000-00-00','S000000018','T000000739'),('M000000740','0000-00-00','0000-00-00','S000000019','T000000740'),('M000000741','0000-00-00','0000-00-00','S000000020','T000000741'),('M000000742','0000-00-00','0000-00-00','S000000021','T000000742'),('M000000743','0000-00-00','0000-00-00','S000000022','T000000743'),('M000000744','0000-00-00','0000-00-00','S000000023','T000000744'),('M000000745','0000-00-00','0000-00-00','S000000024','T000000745'),('M000000746','0000-00-00','0000-00-00','S000000025','T000000746'),('M000000747','0000-00-00','0000-00-00','S000000026','T000000747'),('M000000748','0000-00-00','0000-00-00','S000000027','T000000748'),('M000000749','0000-00-00','0000-00-00','S000000028','T000000749'),('M000000750','0000-00-00','0000-00-00','S000000029','T000000750'),('M000000751','0000-00-00','0000-00-00','S000000030','T000000751'),('M000000752','0000-00-00','0000-00-00','S000000031','T000000752'),('M000000753','0000-00-00','0000-00-00','S000000032','T000000753'),('M000000754','0000-00-00','0000-00-00','S000000033','T000000754'),('M000000755','0000-00-00','0000-00-00','S000000034','T000000755'),('M000000756','0000-00-00','0000-00-00','S000000035','T000000756'),('M000000757','0000-00-00','0000-00-00','S000000036','T000000757'),('M000000758','0000-00-00','0000-00-00','S000000037','T000000758'),('M000000759','0000-00-00','0000-00-00','S000000038','T000000759'),('M000000760','0000-00-00','0000-00-00','S000000039','T000000760'),('M000000761','0000-00-00','0000-00-00','S000000040','T000000761'),('M000000762','0000-00-00','0000-00-00','S000000041','T000000762'),('M000000763','0000-00-00','0000-00-00','S000000042','T000000763'),('M000000764','0000-00-00','0000-00-00','S000000043','T000000764'),('M000000765','0000-00-00','0000-00-00','S000000044','T000000765'),('M000000766','0000-00-00','0000-00-00','S000000045','T000000766'),('M000000767','0000-00-00','0000-00-00','S000000046','T000000767'),('M000000768','0000-00-00','0000-00-00','S000000047','T000000768'),('M000000769','0000-00-00','0000-00-00','S000000048','T000000769'),('M000000770','0000-00-00','0000-00-00','S000000049','T000000770'),('M000000771','0000-00-00','0000-00-00','S000000050','T000000771'),('M000000772','0000-00-00','0000-00-00','S000000051','T000000772'),('M000000773','0000-00-00','0000-00-00','S000000052','T000000773'),('M000000774','0000-00-00','0000-00-00','S000000053','T000000774'),('M000000775','0000-00-00','0000-00-00','S000000054','T000000775'),('M000000776','0000-00-00','0000-00-00','S000000055','T000000776'),('M000000777','0000-00-00','0000-00-00','S000000056','T000000777'),('M000000778','0000-00-00','0000-00-00','S000000057','T000000778'),('M000000779','0000-00-00','0000-00-00','S000000058','T000000779'),('M000000780','0000-00-00','0000-00-00','S000000059','T000000780'),('M000000781','0000-00-00','0000-00-00','S000000060','T000000781'),('M000000782','0000-00-00','0000-00-00','S000000061','T000000782'),('M000000783','0000-00-00','0000-00-00','S000000062','T000000783'),('M000000784','0000-00-00','0000-00-00','S000000063','T000000784'),('M000000785','0000-00-00','0000-00-00','S000000064','T000000785'),('M000000786','0000-00-00','0000-00-00','S000000065','T000000786'),('M000000787','0000-00-00','0000-00-00','S000000066','T000000787'),('M000000788','0000-00-00','0000-00-00','S000000067','T000000788'),('M000000789','0000-00-00','0000-00-00','S000000068','T000000789'),('M000000790','0000-00-00','0000-00-00','S000000069','T000000790'),('M000000791','0000-00-00','0000-00-00','S000000070','T000000791'),('M000000792','0000-00-00','0000-00-00','S000000071','T000000792'),('M000000793','0000-00-00','0000-00-00','S000000072','T000000793'),('M000000794','0000-00-00','0000-00-00','S000000073','T000000794'),('M000000795','0000-00-00','0000-00-00','S000000074','T000000795'),('M000000796','0000-00-00','0000-00-00','S000000075','T000000796'),('M000000797','0000-00-00','0000-00-00','S000000076','T000000797'),('M000000798','0000-00-00','0000-00-00','S000000077','T000000798'),('M000000799','0000-00-00','0000-00-00','S000000078','T000000799'),('M000000800','0000-00-00','0000-00-00','S000000079','T000000800'),('M000000801','0000-00-00','0000-00-00','S000000080','T000000801'),('M000000802','0000-00-00','0000-00-00','S00000001','T000000802'),('M000000803','0000-00-00','0000-00-00','S00000002','T000000803'),('M000000804','0000-00-00','0000-00-00','S00000003','T000000804'),('M000000805','0000-00-00','0000-00-00','S00000004','T000000805'),('M000000806','0000-00-00','0000-00-00','S00000005','T000000806'),('M000000807','0000-00-00','0000-00-00','S00000006','T000000807'),('M000000808','0000-00-00','0000-00-00','S00000007','T000000808'),('M000000809','0000-00-00','0000-00-00','S00000008','T000000809'),('M000000810','0000-00-00','0000-00-00','S00000009','T000000810'),('M000000811','0000-00-00','0000-00-00','S000000010','T000000811'),('M000000812','0000-00-00','0000-00-00','S000000011','T000000812'),('M000000813','0000-00-00','0000-00-00','S000000012','T000000813'),('M000000814','0000-00-00','0000-00-00','S000000013','T000000814'),('M000000815','0000-00-00','0000-00-00','S000000014','T000000815'),('M000000816','0000-00-00','0000-00-00','S000000015','T000000816'),('M000000817','0000-00-00','0000-00-00','S000000016','T000000817'),('M000000818','0000-00-00','0000-00-00','S000000017','T000000818'),('M000000819','0000-00-00','0000-00-00','S000000018','T000000819'),('M000000820','0000-00-00','0000-00-00','S000000019','T000000820'),('M000000821','0000-00-00','0000-00-00','S000000020','T000000821'),('M000000822','0000-00-00','0000-00-00','S000000021','T000000822'),('M000000823','0000-00-00','0000-00-00','S000000022','T000000823'),('M000000824','0000-00-00','0000-00-00','S000000023','T000000824'),('M000000825','0000-00-00','0000-00-00','S000000024','T000000825'),('M000000826','0000-00-00','0000-00-00','S000000025','T000000826'),('M000000827','0000-00-00','0000-00-00','S000000026','T000000827'),('M000000828','0000-00-00','0000-00-00','S000000027','T000000828'),('M000000829','0000-00-00','0000-00-00','S000000028','T000000829'),('M000000830','0000-00-00','0000-00-00','S000000029','T000000830'),('M000000831','0000-00-00','0000-00-00','S000000030','T000000831'),('M000000832','0000-00-00','0000-00-00','S000000031','T000000832'),('M000000833','0000-00-00','0000-00-00','S000000032','T000000833'),('M000000834','0000-00-00','0000-00-00','S000000033','T000000834'),('M000000835','0000-00-00','0000-00-00','S000000034','T000000835'),('M000000836','0000-00-00','0000-00-00','S000000035','T000000836'),('M000000837','0000-00-00','0000-00-00','S000000036','T000000837'),('M000000838','0000-00-00','0000-00-00','S000000037','T000000838'),('M000000839','0000-00-00','0000-00-00','S000000038','T000000839'),('M000000840','0000-00-00','0000-00-00','S000000039','T000000840'),('M000000841','0000-00-00','0000-00-00','S000000040','T000000841'),('M000000842','0000-00-00','0000-00-00','S000000041','T000000842'),('M000000843','0000-00-00','0000-00-00','S000000042','T000000843'),('M000000844','0000-00-00','0000-00-00','S000000043','T000000844'),('M000000845','0000-00-00','0000-00-00','S000000044','T000000845'),('M000000846','0000-00-00','0000-00-00','S000000045','T000000846'),('M000000847','0000-00-00','0000-00-00','S000000046','T000000847'),('M000000848','0000-00-00','0000-00-00','S000000047','T000000848'),('M000000849','0000-00-00','0000-00-00','S000000048','T000000849'),('M000000850','0000-00-00','0000-00-00','S000000049','T000000850'),('M000000851','0000-00-00','0000-00-00','S000000050','T000000851'),('M000000852','0000-00-00','0000-00-00','S000000051','T000000852'),('M000000853','0000-00-00','0000-00-00','S000000052','T000000853'),('M000000854','0000-00-00','0000-00-00','S000000053','T000000854'),('M000000855','0000-00-00','0000-00-00','S000000054','T000000855'),('M000000856','0000-00-00','0000-00-00','S000000055','T000000856'),('M000000857','0000-00-00','0000-00-00','S000000056','T000000857'),('M000000858','0000-00-00','0000-00-00','S000000057','T000000858'),('M000000859','0000-00-00','0000-00-00','S000000058','T000000859'),('M000000860','0000-00-00','0000-00-00','S000000059','T000000860'),('M000000861','0000-00-00','0000-00-00','S000000060','T000000861'),('M000000862','0000-00-00','0000-00-00','S000000061','T000000862'),('M000000863','0000-00-00','0000-00-00','S000000062','T000000863'),('M000000864','0000-00-00','0000-00-00','S000000063','T000000864'),('M000000865','0000-00-00','0000-00-00','S000000064','T000000865'),('M000000866','0000-00-00','0000-00-00','S000000065','T000000866'),('M000000867','0000-00-00','0000-00-00','S000000066','T000000867'),('M000000868','0000-00-00','0000-00-00','S000000067','T000000868'),('M000000869','0000-00-00','0000-00-00','S000000068','T000000869'),('M000000870','0000-00-00','0000-00-00','S000000069','T000000870'),('M000000871','0000-00-00','0000-00-00','S000000070','T000000871'),('M000000872','0000-00-00','0000-00-00','S000000071','T000000872'),('M000000873','0000-00-00','0000-00-00','S000000072','T000000873'),('M000000874','0000-00-00','0000-00-00','S000000073','T000000874'),('M000000875','0000-00-00','0000-00-00','S000000074','T000000875'),('M000000876','0000-00-00','0000-00-00','S000000075','T000000876'),('M000000877','0000-00-00','0000-00-00','S000000076','T000000877'),('M000000878','0000-00-00','0000-00-00','S000000077','T000000878'),('M000000879','0000-00-00','0000-00-00','S000000078','T000000879'),('M000000880','0000-00-00','0000-00-00','S000000079','T000000880'),('M000000881','0000-00-00','0000-00-00','S000000080','T000000881'),('M000000882','0000-00-00','0000-00-00','S00000001','T000000882'),('M000000883','0000-00-00','0000-00-00','S00000002','T000000883'),('M000000884','0000-00-00','0000-00-00','S00000003','T000000884'),('M000000885','0000-00-00','0000-00-00','S00000004','T000000885'),('M000000886','0000-00-00','0000-00-00','S00000005','T000000886'),('M000000887','0000-00-00','0000-00-00','S00000006','T000000887'),('M000000888','0000-00-00','0000-00-00','S00000007','T000000888'),('M000000889','0000-00-00','0000-00-00','S00000008','T000000889'),('M000000890','0000-00-00','0000-00-00','S00000009','T000000890'),('M000000891','0000-00-00','0000-00-00','S000000010','T000000891'),('M000000892','0000-00-00','0000-00-00','S000000011','T000000892'),('M000000893','0000-00-00','0000-00-00','S000000012','T000000893'),('M000000894','0000-00-00','0000-00-00','S000000013','T000000894'),('M000000895','0000-00-00','0000-00-00','S000000014','T000000895'),('M000000896','0000-00-00','0000-00-00','S000000015','T000000896'),('M000000897','0000-00-00','0000-00-00','S000000016','T000000897'),('M000000898','0000-00-00','0000-00-00','S000000017','T000000898'),('M000000899','0000-00-00','0000-00-00','S000000018','T000000899'),('M000000900','0000-00-00','0000-00-00','S000000019','T000000900'),('M000000901','0000-00-00','0000-00-00','S000000020','T000000901'),('M000000902','0000-00-00','0000-00-00','S000000021','T000000902'),('M000000903','0000-00-00','0000-00-00','S000000022','T000000903'),('M000000904','0000-00-00','0000-00-00','S000000023','T000000904'),('M000000905','0000-00-00','0000-00-00','S000000024','T000000905'),('M000000906','0000-00-00','0000-00-00','S000000025','T000000906'),('M000000907','0000-00-00','0000-00-00','S000000026','T000000907'),('M000000908','0000-00-00','0000-00-00','S000000027','T000000908'),('M000000909','0000-00-00','0000-00-00','S000000028','T000000909'),('M000000910','0000-00-00','0000-00-00','S000000029','T000000910'),('M000000911','0000-00-00','0000-00-00','S000000030','T000000911'),('M000000912','0000-00-00','0000-00-00','S000000031','T000000912'),('M000000913','0000-00-00','0000-00-00','S000000032','T000000913'),('M000000914','0000-00-00','0000-00-00','S000000033','T000000914'),('M000000915','0000-00-00','0000-00-00','S000000034','T000000915'),('M000000916','0000-00-00','0000-00-00','S000000035','T000000916'),('M000000917','0000-00-00','0000-00-00','S000000036','T000000917'),('M000000918','0000-00-00','0000-00-00','S000000037','T000000918'),('M000000919','0000-00-00','0000-00-00','S000000038','T000000919'),('M000000920','0000-00-00','0000-00-00','S000000039','T000000920'),('M000000921','0000-00-00','0000-00-00','S000000040','T000000921'),('M000000922','0000-00-00','0000-00-00','S000000041','T000000922'),('M000000923','0000-00-00','0000-00-00','S000000042','T000000923'),('M000000924','0000-00-00','0000-00-00','S000000043','T000000924'),('M000000925','0000-00-00','0000-00-00','S000000044','T000000925'),('M000000926','0000-00-00','0000-00-00','S000000045','T000000926'),('M000000927','0000-00-00','0000-00-00','S000000046','T000000927'),('M000000928','0000-00-00','0000-00-00','S000000047','T000000928'),('M000000929','0000-00-00','0000-00-00','S000000048','T000000929'),('M000000930','0000-00-00','0000-00-00','S000000049','T000000930'),('M000000931','0000-00-00','0000-00-00','S000000050','T000000931'),('M000000932','0000-00-00','0000-00-00','S000000051','T000000932'),('M000000933','0000-00-00','0000-00-00','S000000052','T000000933'),('M000000934','0000-00-00','0000-00-00','S000000053','T000000934'),('M000000935','0000-00-00','0000-00-00','S000000054','T000000935'),('M000000936','0000-00-00','0000-00-00','S000000055','T000000936'),('M000000937','0000-00-00','0000-00-00','S000000056','T000000937'),('M000000938','0000-00-00','0000-00-00','S000000057','T000000938'),('M000000939','0000-00-00','0000-00-00','S000000058','T000000939'),('M000000940','0000-00-00','0000-00-00','S000000059','T000000940'),('M000000941','0000-00-00','0000-00-00','S000000060','T000000941'),('M000000942','0000-00-00','0000-00-00','S000000061','T000000942'),('M000000943','0000-00-00','0000-00-00','S000000062','T000000943'),('M000000944','0000-00-00','0000-00-00','S000000063','T000000944'),('M000000945','0000-00-00','0000-00-00','S000000064','T000000945'),('M000000946','0000-00-00','0000-00-00','S000000065','T000000946'),('M000000947','0000-00-00','0000-00-00','S000000066','T000000947'),('M000000948','0000-00-00','0000-00-00','S000000067','T000000948'),('M000000949','0000-00-00','0000-00-00','S000000068','T000000949'),('M000000950','0000-00-00','0000-00-00','S000000069','T000000950'),('M000000951','0000-00-00','0000-00-00','S000000070','T000000951'),('M000000952','0000-00-00','0000-00-00','S000000071','T000000952'),('M000000953','0000-00-00','0000-00-00','S000000072','T000000953'),('M000000954','0000-00-00','0000-00-00','S000000073','T000000954'),('M000000955','0000-00-00','0000-00-00','S000000074','T000000955'),('M000000956','0000-00-00','0000-00-00','S000000075','T000000956'),('M000000957','0000-00-00','0000-00-00','S000000076','T000000957'),('M000000958','0000-00-00','0000-00-00','S000000077','T000000958'),('M000000959','0000-00-00','0000-00-00','S000000078','T000000959'),('M000000960','0000-00-00','0000-00-00','S000000079','T000000960'),('M000000961','0000-00-00','0000-00-00','S000000080','T000000961'),('M000000962','0000-00-00','0000-00-00','S00000001','T000000962'),('M000000963','0000-00-00','0000-00-00','S00000002','T000000963'),('M000000964','0000-00-00','0000-00-00','S00000003','T000000964'),('M000000965','0000-00-00','0000-00-00','S00000004','T000000965'),('M000000966','0000-00-00','0000-00-00','S00000005','T000000966'),('M000000967','0000-00-00','0000-00-00','S00000006','T000000967'),('M000000968','0000-00-00','0000-00-00','S00000007','T000000968'),('M000000969','0000-00-00','0000-00-00','S00000008','T000000969'),('M000000970','0000-00-00','0000-00-00','S00000009','T000000970'),('M000000971','0000-00-00','0000-00-00','S000000010','T000000971'),('M000000972','0000-00-00','0000-00-00','S000000011','T000000972'),('M000000973','0000-00-00','0000-00-00','S000000012','T000000973'),('M000000974','0000-00-00','0000-00-00','S000000013','T000000974'),('M000000975','0000-00-00','0000-00-00','S000000014','T000000975'),('M000000976','0000-00-00','0000-00-00','S000000015','T000000976'),('M000000977','0000-00-00','0000-00-00','S000000016','T000000977'),('M000000978','0000-00-00','0000-00-00','S000000017','T000000978'),('M000000979','0000-00-00','0000-00-00','S000000018','T000000979'),('M000000980','0000-00-00','0000-00-00','S000000019','T000000980'),('M000000981','0000-00-00','0000-00-00','S000000020','T000000981'),('M000000982','0000-00-00','0000-00-00','S000000021','T000000982'),('M000000983','0000-00-00','0000-00-00','S000000022','T000000983'),('M000000984','0000-00-00','0000-00-00','S000000023','T000000984'),('M000000985','0000-00-00','0000-00-00','S000000024','T000000985'),('M000000986','0000-00-00','0000-00-00','S000000025','T000000986'),('M000000987','0000-00-00','0000-00-00','S000000026','T000000987'),('M000000988','0000-00-00','0000-00-00','S000000027','T000000988'),('M000000989','0000-00-00','0000-00-00','S000000028','T000000989'),('M000000990','0000-00-00','0000-00-00','S000000029','T000000990'),('M000000991','0000-00-00','0000-00-00','S000000030','T000000991'),('M000000992','0000-00-00','0000-00-00','S000000031','T000000992'),('M000000993','0000-00-00','0000-00-00','S000000032','T000000993'),('M000000994','0000-00-00','0000-00-00','S000000033','T000000994'),('M000000995','0000-00-00','0000-00-00','S000000034','T000000995'),('M000000996','0000-00-00','0000-00-00','S000000035','T000000996'),('M000000997','0000-00-00','0000-00-00','S000000036','T000000997'),('M000000998','0000-00-00','0000-00-00','S000000037','T000000998'),('M000000999','0000-00-00','0000-00-00','S000000038','T000000999'),('M000001000','0000-00-00','0000-00-00','S000000039','T000001000'),('M000001001','0000-00-00','0000-00-00','S000000040','T000001001'),('M000001002','0000-00-00','0000-00-00','S000000041','T000001002'),('M000001003','0000-00-00','0000-00-00','S000000042','T000001003'),('M000001004','0000-00-00','0000-00-00','S000000043','T000001004'),('M000001005','0000-00-00','0000-00-00','S000000044','T000001005'),('M000001006','0000-00-00','0000-00-00','S000000045','T000001006'),('M000001007','0000-00-00','0000-00-00','S000000046','T000001007'),('M000001008','0000-00-00','0000-00-00','S000000047','T000001008'),('M000001009','0000-00-00','0000-00-00','S000000048','T000001009'),('M000001010','0000-00-00','0000-00-00','S000000049','T000001010'),('M000001011','0000-00-00','0000-00-00','S000000050','T000001011'),('M000001012','0000-00-00','0000-00-00','S000000051','T000001012'),('M000001013','0000-00-00','0000-00-00','S000000052','T000001013'),('M000001014','0000-00-00','0000-00-00','S000000053','T000001014'),('M000001015','0000-00-00','0000-00-00','S000000054','T000001015'),('M000001016','0000-00-00','0000-00-00','S000000055','T000001016'),('M000001017','0000-00-00','0000-00-00','S000000056','T000001017'),('M000001018','0000-00-00','0000-00-00','S000000057','T000001018'),('M000001019','0000-00-00','0000-00-00','S000000058','T000001019'),('M000001020','0000-00-00','0000-00-00','S000000059','T000001020'),('M000001021','0000-00-00','0000-00-00','S000000060','T000001021'),('M000001022','0000-00-00','0000-00-00','S000000061','T000001022'),('M000001023','0000-00-00','0000-00-00','S000000062','T000001023'),('M000001024','0000-00-00','0000-00-00','S000000063','T000001024'),('M000001025','0000-00-00','0000-00-00','S000000064','T000001025'),('M000001026','0000-00-00','0000-00-00','S000000065','T000001026'),('M000001027','0000-00-00','0000-00-00','S000000066','T000001027'),('M000001028','0000-00-00','0000-00-00','S000000067','T000001028'),('M000001029','0000-00-00','0000-00-00','S000000068','T000001029'),('M000001030','0000-00-00','0000-00-00','S000000069','T000001030'),('M000001031','0000-00-00','0000-00-00','S000000070','T000001031'),('M000001032','0000-00-00','0000-00-00','S000000071','T000001032'),('M000001033','0000-00-00','0000-00-00','S000000072','T000001033'),('M000001034','0000-00-00','0000-00-00','S000000073','T000001034'),('M000001035','0000-00-00','0000-00-00','S000000074','T000001035'),('M000001036','0000-00-00','0000-00-00','S000000075','T000001036'),('M000001037','0000-00-00','0000-00-00','S000000076','T000001037'),('M000001038','0000-00-00','0000-00-00','S000000077','T000001038'),('M000001039','0000-00-00','0000-00-00','S000000078','T000001039'),('M000001040','0000-00-00','0000-00-00','S000000079','T000001040'),('M000001041','0000-00-00','0000-00-00','S000000080','T000001041'),('M000001042','0000-00-00','0000-00-00','S00000001','T000001042'),('M000001043','0000-00-00','0000-00-00','S00000002','T000001043'),('M000001044','0000-00-00','0000-00-00','S00000003','T000001044'),('M000001045','0000-00-00','0000-00-00','S00000004','T000001045'),('M000001046','0000-00-00','0000-00-00','S00000005','T000001046'),('M000001047','0000-00-00','0000-00-00','S00000006','T000001047'),('M000001048','0000-00-00','0000-00-00','S00000007','T000001048'),('M000001049','0000-00-00','0000-00-00','S00000008','T000001049'),('M000001050','0000-00-00','0000-00-00','S00000009','T000001050'),('M000001051','0000-00-00','0000-00-00','S000000010','T000001051'),('M000001052','0000-00-00','0000-00-00','S000000011','T000001052'),('M000001053','0000-00-00','0000-00-00','S000000012','T000001053'),('M000001054','0000-00-00','0000-00-00','S000000013','T000001054'),('M000001055','0000-00-00','0000-00-00','S000000014','T000001055'),('M000001056','0000-00-00','0000-00-00','S000000015','T000001056'),('M000001057','0000-00-00','0000-00-00','S000000016','T000001057'),('M000001058','0000-00-00','0000-00-00','S000000017','T000001058'),('M000001059','0000-00-00','0000-00-00','S000000018','T000001059'),('M000001060','0000-00-00','0000-00-00','S000000019','T000001060'),('M000001061','0000-00-00','0000-00-00','S000000020','T000001061'),('M000001062','0000-00-00','0000-00-00','S000000021','T000001062'),('M000001063','0000-00-00','0000-00-00','S000000022','T000001063'),('M000001064','0000-00-00','0000-00-00','S000000023','T000001064'),('M000001065','0000-00-00','0000-00-00','S000000024','T000001065'),('M000001066','0000-00-00','0000-00-00','S000000025','T000001066'),('M000001067','0000-00-00','0000-00-00','S000000026','T000001067'),('M000001068','0000-00-00','0000-00-00','S000000027','T000001068'),('M000001069','0000-00-00','0000-00-00','S000000028','T000001069'),('M000001070','0000-00-00','0000-00-00','S000000029','T000001070'),('M000001071','0000-00-00','0000-00-00','S000000030','T000001071'),('M000001072','0000-00-00','0000-00-00','S000000031','T000001072'),('M000001073','0000-00-00','0000-00-00','S000000032','T000001073'),('M000001074','0000-00-00','0000-00-00','S000000033','T000001074'),('M000001075','0000-00-00','0000-00-00','S000000034','T000001075'),('M000001076','0000-00-00','0000-00-00','S000000035','T000001076'),('M000001077','0000-00-00','0000-00-00','S000000036','T000001077'),('M000001078','0000-00-00','0000-00-00','S000000037','T000001078'),('M000001079','0000-00-00','0000-00-00','S000000038','T000001079'),('M000001080','0000-00-00','0000-00-00','S000000039','T000001080'),('M000001081','0000-00-00','0000-00-00','S000000040','T000001081'),('M000001082','0000-00-00','0000-00-00','S000000041','T000001082'),('M000001083','0000-00-00','0000-00-00','S000000042','T000001083'),('M000001084','0000-00-00','0000-00-00','S000000043','T000001084'),('M000001085','0000-00-00','0000-00-00','S000000044','T000001085'),('M000001086','0000-00-00','0000-00-00','S000000045','T000001086'),('M000001087','0000-00-00','0000-00-00','S000000046','T000001087'),('M000001088','0000-00-00','0000-00-00','S000000047','T000001088'),('M000001089','0000-00-00','0000-00-00','S000000048','T000001089'),('M000001090','0000-00-00','0000-00-00','S000000049','T000001090'),('M000001091','0000-00-00','0000-00-00','S000000050','T000001091'),('M000001092','0000-00-00','0000-00-00','S000000051','T000001092'),('M000001093','0000-00-00','0000-00-00','S000000052','T000001093'),('M000001094','0000-00-00','0000-00-00','S000000053','T000001094'),('M000001095','0000-00-00','0000-00-00','S000000054','T000001095'),('M000001096','0000-00-00','0000-00-00','S000000055','T000001096'),('M000001097','0000-00-00','0000-00-00','S000000056','T000001097'),('M000001098','0000-00-00','0000-00-00','S000000057','T000001098'),('M000001099','0000-00-00','0000-00-00','S000000058','T000001099'),('M000001100','0000-00-00','0000-00-00','S000000059','T000001100'),('M000001101','0000-00-00','0000-00-00','S000000060','T000001101'),('M000001102','0000-00-00','0000-00-00','S000000061','T000001102'),('M000001103','0000-00-00','0000-00-00','S000000062','T000001103'),('M000001104','0000-00-00','0000-00-00','S000000063','T000001104'),('M000001105','0000-00-00','0000-00-00','S000000064','T000001105'),('M000001106','0000-00-00','0000-00-00','S000000065','T000001106'),('M000001107','0000-00-00','0000-00-00','S000000066','T000001107'),('M000001108','0000-00-00','0000-00-00','S000000067','T000001108'),('M000001109','0000-00-00','0000-00-00','S000000068','T000001109'),('M000001110','0000-00-00','0000-00-00','S000000069','T000001110'),('M000001111','0000-00-00','0000-00-00','S000000070','T000001111'),('M000001112','0000-00-00','0000-00-00','S000000071','T000001112'),('M000001113','0000-00-00','0000-00-00','S000000072','T000001113'),('M000001114','0000-00-00','0000-00-00','S000000073','T000001114'),('M000001115','0000-00-00','0000-00-00','S000000074','T000001115'),('M000001116','0000-00-00','0000-00-00','S000000075','T000001116'),('M000001117','0000-00-00','0000-00-00','S000000076','T000001117'),('M000001118','0000-00-00','0000-00-00','S000000077','T000001118'),('M000001119','0000-00-00','0000-00-00','S000000078','T000001119'),('M000001120','0000-00-00','0000-00-00','S000000079','T000001120'),('M000001121','0000-00-00','0000-00-00','S000000080','T000001121'),('M000001122','0000-00-00','0000-00-00','S00000001','T000001122'),('M000001123','0000-00-00','0000-00-00','S00000002','T000001123'),('M000001124','0000-00-00','0000-00-00','S00000003','T000001124'),('M000001125','0000-00-00','0000-00-00','S00000004','T000001125'),('M000001126','0000-00-00','0000-00-00','S00000005','T000001126'),('M000001127','0000-00-00','0000-00-00','S00000006','T000001127'),('M000001128','0000-00-00','0000-00-00','S00000007','T000001128'),('M000001129','0000-00-00','0000-00-00','S00000008','T000001129'),('M000001130','0000-00-00','0000-00-00','S00000009','T000001130'),('M000001131','0000-00-00','0000-00-00','S000000010','T000001131'),('M000001132','0000-00-00','0000-00-00','S000000011','T000001132'),('M000001133','0000-00-00','0000-00-00','S000000012','T000001133'),('M000001134','0000-00-00','0000-00-00','S000000013','T000001134'),('M000001135','0000-00-00','0000-00-00','S000000014','T000001135'),('M000001136','0000-00-00','0000-00-00','S000000015','T000001136'),('M000001137','0000-00-00','0000-00-00','S000000016','T000001137'),('M000001138','0000-00-00','0000-00-00','S000000017','T000001138'),('M000001139','0000-00-00','0000-00-00','S000000018','T000001139'),('M000001140','0000-00-00','0000-00-00','S000000019','T000001140'),('M000001141','0000-00-00','0000-00-00','S000000020','T000001141'),('M000001142','0000-00-00','0000-00-00','S000000021','T000001142'),('M000001143','0000-00-00','0000-00-00','S000000022','T000001143'),('M000001144','0000-00-00','0000-00-00','S000000023','T000001144'),('M000001145','0000-00-00','0000-00-00','S000000024','T000001145'),('M000001146','0000-00-00','0000-00-00','S000000025','T000001146'),('M000001147','0000-00-00','0000-00-00','S000000026','T000001147'),('M000001148','0000-00-00','0000-00-00','S000000027','T000001148'),('M000001149','0000-00-00','0000-00-00','S000000028','T000001149'),('M000001150','0000-00-00','0000-00-00','S000000029','T000001150'),('M000001151','0000-00-00','0000-00-00','S000000030','T000001151'),('M000001152','0000-00-00','0000-00-00','S000000031','T000001152'),('M000001153','0000-00-00','0000-00-00','S000000032','T000001153'),('M000001154','0000-00-00','0000-00-00','S000000033','T000001154'),('M000001155','0000-00-00','0000-00-00','S000000034','T000001155'),('M000001156','0000-00-00','0000-00-00','S000000035','T000001156'),('M000001157','0000-00-00','0000-00-00','S000000036','T000001157'),('M000001158','0000-00-00','0000-00-00','S000000037','T000001158'),('M000001159','0000-00-00','0000-00-00','S000000038','T000001159'),('M000001160','0000-00-00','0000-00-00','S000000039','T000001160'),('M000001161','0000-00-00','0000-00-00','S000000040','T000001161'),('M000001162','0000-00-00','0000-00-00','S000000041','T000001162'),('M000001163','0000-00-00','0000-00-00','S000000042','T000001163'),('M000001164','0000-00-00','0000-00-00','S000000043','T000001164'),('M000001165','0000-00-00','0000-00-00','S000000044','T000001165'),('M000001166','0000-00-00','0000-00-00','S000000045','T000001166'),('M000001167','0000-00-00','0000-00-00','S000000046','T000001167'),('M000001168','0000-00-00','0000-00-00','S000000047','T000001168'),('M000001169','0000-00-00','0000-00-00','S000000048','T000001169'),('M000001170','0000-00-00','0000-00-00','S000000049','T000001170'),('M000001171','0000-00-00','0000-00-00','S000000050','T000001171'),('M000001172','0000-00-00','0000-00-00','S000000051','T000001172'),('M000001173','0000-00-00','0000-00-00','S000000052','T000001173'),('M000001174','0000-00-00','0000-00-00','S000000053','T000001174'),('M000001175','0000-00-00','0000-00-00','S000000054','T000001175'),('M000001176','0000-00-00','0000-00-00','S000000055','T000001176'),('M000001177','0000-00-00','0000-00-00','S000000056','T000001177'),('M000001178','0000-00-00','0000-00-00','S000000057','T000001178'),('M000001179','0000-00-00','0000-00-00','S000000058','T000001179'),('M000001180','0000-00-00','0000-00-00','S000000059','T000001180'),('M000001181','0000-00-00','0000-00-00','S000000060','T000001181'),('M000001182','0000-00-00','0000-00-00','S000000061','T000001182'),('M000001183','0000-00-00','0000-00-00','S000000062','T000001183'),('M000001184','0000-00-00','0000-00-00','S000000063','T000001184'),('M000001185','0000-00-00','0000-00-00','S000000064','T000001185'),('M000001186','0000-00-00','0000-00-00','S000000065','T000001186'),('M000001187','0000-00-00','0000-00-00','S000000066','T000001187'),('M000001188','0000-00-00','0000-00-00','S000000067','T000001188'),('M000001189','0000-00-00','0000-00-00','S000000068','T000001189'),('M000001190','0000-00-00','0000-00-00','S000000069','T000001190'),('M000001191','0000-00-00','0000-00-00','S000000070','T000001191'),('M000001192','0000-00-00','0000-00-00','S000000071','T000001192'),('M000001193','0000-00-00','0000-00-00','S000000072','T000001193'),('M000001194','0000-00-00','0000-00-00','S000000073','T000001194'),('M000001195','0000-00-00','0000-00-00','S000000074','T000001195'),('M000001196','0000-00-00','0000-00-00','S000000075','T000001196'),('M000001197','0000-00-00','0000-00-00','S000000076','T000001197'),('M000001198','0000-00-00','0000-00-00','S000000077','T000001198'),('M000001199','0000-00-00','0000-00-00','S000000078','T000001199'),('M000001200','0000-00-00','0000-00-00','S000000079','T000001200'),('M000001201','0000-00-00','0000-00-00','S000000080','T000001201'),('M000001202','0000-00-00','0000-00-00','S00000001','T000001202'),('M000001203','0000-00-00','0000-00-00','S00000002','T000001203'),('M000001204','0000-00-00','0000-00-00','S00000003','T000001204'),('M000001205','0000-00-00','0000-00-00','S00000004','T000001205'),('M000001206','0000-00-00','0000-00-00','S00000005','T000001206'),('M000001207','0000-00-00','0000-00-00','S00000006','T000001207'),('M000001208','0000-00-00','0000-00-00','S00000007','T000001208'),('M000001209','0000-00-00','0000-00-00','S00000008','T000001209'),('M000001210','0000-00-00','0000-00-00','S00000009','T000001210'),('M000001211','0000-00-00','0000-00-00','S000000010','T000001211'),('M000001212','0000-00-00','0000-00-00','S000000011','T000001212'),('M000001213','0000-00-00','0000-00-00','S000000012','T000001213'),('M000001214','0000-00-00','0000-00-00','S000000013','T000001214'),('M000001215','0000-00-00','0000-00-00','S000000014','T000001215'),('M000001216','0000-00-00','0000-00-00','S000000015','T000001216'),('M000001217','0000-00-00','0000-00-00','S000000016','T000001217'),('M000001218','0000-00-00','0000-00-00','S000000017','T000001218'),('M000001219','0000-00-00','0000-00-00','S000000018','T000001219'),('M000001220','0000-00-00','0000-00-00','S000000019','T000001220'),('M000001221','0000-00-00','0000-00-00','S000000020','T000001221'),('M000001222','0000-00-00','0000-00-00','S000000021','T000001222'),('M000001223','0000-00-00','0000-00-00','S000000022','T000001223'),('M000001224','0000-00-00','0000-00-00','S000000023','T000001224'),('M000001225','0000-00-00','0000-00-00','S000000024','T000001225'),('M000001226','0000-00-00','0000-00-00','S000000025','T000001226'),('M000001227','0000-00-00','0000-00-00','S000000026','T000001227'),('M000001228','0000-00-00','0000-00-00','S000000027','T000001228'),('M000001229','0000-00-00','0000-00-00','S000000028','T000001229'),('M000001230','0000-00-00','0000-00-00','S000000029','T000001230'),('M000001231','0000-00-00','0000-00-00','S000000030','T000001231'),('M000001232','0000-00-00','0000-00-00','S000000031','T000001232'),('M000001233','0000-00-00','0000-00-00','S000000032','T000001233'),('M000001234','0000-00-00','0000-00-00','S000000033','T000001234'),('M000001235','0000-00-00','0000-00-00','S000000034','T000001235'),('M000001236','0000-00-00','0000-00-00','S000000035','T000001236'),('M000001237','0000-00-00','0000-00-00','S000000036','T000001237'),('M000001238','0000-00-00','0000-00-00','S000000037','T000001238'),('M000001239','0000-00-00','0000-00-00','S000000038','T000001239'),('M000001240','0000-00-00','0000-00-00','S000000039','T000001240'),('M000001241','0000-00-00','0000-00-00','S000000040','T000001241'),('M000001242','0000-00-00','0000-00-00','S000000041','T000001242'),('M000001243','0000-00-00','0000-00-00','S000000042','T000001243'),('M000001244','0000-00-00','0000-00-00','S000000043','T000001244'),('M000001245','0000-00-00','0000-00-00','S000000044','T000001245'),('M000001246','0000-00-00','0000-00-00','S000000045','T000001246'),('M000001247','0000-00-00','0000-00-00','S000000046','T000001247'),('M000001248','0000-00-00','0000-00-00','S000000047','T000001248'),('M000001249','0000-00-00','0000-00-00','S000000048','T000001249'),('M000001250','0000-00-00','0000-00-00','S000000049','T000001250'),('M000001251','0000-00-00','0000-00-00','S000000050','T000001251'),('M000001252','0000-00-00','0000-00-00','S000000051','T000001252'),('M000001253','0000-00-00','0000-00-00','S000000052','T000001253'),('M000001254','0000-00-00','0000-00-00','S000000053','T000001254'),('M000001255','0000-00-00','0000-00-00','S000000054','T000001255'),('M000001256','0000-00-00','0000-00-00','S000000055','T000001256'),('M000001257','0000-00-00','0000-00-00','S000000056','T000001257'),('M000001258','0000-00-00','0000-00-00','S000000057','T000001258'),('M000001259','0000-00-00','0000-00-00','S000000058','T000001259'),('M000001260','0000-00-00','0000-00-00','S000000059','T000001260'),('M000001261','0000-00-00','0000-00-00','S000000060','T000001261'),('M000001262','0000-00-00','0000-00-00','S000000061','T000001262'),('M000001263','0000-00-00','0000-00-00','S000000062','T000001263'),('M000001264','0000-00-00','0000-00-00','S000000063','T000001264'),('M000001265','0000-00-00','0000-00-00','S000000064','T000001265'),('M000001266','0000-00-00','0000-00-00','S000000065','T000001266'),('M000001267','0000-00-00','0000-00-00','S000000066','T000001267'),('M000001268','0000-00-00','0000-00-00','S000000067','T000001268'),('M000001269','0000-00-00','0000-00-00','S000000068','T000001269'),('M000001270','0000-00-00','0000-00-00','S000000069','T000001270'),('M000001271','0000-00-00','0000-00-00','S000000070','T000001271'),('M000001272','0000-00-00','0000-00-00','S000000071','T000001272'),('M000001273','0000-00-00','0000-00-00','S000000072','T000001273'),('M000001274','0000-00-00','0000-00-00','S000000073','T000001274'),('M000001275','0000-00-00','0000-00-00','S000000074','T000001275'),('M000001276','0000-00-00','0000-00-00','S000000075','T000001276'),('M000001277','0000-00-00','0000-00-00','S000000076','T000001277'),('M000001278','0000-00-00','0000-00-00','S000000077','T000001278'),('M000001279','0000-00-00','0000-00-00','S000000078','T000001279'),('M000001280','0000-00-00','0000-00-00','S000000079','T000001280'),('M000001281','0000-00-00','0000-00-00','S000000080','T000001281'),('M000001282','0000-00-00','0000-00-00','S00000001','T000001282'),('M000001283','0000-00-00','0000-00-00','S00000002','T000001283'),('M000001284','0000-00-00','0000-00-00','S00000003','T000001284'),('M000001285','0000-00-00','0000-00-00','S00000004','T000001285'),('M000001286','0000-00-00','0000-00-00','S00000005','T000001286'),('M000001287','0000-00-00','0000-00-00','S00000006','T000001287'),('M000001288','0000-00-00','0000-00-00','S00000007','T000001288'),('M000001289','0000-00-00','0000-00-00','S00000008','T000001289'),('M000001290','0000-00-00','0000-00-00','S00000009','T000001290'),('M000001291','0000-00-00','0000-00-00','S000000010','T000001291'),('M000001292','0000-00-00','0000-00-00','S000000011','T000001292'),('M000001293','0000-00-00','0000-00-00','S000000012','T000001293'),('M000001294','0000-00-00','0000-00-00','S000000013','T000001294'),('M000001295','0000-00-00','0000-00-00','S000000014','T000001295'),('M000001296','0000-00-00','0000-00-00','S000000015','T000001296'),('M000001297','0000-00-00','0000-00-00','S000000016','T000001297'),('M000001298','0000-00-00','0000-00-00','S000000017','T000001298'),('M000001299','0000-00-00','0000-00-00','S000000018','T000001299'),('M000001300','0000-00-00','0000-00-00','S000000019','T000001300'),('M000001301','0000-00-00','0000-00-00','S000000020','T000001301'),('M000001302','0000-00-00','0000-00-00','S000000021','T000001302'),('M000001303','0000-00-00','0000-00-00','S000000022','T000001303'),('M000001304','0000-00-00','0000-00-00','S000000023','T000001304'),('M000001305','0000-00-00','0000-00-00','S000000024','T000001305'),('M000001306','0000-00-00','0000-00-00','S000000025','T000001306'),('M000001307','0000-00-00','0000-00-00','S000000026','T000001307'),('M000001308','0000-00-00','0000-00-00','S000000027','T000001308'),('M000001309','0000-00-00','0000-00-00','S000000028','T000001309'),('M000001310','0000-00-00','0000-00-00','S000000029','T000001310'),('M000001311','0000-00-00','0000-00-00','S000000030','T000001311'),('M000001312','0000-00-00','0000-00-00','S000000031','T000001312'),('M000001313','0000-00-00','0000-00-00','S000000032','T000001313'),('M000001314','0000-00-00','0000-00-00','S000000033','T000001314'),('M000001315','0000-00-00','0000-00-00','S000000034','T000001315'),('M000001316','0000-00-00','0000-00-00','S000000035','T000001316'),('M000001317','0000-00-00','0000-00-00','S000000036','T000001317'),('M000001318','0000-00-00','0000-00-00','S000000037','T000001318'),('M000001319','0000-00-00','0000-00-00','S000000038','T000001319'),('M000001320','0000-00-00','0000-00-00','S000000039','T000001320'),('M000001321','0000-00-00','0000-00-00','S000000040','T000001321'),('M000001322','0000-00-00','0000-00-00','S000000041','T000001322'),('M000001323','0000-00-00','0000-00-00','S000000042','T000001323'),('M000001324','0000-00-00','0000-00-00','S000000043','T000001324'),('M000001325','0000-00-00','0000-00-00','S000000044','T000001325'),('M000001326','0000-00-00','0000-00-00','S000000045','T000001326'),('M000001327','0000-00-00','0000-00-00','S000000046','T000001327'),('M000001328','0000-00-00','0000-00-00','S000000047','T000001328'),('M000001329','0000-00-00','0000-00-00','S000000048','T000001329'),('M000001330','0000-00-00','0000-00-00','S000000049','T000001330'),('M000001331','0000-00-00','0000-00-00','S000000050','T000001331'),('M000001332','0000-00-00','0000-00-00','S000000051','T000001332'),('M000001333','0000-00-00','0000-00-00','S000000052','T000001333'),('M000001334','0000-00-00','0000-00-00','S000000053','T000001334'),('M000001335','0000-00-00','0000-00-00','S000000054','T000001335'),('M000001336','0000-00-00','0000-00-00','S000000055','T000001336'),('M000001337','0000-00-00','0000-00-00','S000000056','T000001337'),('M000001338','0000-00-00','0000-00-00','S000000057','T000001338'),('M000001339','0000-00-00','0000-00-00','S000000058','T000001339'),('M000001340','0000-00-00','0000-00-00','S000000059','T000001340'),('M000001341','0000-00-00','0000-00-00','S000000060','T000001341'),('M000001342','0000-00-00','0000-00-00','S000000061','T000001342'),('M000001343','0000-00-00','0000-00-00','S000000062','T000001343'),('M000001344','0000-00-00','0000-00-00','S000000063','T000001344'),('M000001345','0000-00-00','0000-00-00','S000000064','T000001345'),('M000001346','0000-00-00','0000-00-00','S000000065','T000001346'),('M000001347','0000-00-00','0000-00-00','S000000066','T000001347'),('M000001348','0000-00-00','0000-00-00','S000000067','T000001348'),('M000001349','0000-00-00','0000-00-00','S000000068','T000001349'),('M000001350','0000-00-00','0000-00-00','S000000069','T000001350'),('M000001351','0000-00-00','0000-00-00','S000000070','T000001351'),('M000001352','0000-00-00','0000-00-00','S000000071','T000001352'),('M000001353','0000-00-00','0000-00-00','S000000072','T000001353'),('M000001354','0000-00-00','0000-00-00','S000000073','T000001354'),('M000001355','0000-00-00','0000-00-00','S000000074','T000001355'),('M000001356','0000-00-00','0000-00-00','S000000075','T000001356'),('M000001357','0000-00-00','0000-00-00','S000000076','T000001357'),('M000001358','0000-00-00','0000-00-00','S000000077','T000001358'),('M000001359','0000-00-00','0000-00-00','S000000078','T000001359'),('M000001360','0000-00-00','0000-00-00','S000000079','T000001360'),('M000001361','0000-00-00','0000-00-00','S000000080','T000001361'),('M000001362','0000-00-00','0000-00-00','S00000001','T000001362'),('M000001363','0000-00-00','0000-00-00','S00000002','T000001363'),('M000001364','0000-00-00','0000-00-00','S00000003','T000001364'),('M000001365','0000-00-00','0000-00-00','S00000004','T000001365'),('M000001366','0000-00-00','0000-00-00','S00000005','T000001366'),('M000001367','0000-00-00','0000-00-00','S00000006','T000001367'),('M000001368','0000-00-00','0000-00-00','S00000007','T000001368'),('M000001369','0000-00-00','0000-00-00','S00000008','T000001369'),('M000001370','0000-00-00','0000-00-00','S00000009','T000001370'),('M000001371','0000-00-00','0000-00-00','S000000010','T000001371'),('M000001372','0000-00-00','0000-00-00','S000000011','T000001372'),('M000001373','0000-00-00','0000-00-00','S000000012','T000001373'),('M000001374','0000-00-00','0000-00-00','S000000013','T000001374'),('M000001375','0000-00-00','0000-00-00','S000000014','T000001375'),('M000001376','0000-00-00','0000-00-00','S000000015','T000001376'),('M000001377','0000-00-00','0000-00-00','S000000016','T000001377'),('M000001378','0000-00-00','0000-00-00','S000000017','T000001378'),('M000001379','0000-00-00','0000-00-00','S000000018','T000001379'),('M000001380','0000-00-00','0000-00-00','S000000019','T000001380'),('M000001381','0000-00-00','0000-00-00','S000000020','T000001381'),('M000001382','0000-00-00','0000-00-00','S000000021','T000001382'),('M000001383','0000-00-00','0000-00-00','S000000022','T000001383'),('M000001384','0000-00-00','0000-00-00','S000000023','T000001384'),('M000001385','0000-00-00','0000-00-00','S000000024','T000001385'),('M000001386','0000-00-00','0000-00-00','S000000025','T000001386'),('M000001387','0000-00-00','0000-00-00','S000000026','T000001387'),('M000001388','0000-00-00','0000-00-00','S000000027','T000001388'),('M000001389','0000-00-00','0000-00-00','S000000028','T000001389'),('M000001390','0000-00-00','0000-00-00','S000000029','T000001390'),('M000001391','0000-00-00','0000-00-00','S000000030','T000001391'),('M000001392','0000-00-00','0000-00-00','S000000031','T000001392'),('M000001393','0000-00-00','0000-00-00','S000000032','T000001393'),('M000001394','0000-00-00','0000-00-00','S000000033','T000001394'),('M000001395','0000-00-00','0000-00-00','S000000034','T000001395'),('M000001396','0000-00-00','0000-00-00','S000000035','T000001396'),('M000001397','0000-00-00','0000-00-00','S000000036','T000001397'),('M000001398','0000-00-00','0000-00-00','S000000037','T000001398'),('M000001399','0000-00-00','0000-00-00','S000000038','T000001399'),('M000001400','0000-00-00','0000-00-00','S000000039','T000001400'),('M000001401','0000-00-00','0000-00-00','S000000040','T000001401'),('M000001402','0000-00-00','0000-00-00','S000000041','T000001402'),('M000001403','0000-00-00','0000-00-00','S000000042','T000001403'),('M000001404','0000-00-00','0000-00-00','S000000043','T000001404'),('M000001405','0000-00-00','0000-00-00','S000000044','T000001405'),('M000001406','0000-00-00','0000-00-00','S000000045','T000001406'),('M000001407','0000-00-00','0000-00-00','S000000046','T000001407'),('M000001408','0000-00-00','0000-00-00','S000000047','T000001408'),('M000001409','0000-00-00','0000-00-00','S000000048','T000001409'),('M000001410','0000-00-00','0000-00-00','S000000049','T000001410'),('M000001411','0000-00-00','0000-00-00','S000000050','T000001411'),('M000001412','0000-00-00','0000-00-00','S000000051','T000001412'),('M000001413','0000-00-00','0000-00-00','S000000052','T000001413'),('M000001414','0000-00-00','0000-00-00','S000000053','T000001414'),('M000001415','0000-00-00','0000-00-00','S000000054','T000001415'),('M000001416','0000-00-00','0000-00-00','S000000055','T000001416'),('M000001417','0000-00-00','0000-00-00','S000000056','T000001417'),('M000001418','0000-00-00','0000-00-00','S000000057','T000001418'),('M000001419','0000-00-00','0000-00-00','S000000058','T000001419'),('M000001420','0000-00-00','0000-00-00','S000000059','T000001420'),('M000001421','0000-00-00','0000-00-00','S000000060','T000001421'),('M000001422','0000-00-00','0000-00-00','S000000061','T000001422'),('M000001423','0000-00-00','0000-00-00','S000000062','T000001423'),('M000001424','0000-00-00','0000-00-00','S000000063','T000001424'),('M000001425','0000-00-00','0000-00-00','S000000064','T000001425'),('M000001426','0000-00-00','0000-00-00','S000000065','T000001426'),('M000001427','0000-00-00','0000-00-00','S000000066','T000001427'),('M000001428','0000-00-00','0000-00-00','S000000067','T000001428'),('M000001429','0000-00-00','0000-00-00','S000000068','T000001429'),('M000001430','0000-00-00','0000-00-00','S000000069','T000001430'),('M000001431','0000-00-00','0000-00-00','S000000070','T000001431'),('M000001432','0000-00-00','0000-00-00','S000000071','T000001432'),('M000001433','0000-00-00','0000-00-00','S000000072','T000001433'),('M000001434','0000-00-00','0000-00-00','S000000073','T000001434'),('M000001435','0000-00-00','0000-00-00','S000000074','T000001435'),('M000001436','0000-00-00','0000-00-00','S000000075','T000001436'),('M000001437','0000-00-00','0000-00-00','S000000076','T000001437'),('M000001438','0000-00-00','0000-00-00','S000000077','T000001438'),('M000001439','0000-00-00','0000-00-00','S000000078','T000001439'),('M000001440','0000-00-00','0000-00-00','S000000079','T000001440'),('M000001441','0000-00-00','0000-00-00','S000000080','T000001441'),('M000001442','0000-00-00','0000-00-00','S00000001','T000001442'),('M000001443','0000-00-00','0000-00-00','S00000002','T000001443'),('M000001444','0000-00-00','0000-00-00','S00000003','T000001444'),('M000001445','0000-00-00','0000-00-00','S00000004','T000001445'),('M000001446','0000-00-00','0000-00-00','S00000005','T000001446'),('M000001447','0000-00-00','0000-00-00','S00000006','T000001447'),('M000001448','0000-00-00','0000-00-00','S00000007','T000001448'),('M000001449','0000-00-00','0000-00-00','S00000008','T000001449'),('M000001450','0000-00-00','0000-00-00','S00000009','T000001450'),('M000001451','0000-00-00','0000-00-00','S000000010','T000001451'),('M000001452','0000-00-00','0000-00-00','S000000011','T000001452'),('M000001453','0000-00-00','0000-00-00','S000000012','T000001453'),('M000001454','0000-00-00','0000-00-00','S000000013','T000001454'),('M000001455','0000-00-00','0000-00-00','S000000014','T000001455'),('M000001456','0000-00-00','0000-00-00','S000000015','T000001456'),('M000001457','0000-00-00','0000-00-00','S000000016','T000001457'),('M000001458','0000-00-00','0000-00-00','S000000017','T000001458'),('M000001459','0000-00-00','0000-00-00','S000000018','T000001459'),('M000001460','0000-00-00','0000-00-00','S000000019','T000001460'),('M000001461','0000-00-00','0000-00-00','S000000020','T000001461'),('M000001462','0000-00-00','0000-00-00','S000000021','T000001462'),('M000001463','0000-00-00','0000-00-00','S000000022','T000001463'),('M000001464','0000-00-00','0000-00-00','S000000023','T000001464'),('M000001465','0000-00-00','0000-00-00','S000000024','T000001465'),('M000001466','0000-00-00','0000-00-00','S000000025','T000001466'),('M000001467','0000-00-00','0000-00-00','S000000026','T000001467'),('M000001468','0000-00-00','0000-00-00','S000000027','T000001468'),('M000001469','0000-00-00','0000-00-00','S000000028','T000001469'),('M000001470','0000-00-00','0000-00-00','S000000029','T000001470'),('M000001471','0000-00-00','0000-00-00','S000000030','T000001471'),('M000001472','0000-00-00','0000-00-00','S000000031','T000001472'),('M000001473','0000-00-00','0000-00-00','S000000032','T000001473'),('M000001474','0000-00-00','0000-00-00','S000000033','T000001474'),('M000001475','0000-00-00','0000-00-00','S000000034','T000001475'),('M000001476','0000-00-00','0000-00-00','S000000035','T000001476'),('M000001477','0000-00-00','0000-00-00','S000000036','T000001477'),('M000001478','0000-00-00','0000-00-00','S000000037','T000001478'),('M000001479','0000-00-00','0000-00-00','S000000038','T000001479'),('M000001480','0000-00-00','0000-00-00','S000000039','T000001480'),('M000001481','0000-00-00','0000-00-00','S000000040','T000001481'),('M000001482','0000-00-00','0000-00-00','S000000041','T000001482'),('M000001483','0000-00-00','0000-00-00','S000000042','T000001483'),('M000001484','0000-00-00','0000-00-00','S000000043','T000001484'),('M000001485','0000-00-00','0000-00-00','S000000044','T000001485'),('M000001486','0000-00-00','0000-00-00','S000000045','T000001486'),('M000001487','0000-00-00','0000-00-00','S000000046','T000001487'),('M000001488','0000-00-00','0000-00-00','S000000047','T000001488'),('M000001489','0000-00-00','0000-00-00','S000000048','T000001489'),('M000001490','0000-00-00','0000-00-00','S000000049','T000001490'),('M000001491','0000-00-00','0000-00-00','S000000050','T000001491'),('M000001492','0000-00-00','0000-00-00','S000000051','T000001492'),('M000001493','0000-00-00','0000-00-00','S000000052','T000001493'),('M000001494','0000-00-00','0000-00-00','S000000053','T000001494'),('M000001495','0000-00-00','0000-00-00','S000000054','T000001495'),('M000001496','0000-00-00','0000-00-00','S000000055','T000001496'),('M000001497','0000-00-00','0000-00-00','S000000056','T000001497'),('M000001498','0000-00-00','0000-00-00','S000000057','T000001498'),('M000001499','0000-00-00','0000-00-00','S000000058','T000001499'),('M000001500','0000-00-00','0000-00-00','S000000059','T000001500'),('M000001501','0000-00-00','0000-00-00','S000000060','T000001501'),('M000001502','0000-00-00','0000-00-00','S000000061','T000001502'),('M000001503','0000-00-00','0000-00-00','S000000062','T000001503'),('M000001504','0000-00-00','0000-00-00','S000000063','T000001504'),('M000001505','0000-00-00','0000-00-00','S000000064','T000001505'),('M000001506','0000-00-00','0000-00-00','S000000065','T000001506'),('M000001507','0000-00-00','0000-00-00','S000000066','T000001507'),('M000001508','0000-00-00','0000-00-00','S000000067','T000001508'),('M000001509','0000-00-00','0000-00-00','S000000068','T000001509'),('M000001510','0000-00-00','0000-00-00','S000000069','T000001510'),('M000001511','0000-00-00','0000-00-00','S000000070','T000001511'),('M000001512','0000-00-00','0000-00-00','S000000071','T000001512'),('M000001513','0000-00-00','0000-00-00','S000000072','T000001513'),('M000001514','0000-00-00','0000-00-00','S000000073','T000001514'),('M000001515','0000-00-00','0000-00-00','S000000074','T000001515'),('M000001516','0000-00-00','0000-00-00','S000000075','T000001516'),('M000001517','0000-00-00','0000-00-00','S000000076','T000001517'),('M000001518','0000-00-00','0000-00-00','S000000077','T000001518'),('M000001519','0000-00-00','0000-00-00','S000000078','T000001519'),('M000001520','0000-00-00','0000-00-00','S000000079','T000001520'),('M000001521','0000-00-00','0000-00-00','S000000080','T000001521'),('M000001522','0000-00-00','0000-00-00','S00000001','T000001522'),('M000001523','0000-00-00','0000-00-00','S00000002','T000001523'),('M000001524','0000-00-00','0000-00-00','S00000003','T000001524'),('M000001525','0000-00-00','0000-00-00','S00000004','T000001525'),('M000001526','0000-00-00','0000-00-00','S00000005','T000001526'),('M000001527','0000-00-00','0000-00-00','S00000006','T000001527'),('M000001528','0000-00-00','0000-00-00','S00000007','T000001528'),('M000001529','0000-00-00','0000-00-00','S00000008','T000001529'),('M000001530','0000-00-00','0000-00-00','S00000009','T000001530'),('M000001531','0000-00-00','0000-00-00','S000000010','T000001531'),('M000001532','0000-00-00','0000-00-00','S000000011','T000001532'),('M000001533','0000-00-00','0000-00-00','S000000012','T000001533'),('M000001534','0000-00-00','0000-00-00','S000000013','T000001534'),('M000001535','0000-00-00','0000-00-00','S000000014','T000001535'),('M000001536','0000-00-00','0000-00-00','S000000015','T000001536'),('M000001537','0000-00-00','0000-00-00','S000000016','T000001537'),('M000001538','0000-00-00','0000-00-00','S000000017','T000001538'),('M000001539','0000-00-00','0000-00-00','S000000018','T000001539'),('M000001540','0000-00-00','0000-00-00','S000000019','T000001540'),('M000001541','0000-00-00','0000-00-00','S000000020','T000001541'),('M000001542','0000-00-00','0000-00-00','S000000021','T000001542'),('M000001543','0000-00-00','0000-00-00','S000000022','T000001543'),('M000001544','0000-00-00','0000-00-00','S000000023','T000001544'),('M000001545','0000-00-00','0000-00-00','S000000024','T000001545'),('M000001546','0000-00-00','0000-00-00','S000000025','T000001546'),('M000001547','0000-00-00','0000-00-00','S000000026','T000001547'),('M000001548','0000-00-00','0000-00-00','S000000027','T000001548'),('M000001549','0000-00-00','0000-00-00','S000000028','T000001549'),('M000001550','0000-00-00','0000-00-00','S000000029','T000001550'),('M000001551','0000-00-00','0000-00-00','S000000030','T000001551'),('M000001552','0000-00-00','0000-00-00','S000000031','T000001552'),('M000001553','0000-00-00','0000-00-00','S000000032','T000001553'),('M000001554','0000-00-00','0000-00-00','S000000033','T000001554'),('M000001555','0000-00-00','0000-00-00','S000000034','T000001555'),('M000001556','0000-00-00','0000-00-00','S000000035','T000001556'),('M000001557','0000-00-00','0000-00-00','S000000036','T000001557'),('M000001558','0000-00-00','0000-00-00','S000000037','T000001558'),('M000001559','0000-00-00','0000-00-00','S000000038','T000001559'),('M000001560','0000-00-00','0000-00-00','S000000039','T000001560'),('M000001561','0000-00-00','0000-00-00','S000000040','T000001561'),('M000001562','0000-00-00','0000-00-00','S000000041','T000001562'),('M000001563','0000-00-00','0000-00-00','S000000042','T000001563'),('M000001564','0000-00-00','0000-00-00','S000000043','T000001564'),('M000001565','0000-00-00','0000-00-00','S000000044','T000001565'),('M000001566','0000-00-00','0000-00-00','S000000045','T000001566'),('M000001567','0000-00-00','0000-00-00','S000000046','T000001567'),('M000001568','0000-00-00','0000-00-00','S000000047','T000001568'),('M000001569','0000-00-00','0000-00-00','S000000048','T000001569'),('M000001570','0000-00-00','0000-00-00','S000000049','T000001570'),('M000001571','0000-00-00','0000-00-00','S000000050','T000001571'),('M000001572','0000-00-00','0000-00-00','S000000051','T000001572'),('M000001573','0000-00-00','0000-00-00','S000000052','T000001573'),('M000001574','0000-00-00','0000-00-00','S000000053','T000001574'),('M000001575','0000-00-00','0000-00-00','S000000054','T000001575'),('M000001576','0000-00-00','0000-00-00','S000000055','T000001576'),('M000001577','0000-00-00','0000-00-00','S000000056','T000001577'),('M000001578','0000-00-00','0000-00-00','S000000057','T000001578'),('M000001579','0000-00-00','0000-00-00','S000000058','T000001579'),('M000001580','0000-00-00','0000-00-00','S000000059','T000001580'),('M000001581','0000-00-00','0000-00-00','S000000060','T000001581'),('M000001582','0000-00-00','0000-00-00','S000000061','T000001582'),('M000001583','0000-00-00','0000-00-00','S000000062','T000001583'),('M000001584','0000-00-00','0000-00-00','S000000063','T000001584'),('M000001585','0000-00-00','0000-00-00','S000000064','T000001585'),('M000001586','0000-00-00','0000-00-00','S000000065','T000001586'),('M000001587','0000-00-00','0000-00-00','S000000066','T000001587'),('M000001588','0000-00-00','0000-00-00','S000000067','T000001588'),('M000001589','0000-00-00','0000-00-00','S000000068','T000001589'),('M000001590','0000-00-00','0000-00-00','S000000069','T000001590'),('M000001591','0000-00-00','0000-00-00','S000000070','T000001591'),('M000001592','0000-00-00','0000-00-00','S000000071','T000001592'),('M000001593','0000-00-00','0000-00-00','S000000072','T000001593'),('M000001594','0000-00-00','0000-00-00','S000000073','T000001594'),('M000001595','0000-00-00','0000-00-00','S000000074','T000001595'),('M000001596','0000-00-00','0000-00-00','S000000075','T000001596'),('M000001597','0000-00-00','0000-00-00','S000000076','T000001597'),('M000001598','0000-00-00','0000-00-00','S000000077','T000001598'),('M000001599','0000-00-00','0000-00-00','S000000078','T000001599'),('M000001600','0000-00-00','0000-00-00','S000000079','T000001600'),('M000001601','0000-00-00','0000-00-00','S000000080','T000001601'),('M000001602','0000-00-00','0000-00-00','S00000001','T000001602'),('M000001603','0000-00-00','0000-00-00','S00000002','T000001603'),('M000001604','0000-00-00','0000-00-00','S00000003','T000001604'),('M000001605','0000-00-00','0000-00-00','S00000004','T000001605'),('M000001606','0000-00-00','0000-00-00','S00000005','T000001606'),('M000001607','0000-00-00','0000-00-00','S00000006','T000001607'),('M000001608','0000-00-00','0000-00-00','S00000007','T000001608'),('M000001609','0000-00-00','0000-00-00','S00000008','T000001609'),('M000001610','0000-00-00','0000-00-00','S00000009','T000001610'),('M000001611','0000-00-00','0000-00-00','S000000010','T000001611'),('M000001612','0000-00-00','0000-00-00','S000000011','T000001612'),('M000001613','0000-00-00','0000-00-00','S000000012','T000001613'),('M000001614','0000-00-00','0000-00-00','S000000013','T000001614'),('M000001615','0000-00-00','0000-00-00','S000000014','T000001615'),('M000001616','0000-00-00','0000-00-00','S000000015','T000001616'),('M000001617','0000-00-00','0000-00-00','S000000016','T000001617'),('M000001618','0000-00-00','0000-00-00','S000000017','T000001618'),('M000001619','0000-00-00','0000-00-00','S000000018','T000001619'),('M000001620','0000-00-00','0000-00-00','S000000019','T000001620'),('M000001621','0000-00-00','0000-00-00','S000000020','T000001621'),('M000001622','0000-00-00','0000-00-00','S000000021','T000001622'),('M000001623','0000-00-00','0000-00-00','S000000022','T000001623'),('M000001624','0000-00-00','0000-00-00','S000000023','T000001624'),('M000001625','0000-00-00','0000-00-00','S000000024','T000001625'),('M000001626','0000-00-00','0000-00-00','S000000025','T000001626'),('M000001627','0000-00-00','0000-00-00','S000000026','T000001627'),('M000001628','0000-00-00','0000-00-00','S000000027','T000001628'),('M000001629','0000-00-00','0000-00-00','S000000028','T000001629'),('M000001630','0000-00-00','0000-00-00','S000000029','T000001630'),('M000001631','0000-00-00','0000-00-00','S000000030','T000001631'),('M000001632','0000-00-00','0000-00-00','S000000031','T000001632'),('M000001633','0000-00-00','0000-00-00','S000000032','T000001633'),('M000001634','0000-00-00','0000-00-00','S000000033','T000001634'),('M000001635','0000-00-00','0000-00-00','S000000034','T000001635'),('M000001636','0000-00-00','0000-00-00','S000000035','T000001636'),('M000001637','0000-00-00','0000-00-00','S000000036','T000001637'),('M000001638','0000-00-00','0000-00-00','S000000037','T000001638'),('M000001639','0000-00-00','0000-00-00','S000000038','T000001639'),('M000001640','0000-00-00','0000-00-00','S000000039','T000001640'),('M000001641','0000-00-00','0000-00-00','S000000040','T000001641'),('M000001642','0000-00-00','0000-00-00','S000000041','T000001642'),('M000001643','0000-00-00','0000-00-00','S000000042','T000001643'),('M000001644','0000-00-00','0000-00-00','S000000043','T000001644'),('M000001645','0000-00-00','0000-00-00','S000000044','T000001645'),('M000001646','0000-00-00','0000-00-00','S000000045','T000001646'),('M000001647','0000-00-00','0000-00-00','S000000046','T000001647'),('M000001648','0000-00-00','0000-00-00','S000000047','T000001648'),('M000001649','0000-00-00','0000-00-00','S000000048','T000001649'),('M000001650','0000-00-00','0000-00-00','S000000049','T000001650'),('M000001651','0000-00-00','0000-00-00','S000000050','T000001651'),('M000001652','0000-00-00','0000-00-00','S000000051','T000001652'),('M000001653','0000-00-00','0000-00-00','S000000052','T000001653'),('M000001654','0000-00-00','0000-00-00','S000000053','T000001654'),('M000001655','0000-00-00','0000-00-00','S000000054','T000001655'),('M000001656','0000-00-00','0000-00-00','S000000055','T000001656'),('M000001657','0000-00-00','0000-00-00','S000000056','T000001657'),('M000001658','0000-00-00','0000-00-00','S000000057','T000001658'),('M000001659','0000-00-00','0000-00-00','S000000058','T000001659'),('M000001660','0000-00-00','0000-00-00','S000000059','T000001660'),('M000001661','0000-00-00','0000-00-00','S000000060','T000001661'),('M000001662','0000-00-00','0000-00-00','S000000061','T000001662'),('M000001663','0000-00-00','0000-00-00','S000000062','T000001663'),('M000001664','0000-00-00','0000-00-00','S000000063','T000001664'),('M000001665','0000-00-00','0000-00-00','S000000064','T000001665'),('M000001666','0000-00-00','0000-00-00','S000000065','T000001666'),('M000001667','0000-00-00','0000-00-00','S000000066','T000001667'),('M000001668','0000-00-00','0000-00-00','S000000067','T000001668'),('M000001669','0000-00-00','0000-00-00','S000000068','T000001669'),('M000001670','0000-00-00','0000-00-00','S000000069','T000001670'),('M000001671','0000-00-00','0000-00-00','S000000070','T000001671'),('M000001672','0000-00-00','0000-00-00','S000000071','T000001672'),('M000001673','0000-00-00','0000-00-00','S000000072','T000001673'),('M000001674','0000-00-00','0000-00-00','S000000073','T000001674'),('M000001675','0000-00-00','0000-00-00','S000000074','T000001675'),('M000001676','0000-00-00','0000-00-00','S000000075','T000001676'),('M000001677','0000-00-00','0000-00-00','S000000076','T000001677'),('M000001678','0000-00-00','0000-00-00','S000000077','T000001678'),('M000001679','0000-00-00','0000-00-00','S000000078','T000001679'),('M000001680','0000-00-00','0000-00-00','S000000079','T000001680'),('M000001681','0000-00-00','0000-00-00','S000000080','T000001681'),('M000001682','0000-00-00','0000-00-00','S00000001','T000001682'),('M000001683','0000-00-00','0000-00-00','S00000002','T000001683'),('M000001684','0000-00-00','0000-00-00','S00000003','T000001684'),('M000001685','0000-00-00','0000-00-00','S00000004','T000001685'),('M000001686','0000-00-00','0000-00-00','S00000005','T000001686'),('M000001687','0000-00-00','0000-00-00','S00000006','T000001687'),('M000001688','0000-00-00','0000-00-00','S00000007','T000001688'),('M000001689','0000-00-00','0000-00-00','S00000008','T000001689'),('M000001690','0000-00-00','0000-00-00','S00000009','T000001690'),('M000001691','0000-00-00','0000-00-00','S000000010','T000001691'),('M000001692','0000-00-00','0000-00-00','S000000011','T000001692'),('M000001693','0000-00-00','0000-00-00','S000000012','T000001693'),('M000001694','0000-00-00','0000-00-00','S000000013','T000001694'),('M000001695','0000-00-00','0000-00-00','S000000014','T000001695'),('M000001696','0000-00-00','0000-00-00','S000000015','T000001696'),('M000001697','0000-00-00','0000-00-00','S000000016','T000001697'),('M000001698','0000-00-00','0000-00-00','S000000017','T000001698'),('M000001699','0000-00-00','0000-00-00','S000000018','T000001699'),('M000001700','0000-00-00','0000-00-00','S000000019','T000001700'),('M000001701','0000-00-00','0000-00-00','S000000020','T000001701'),('M000001702','0000-00-00','0000-00-00','S000000021','T000001702'),('M000001703','0000-00-00','0000-00-00','S000000022','T000001703'),('M000001704','0000-00-00','0000-00-00','S000000023','T000001704'),('M000001705','0000-00-00','0000-00-00','S000000024','T000001705'),('M000001706','0000-00-00','0000-00-00','S000000025','T000001706'),('M000001707','0000-00-00','0000-00-00','S000000026','T000001707'),('M000001708','0000-00-00','0000-00-00','S000000027','T000001708'),('M000001709','0000-00-00','0000-00-00','S000000028','T000001709'),('M000001710','0000-00-00','0000-00-00','S000000029','T000001710'),('M000001711','0000-00-00','0000-00-00','S000000030','T000001711'),('M000001712','0000-00-00','0000-00-00','S000000031','T000001712'),('M000001713','0000-00-00','0000-00-00','S000000032','T000001713'),('M000001714','0000-00-00','0000-00-00','S000000033','T000001714'),('M000001715','0000-00-00','0000-00-00','S000000034','T000001715'),('M000001716','0000-00-00','0000-00-00','S000000035','T000001716'),('M000001717','0000-00-00','0000-00-00','S000000036','T000001717'),('M000001718','0000-00-00','0000-00-00','S000000037','T000001718'),('M000001719','0000-00-00','0000-00-00','S000000038','T000001719'),('M000001720','0000-00-00','0000-00-00','S000000039','T000001720'),('M000001721','0000-00-00','0000-00-00','S000000040','T000001721'),('M000001722','0000-00-00','0000-00-00','S000000041','T000001722'),('M000001723','0000-00-00','0000-00-00','S000000042','T000001723'),('M000001724','0000-00-00','0000-00-00','S000000043','T000001724'),('M000001725','0000-00-00','0000-00-00','S000000044','T000001725'),('M000001726','0000-00-00','0000-00-00','S000000045','T000001726'),('M000001727','0000-00-00','0000-00-00','S000000046','T000001727'),('M000001728','0000-00-00','0000-00-00','S000000047','T000001728'),('M000001729','0000-00-00','0000-00-00','S000000048','T000001729'),('M000001730','0000-00-00','0000-00-00','S000000049','T000001730'),('M000001731','0000-00-00','0000-00-00','S000000050','T000001731'),('M000001732','0000-00-00','0000-00-00','S000000051','T000001732'),('M000001733','0000-00-00','0000-00-00','S000000052','T000001733'),('M000001734','0000-00-00','0000-00-00','S000000053','T000001734'),('M000001735','0000-00-00','0000-00-00','S000000054','T000001735'),('M000001736','0000-00-00','0000-00-00','S000000055','T000001736'),('M000001737','0000-00-00','0000-00-00','S000000056','T000001737'),('M000001738','0000-00-00','0000-00-00','S000000057','T000001738'),('M000001739','0000-00-00','0000-00-00','S000000058','T000001739'),('M000001740','0000-00-00','0000-00-00','S000000059','T000001740'),('M000001741','0000-00-00','0000-00-00','S000000060','T000001741'),('M000001742','0000-00-00','0000-00-00','S000000061','T000001742'),('M000001743','0000-00-00','0000-00-00','S000000062','T000001743'),('M000001744','0000-00-00','0000-00-00','S000000063','T000001744'),('M000001745','0000-00-00','0000-00-00','S000000064','T000001745'),('M000001746','0000-00-00','0000-00-00','S000000065','T000001746'),('M000001747','0000-00-00','0000-00-00','S000000066','T000001747'),('M000001748','0000-00-00','0000-00-00','S000000067','T000001748'),('M000001749','0000-00-00','0000-00-00','S000000068','T000001749'),('M000001750','0000-00-00','0000-00-00','S000000069','T000001750'),('M000001751','0000-00-00','0000-00-00','S000000070','T000001751'),('M000001752','0000-00-00','0000-00-00','S000000071','T000001752'),('M000001753','0000-00-00','0000-00-00','S000000072','T000001753'),('M000001754','0000-00-00','0000-00-00','S000000073','T000001754'),('M000001755','0000-00-00','0000-00-00','S000000074','T000001755'),('M000001756','0000-00-00','0000-00-00','S000000075','T000001756'),('M000001757','0000-00-00','0000-00-00','S000000076','T000001757'),('M000001758','0000-00-00','0000-00-00','S000000077','T000001758'),('M000001759','0000-00-00','0000-00-00','S000000078','T000001759'),('M000001760','0000-00-00','0000-00-00','S000000079','T000001760'),('M000001761','0000-00-00','0000-00-00','S000000080','T000001761'),('M000001762','0000-00-00','0000-00-00','S00000001','T000001762'),('M000001763','0000-00-00','0000-00-00','S00000002','T000001763'),('M000001764','0000-00-00','0000-00-00','S00000003','T000001764'),('M000001765','0000-00-00','0000-00-00','S00000004','T000001765'),('M000001766','0000-00-00','0000-00-00','S00000005','T000001766'),('M000001767','0000-00-00','0000-00-00','S00000006','T000001767'),('M000001768','0000-00-00','0000-00-00','S00000007','T000001768'),('M000001769','0000-00-00','0000-00-00','S00000008','T000001769'),('M000001770','0000-00-00','0000-00-00','S00000009','T000001770'),('M000001771','0000-00-00','0000-00-00','S000000010','T000001771'),('M000001772','0000-00-00','0000-00-00','S000000011','T000001772'),('M000001773','0000-00-00','0000-00-00','S000000012','T000001773'),('M000001774','0000-00-00','0000-00-00','S000000013','T000001774'),('M000001775','0000-00-00','0000-00-00','S000000014','T000001775'),('M000001776','0000-00-00','0000-00-00','S000000015','T000001776'),('M000001777','0000-00-00','0000-00-00','S000000016','T000001777'),('M000001778','0000-00-00','0000-00-00','S000000017','T000001778'),('M000001779','0000-00-00','0000-00-00','S000000018','T000001779'),('M000001780','0000-00-00','0000-00-00','S000000019','T000001780'),('M000001781','0000-00-00','0000-00-00','S000000020','T000001781'),('M000001782','0000-00-00','0000-00-00','S000000021','T000001782'),('M000001783','0000-00-00','0000-00-00','S000000022','T000001783'),('M000001784','0000-00-00','0000-00-00','S000000023','T000001784'),('M000001785','0000-00-00','0000-00-00','S000000024','T000001785'),('M000001786','0000-00-00','0000-00-00','S000000025','T000001786'),('M000001787','0000-00-00','0000-00-00','S000000026','T000001787'),('M000001788','0000-00-00','0000-00-00','S000000027','T000001788'),('M000001789','0000-00-00','0000-00-00','S000000028','T000001789'),('M000001790','0000-00-00','0000-00-00','S000000029','T000001790'),('M000001791','0000-00-00','0000-00-00','S000000030','T000001791'),('M000001792','0000-00-00','0000-00-00','S000000031','T000001792'),('M000001793','0000-00-00','0000-00-00','S000000032','T000001793'),('M000001794','0000-00-00','0000-00-00','S000000033','T000001794'),('M000001795','0000-00-00','0000-00-00','S000000034','T000001795'),('M000001796','0000-00-00','0000-00-00','S000000035','T000001796'),('M000001797','0000-00-00','0000-00-00','S000000036','T000001797'),('M000001798','0000-00-00','0000-00-00','S000000037','T000001798'),('M000001799','0000-00-00','0000-00-00','S000000038','T000001799'),('M000001800','0000-00-00','0000-00-00','S000000039','T000001800'),('M000001801','0000-00-00','0000-00-00','S000000040','T000001801'),('M000001802','0000-00-00','0000-00-00','S000000041','T000001802'),('M000001803','0000-00-00','0000-00-00','S000000042','T000001803'),('M000001804','0000-00-00','0000-00-00','S000000043','T000001804'),('M000001805','0000-00-00','0000-00-00','S000000044','T000001805'),('M000001806','0000-00-00','0000-00-00','S000000045','T000001806'),('M000001807','0000-00-00','0000-00-00','S000000046','T000001807'),('M000001808','0000-00-00','0000-00-00','S000000047','T000001808'),('M000001809','0000-00-00','0000-00-00','S000000048','T000001809'),('M000001810','0000-00-00','0000-00-00','S000000049','T000001810'),('M000001811','0000-00-00','0000-00-00','S000000050','T000001811'),('M000001812','0000-00-00','0000-00-00','S000000051','T000001812'),('M000001813','0000-00-00','0000-00-00','S000000052','T000001813'),('M000001814','0000-00-00','0000-00-00','S000000053','T000001814'),('M000001815','0000-00-00','0000-00-00','S000000054','T000001815'),('M000001816','0000-00-00','0000-00-00','S000000055','T000001816'),('M000001817','0000-00-00','0000-00-00','S000000056','T000001817'),('M000001818','0000-00-00','0000-00-00','S000000057','T000001818'),('M000001819','0000-00-00','0000-00-00','S000000058','T000001819'),('M000001820','0000-00-00','0000-00-00','S000000059','T000001820'),('M000001821','0000-00-00','0000-00-00','S000000060','T000001821'),('M000001822','0000-00-00','0000-00-00','S000000061','T000001822'),('M000001823','0000-00-00','0000-00-00','S000000062','T000001823'),('M000001824','0000-00-00','0000-00-00','S000000063','T000001824'),('M000001825','0000-00-00','0000-00-00','S000000064','T000001825'),('M000001826','0000-00-00','0000-00-00','S000000065','T000001826'),('M000001827','0000-00-00','0000-00-00','S000000066','T000001827'),('M000001828','0000-00-00','0000-00-00','S000000067','T000001828'),('M000001829','0000-00-00','0000-00-00','S000000068','T000001829'),('M000001830','0000-00-00','0000-00-00','S000000069','T000001830'),('M000001831','0000-00-00','0000-00-00','S000000070','T000001831'),('M000001832','0000-00-00','0000-00-00','S000000071','T000001832'),('M000001833','0000-00-00','0000-00-00','S000000072','T000001833'),('M000001834','0000-00-00','0000-00-00','S000000073','T000001834'),('M000001835','0000-00-00','0000-00-00','S000000074','T000001835'),('M000001836','0000-00-00','0000-00-00','S000000075','T000001836'),('M000001837','0000-00-00','0000-00-00','S000000076','T000001837'),('M000001838','0000-00-00','0000-00-00','S000000077','T000001838'),('M000001839','0000-00-00','0000-00-00','S000000078','T000001839'),('M000001840','0000-00-00','0000-00-00','S000000079','T000001840'),('M000001841','0000-00-00','0000-00-00','S000000080','T000001841'),('M000001842','0000-00-00','0000-00-00','S00000001','T000001842'),('M000001843','0000-00-00','0000-00-00','S00000002','T000001843'),('M000001844','0000-00-00','0000-00-00','S00000003','T000001844'),('M000001845','0000-00-00','0000-00-00','S00000004','T000001845'),('M000001846','0000-00-00','0000-00-00','S00000005','T000001846'),('M000001847','0000-00-00','0000-00-00','S00000006','T000001847'),('M000001848','0000-00-00','0000-00-00','S00000007','T000001848'),('M000001849','0000-00-00','0000-00-00','S00000008','T000001849'),('M000001850','0000-00-00','0000-00-00','S00000009','T000001850'),('M000001851','0000-00-00','0000-00-00','S000000010','T000001851'),('M000001852','0000-00-00','0000-00-00','S000000011','T000001852'),('M000001853','0000-00-00','0000-00-00','S000000012','T000001853'),('M000001854','0000-00-00','0000-00-00','S000000013','T000001854'),('M000001855','0000-00-00','0000-00-00','S000000014','T000001855'),('M000001856','0000-00-00','0000-00-00','S000000015','T000001856'),('M000001857','0000-00-00','0000-00-00','S000000016','T000001857'),('M000001858','0000-00-00','0000-00-00','S000000017','T000001858'),('M000001859','0000-00-00','0000-00-00','S000000018','T000001859'),('M000001860','0000-00-00','0000-00-00','S000000019','T000001860'),('M000001861','0000-00-00','0000-00-00','S000000020','T000001861'),('M000001862','0000-00-00','0000-00-00','S000000021','T000001862'),('M000001863','0000-00-00','0000-00-00','S000000022','T000001863'),('M000001864','0000-00-00','0000-00-00','S000000023','T000001864'),('M000001865','0000-00-00','0000-00-00','S000000024','T000001865'),('M000001866','0000-00-00','0000-00-00','S000000025','T000001866'),('M000001867','0000-00-00','0000-00-00','S000000026','T000001867'),('M000001868','0000-00-00','0000-00-00','S000000027','T000001868'),('M000001869','0000-00-00','0000-00-00','S000000028','T000001869'),('M000001870','0000-00-00','0000-00-00','S000000029','T000001870'),('M000001871','0000-00-00','0000-00-00','S000000030','T000001871'),('M000001872','0000-00-00','0000-00-00','S000000031','T000001872'),('M000001873','0000-00-00','0000-00-00','S000000032','T000001873'),('M000001874','0000-00-00','0000-00-00','S000000033','T000001874'),('M000001875','0000-00-00','0000-00-00','S000000034','T000001875'),('M000001876','0000-00-00','0000-00-00','S000000035','T000001876'),('M000001877','0000-00-00','0000-00-00','S000000036','T000001877'),('M000001878','0000-00-00','0000-00-00','S000000037','T000001878'),('M000001879','0000-00-00','0000-00-00','S000000038','T000001879'),('M000001880','0000-00-00','0000-00-00','S000000039','T000001880'),('M000001881','0000-00-00','0000-00-00','S000000040','T000001881'),('M000001882','0000-00-00','0000-00-00','S000000041','T000001882'),('M000001883','0000-00-00','0000-00-00','S000000042','T000001883'),('M000001884','0000-00-00','0000-00-00','S000000043','T000001884'),('M000001885','0000-00-00','0000-00-00','S000000044','T000001885'),('M000001886','0000-00-00','0000-00-00','S000000045','T000001886'),('M000001887','0000-00-00','0000-00-00','S000000046','T000001887'),('M000001888','0000-00-00','0000-00-00','S000000047','T000001888'),('M000001889','0000-00-00','0000-00-00','S000000048','T000001889'),('M000001890','0000-00-00','0000-00-00','S000000049','T000001890'),('M000001891','0000-00-00','0000-00-00','S000000050','T000001891'),('M000001892','0000-00-00','0000-00-00','S000000051','T000001892'),('M000001893','0000-00-00','0000-00-00','S000000052','T000001893'),('M000001894','0000-00-00','0000-00-00','S000000053','T000001894'),('M000001895','0000-00-00','0000-00-00','S000000054','T000001895'),('M000001896','0000-00-00','0000-00-00','S000000055','T000001896'),('M000001897','0000-00-00','0000-00-00','S000000056','T000001897'),('M000001898','0000-00-00','0000-00-00','S000000057','T000001898'),('M000001899','0000-00-00','0000-00-00','S000000058','T000001899'),('M000001900','0000-00-00','0000-00-00','S000000059','T000001900'),('M000001901','0000-00-00','0000-00-00','S000000060','T000001901'),('M000001902','0000-00-00','0000-00-00','S000000061','T000001902'),('M000001903','0000-00-00','0000-00-00','S000000062','T000001903'),('M000001904','0000-00-00','0000-00-00','S000000063','T000001904'),('M000001905','0000-00-00','0000-00-00','S000000064','T000001905'),('M000001906','0000-00-00','0000-00-00','S000000065','T000001906'),('M000001907','0000-00-00','0000-00-00','S000000066','T000001907'),('M000001908','0000-00-00','0000-00-00','S000000067','T000001908'),('M000001909','0000-00-00','0000-00-00','S000000068','T000001909'),('M000001910','0000-00-00','0000-00-00','S000000069','T000001910'),('M000001911','0000-00-00','0000-00-00','S000000070','T000001911'),('M000001912','0000-00-00','0000-00-00','S000000071','T000001912'),('M000001913','0000-00-00','0000-00-00','S000000072','T000001913'),('M000001914','0000-00-00','0000-00-00','S000000073','T000001914'),('M000001915','0000-00-00','0000-00-00','S000000074','T000001915'),('M000001916','0000-00-00','0000-00-00','S000000075','T000001916'),('M000001917','0000-00-00','0000-00-00','S000000076','T000001917'),('M000001918','0000-00-00','0000-00-00','S000000077','T000001918'),('M000001919','0000-00-00','0000-00-00','S000000078','T000001919'),('M000001920','0000-00-00','0000-00-00','S000000079','T000001920'),('M000001921','0000-00-00','0000-00-00','S000000080','T000001921'),('M000001922','0000-00-00','0000-00-00','S00000001','T000001922'),('M000001923','0000-00-00','0000-00-00','S00000002','T000001923'),('M000001924','0000-00-00','0000-00-00','S00000003','T000001924'),('M000001925','0000-00-00','0000-00-00','S00000004','T000001925'),('M000001926','0000-00-00','0000-00-00','S00000005','T000001926'),('M000001927','0000-00-00','0000-00-00','S00000006','T000001927'),('M000001928','0000-00-00','0000-00-00','S00000007','T000001928'),('M000001929','0000-00-00','0000-00-00','S00000008','T000001929'),('M000001930','0000-00-00','0000-00-00','S00000009','T000001930'),('M000001931','0000-00-00','0000-00-00','S000000010','T000001931'),('M000001932','0000-00-00','0000-00-00','S000000011','T000001932'),('M000001933','0000-00-00','0000-00-00','S000000012','T000001933'),('M000001934','0000-00-00','0000-00-00','S000000013','T000001934'),('M000001935','0000-00-00','0000-00-00','S000000014','T000001935'),('M000001936','0000-00-00','0000-00-00','S000000015','T000001936'),('M000001937','0000-00-00','0000-00-00','S000000016','T000001937'),('M000001938','0000-00-00','0000-00-00','S000000017','T000001938'),('M000001939','0000-00-00','0000-00-00','S000000018','T000001939'),('M000001940','0000-00-00','0000-00-00','S000000019','T000001940'),('M000001941','0000-00-00','0000-00-00','S000000020','T000001941'),('M000001942','0000-00-00','0000-00-00','S000000021','T000001942'),('M000001943','0000-00-00','0000-00-00','S000000022','T000001943'),('M000001944','0000-00-00','0000-00-00','S000000023','T000001944'),('M000001945','0000-00-00','0000-00-00','S000000024','T000001945'),('M000001946','0000-00-00','0000-00-00','S000000025','T000001946'),('M000001947','0000-00-00','0000-00-00','S000000026','T000001947'),('M000001948','0000-00-00','0000-00-00','S000000027','T000001948'),('M000001949','0000-00-00','0000-00-00','S000000028','T000001949'),('M000001950','0000-00-00','0000-00-00','S000000029','T000001950'),('M000001951','0000-00-00','0000-00-00','S000000030','T000001951'),('M000001952','0000-00-00','0000-00-00','S000000031','T000001952'),('M000001953','0000-00-00','0000-00-00','S000000032','T000001953'),('M000001954','0000-00-00','0000-00-00','S000000033','T000001954'),('M000001955','0000-00-00','0000-00-00','S000000034','T000001955'),('M000001956','0000-00-00','0000-00-00','S000000035','T000001956'),('M000001957','0000-00-00','0000-00-00','S000000036','T000001957'),('M000001958','0000-00-00','0000-00-00','S000000037','T000001958'),('M000001959','0000-00-00','0000-00-00','S000000038','T000001959'),('M000001960','0000-00-00','0000-00-00','S000000039','T000001960'),('M000001961','0000-00-00','0000-00-00','S000000040','T000001961'),('M000001962','0000-00-00','0000-00-00','S000000041','T000001962'),('M000001963','0000-00-00','0000-00-00','S000000042','T000001963'),('M000001964','0000-00-00','0000-00-00','S000000043','T000001964'),('M000001965','0000-00-00','0000-00-00','S000000044','T000001965'),('M000001966','0000-00-00','0000-00-00','S000000045','T000001966'),('M000001967','0000-00-00','0000-00-00','S000000046','T000001967'),('M000001968','0000-00-00','0000-00-00','S000000047','T000001968'),('M000001969','0000-00-00','0000-00-00','S000000048','T000001969'),('M000001970','0000-00-00','0000-00-00','S000000049','T000001970'),('M000001971','0000-00-00','0000-00-00','S000000050','T000001971'),('M000001972','0000-00-00','0000-00-00','S000000051','T000001972'),('M000001973','0000-00-00','0000-00-00','S000000052','T000001973'),('M000001974','0000-00-00','0000-00-00','S000000053','T000001974'),('M000001975','0000-00-00','0000-00-00','S000000054','T000001975'),('M000001976','0000-00-00','0000-00-00','S000000055','T000001976'),('M000001977','0000-00-00','0000-00-00','S000000056','T000001977'),('M000001978','0000-00-00','0000-00-00','S000000057','T000001978'),('M000001979','0000-00-00','0000-00-00','S000000058','T000001979'),('M000001980','0000-00-00','0000-00-00','S000000059','T000001980'),('M000001981','0000-00-00','0000-00-00','S000000060','T000001981'),('M000001982','0000-00-00','0000-00-00','S000000061','T000001982'),('M000001983','0000-00-00','0000-00-00','S000000062','T000001983'),('M000001984','0000-00-00','0000-00-00','S000000063','T000001984'),('M000001985','0000-00-00','0000-00-00','S000000064','T000001985'),('M000001986','0000-00-00','0000-00-00','S000000065','T000001986'),('M000001987','0000-00-00','0000-00-00','S000000066','T000001987'),('M000001988','0000-00-00','0000-00-00','S000000067','T000001988'),('M000001989','0000-00-00','0000-00-00','S000000068','T000001989'),('M000001990','0000-00-00','0000-00-00','S000000069','T000001990'),('M000001991','0000-00-00','0000-00-00','S000000070','T000001991'),('M000001992','0000-00-00','0000-00-00','S000000071','T000001992'),('M000001993','0000-00-00','0000-00-00','S000000072','T000001993'),('M000001994','0000-00-00','0000-00-00','S000000073','T000001994'),('M000001995','0000-00-00','0000-00-00','S000000074','T000001995'),('M000001996','0000-00-00','0000-00-00','S000000075','T000001996'),('M000001997','0000-00-00','0000-00-00','S000000076','T000001997'),('M000001998','0000-00-00','0000-00-00','S000000077','T000001998'),('M000001999','0000-00-00','0000-00-00','S000000078','T000001999'),('M000002000','0000-00-00','0000-00-00','S000000079','T000002000');
/*!40000 ALTER TABLE `historialmac` ENABLE KEYS */;
UNLOCK TABLES;

--
-- Table structure for table `seguridad`
--

DROP TABLE IF EXISTS `seguridad`;
/*!40101 SET @saved_cs_client     = @@character_set_client */;
/*!40101 SET character_set_client = utf8 */;
CREATE TABLE `seguridad` (
  `nomina_seguridad` varchar(10) NOT NULL,
  `nombre_seguridad` varchar(45) NOT NULL,
  `contrasena_seguridad` varchar(50) NOT NULL,
  `status` tinyint(4) NOT NULL,
  PRIMARY KEY (`nomina_seguridad`)
) ENGINE=InnoDB DEFAULT CHARSET=utf8;
/*!40101 SET character_set_client = @saved_cs_client */;

--
-- Dumping data for table `seguridad`
--

LOCK TABLES `seguridad` WRITE;
/*!40000 ALTER TABLE `seguridad` DISABLE KEYS */;
INSERT INTO `seguridad` VALUES ('Asdewf','Nombre nudbo','kdjdshfk',1),('denisse','denisse','5bbd12e34f12e32f56a902588efcd43b',1),('denisse2','denisse2','d63f232c57df2cc083d1b0e74791090e',1),('fer5','fer5','a2475eae4a4f447008b31a1e905abb73',1),('S000000001','Prueba2','password1',1),('S000000002','Seguridad2','password2',1),('S000000003','Seguridad3','password3',1),('S000000004','Seguridad4','password4',1),('S000000005','Seguridad5','password5',1),('S000000006','Seguridad6','password6',1),('S000000007','Seguridad7','password7',1),('S000000008','Seguridad8','password8',1),('S000000009','Seguridad9','password9',1),('S000000010','Seguridad10','password10',1),('s1001','PRUEBA:F','9ad3b645ae054f78ac77b5d42ee3ecf0',1),('S98','Alfonso','teodio',0),('S99','Nestor','teodio',1);
/*!40000 ALTER TABLE `seguridad` ENABLE KEYS */;
UNLOCK TABLES;

--
-- Table structure for table `seguridad_has_administrador`
--

DROP TABLE IF EXISTS `seguridad_has_administrador`;
/*!40101 SET @saved_cs_client     = @@character_set_client */;
/*!40101 SET character_set_client = utf8 */;
CREATE TABLE `seguridad_has_administrador` (
  `Seguridad_nomina_seguridad` varchar(10) NOT NULL,
  `Administrador_nomina_administrado` varchar(10) NOT NULL,
  PRIMARY KEY (`Seguridad_nomina_seguridad`,`Administrador_nomina_administrado`),
  KEY `Administrador_nomina_administrado` (`Administrador_nomina_administrado`),
  CONSTRAINT `seguridad_has_administrador_ibfk_1` FOREIGN KEY (`Seguridad_nomina_seguridad`) REFERENCES `seguridad` (`nomina_seguridad`),
  CONSTRAINT `seguridad_has_administrador_ibfk_2` FOREIGN KEY (`Administrador_nomina_administrado`) REFERENCES `administrador` (`nomina_administrador`)
) ENGINE=InnoDB DEFAULT CHARSET=utf8;
/*!40101 SET character_set_client = @saved_cs_client */;

--
-- Dumping data for table `seguridad_has_administrador`
--

LOCK TABLES `seguridad_has_administrador` WRITE;
/*!40000 ALTER TABLE `seguridad_has_administrador` DISABLE KEYS */;
INSERT INTO `seguridad_has_administrador` VALUES ('S000000001','A0000001'),('S000000002','A0000002'),('S000000003','A0000003'),('S000000004','A0000004'),('S000000005','A0000005'),('S000000006','A0000006'),('S000000007','A0000007'),('S000000008','A0000008'),('S000000009','A0000009'),('S000000010','A00000010');
/*!40000 ALTER TABLE `seguridad_has_administrador` ENABLE KEYS */;
UNLOCK TABLES;

--
-- Table structure for table `superusuario`
--

DROP TABLE IF EXISTS `superusuario`;
/*!40101 SET @saved_cs_client     = @@character_set_client */;
/*!40101 SET character_set_client = utf8 */;
CREATE TABLE `superusuario` (
  `usuario` varchar(20) NOT NULL,
  `contrasena` varchar(50) NOT NULL,
  PRIMARY KEY (`usuario`)
) ENGINE=InnoDB DEFAULT CHARSET=utf8;
/*!40101 SET character_set_client = @saved_cs_client */;

--
-- Dumping data for table `superusuario`
--

LOCK TABLES `superusuario` WRITE;
/*!40000 ALTER TABLE `superusuario` DISABLE KEYS */;
INSERT INTO `superusuario` VALUES ('usuario1','password1'),('usuario2','password2'),('usuario3','password3');
/*!40000 ALTER TABLE `superusuario` ENABLE KEYS */;
UNLOCK TABLES;

--
-- Table structure for table `supervisor`
--

DROP TABLE IF EXISTS `supervisor`;
/*!40101 SET @saved_cs_client     = @@character_set_client */;
/*!40101 SET character_set_client = utf8 */;
CREATE TABLE `supervisor` (
  `nomina_supervisor` varchar(10) NOT NULL,
  `nombre_supervisor` varchar(45) NOT NULL,
  `contrasena_supervisor` varchar(50) NOT NULL,
  `mac_supervisor` varchar(17) NOT NULL,
  `Grupos_id_grupos` varchar(10) NOT NULL,
  `status` tinyint(4) NOT NULL,
  PRIMARY KEY (`nomina_supervisor`),
  KEY `Grupos_id_grupos` (`Grupos_id_grupos`),
  CONSTRAINT `supervisor_ibfk_1` FOREIGN KEY (`Grupos_id_grupos`) REFERENCES `grupos` (`id_grupos`)
) ENGINE=InnoDB DEFAULT CHARSET=utf8;
/*!40101 SET character_set_client = @saved_cs_client */;

--
-- Dumping data for table `supervisor`
--

LOCK TABLES `supervisor` WRITE;
/*!40000 ALTER TABLE `supervisor` DISABLE KEYS */;
INSERT INTO `supervisor` VALUES ('Fer','Fer','81148754fc11c90a69edc0fa333e7cb8','123','Z00000001',0),('Luis','Luis Angel','angel','123','Z00000001',0),('luis10','luis10','49958be35a8f41fd9edc228ccf2a1d6a','1234','Z00000007',1),('luis6','luis6','7367d91657f2523fd8688047951c5925','luis6','Z00000007',1),('luis8','luis8','12bb5f590d095cb157bd8a3231b24985','1234','Z00000002',1),('N12345678','Luis Angel Gonzalez','toddy','ABCDEFGHIJKL','Z00000001',1),('S00000001','nombreSup1','passwordSup1','macSupervisor1','Z00000001',0),('S000000010','nombreSup10','passwordSup10','macSupervisor10','Z00000001',1),('S000000011','nombreSup11','passwordSup11','macSupervisor11','Z00000001',1),('S000000012','nombreSup12','passwordSup12','macSupervisor12','Z00000001',1),('S000000013','nombreSup13','passwordSup13','macSupervisor13','Z00000001',1),('S000000014','nombreSup14','passwordSup14','macSupervisor14','Z00000001',1),('S000000015','nombreSup15','passwordSup15','macSupervisor15','Z00000001',1),('S000000016','nombreSup16','passwordSup16','macSupervisor16','Z00000001',1),('S000000017','nombreSup17','passwordSup17','macSupervisor17','Z00000001',1),('S000000018','nombreSup18','passwordSup18','macSupervisor18','Z00000001',1),('S000000019','nombreSup19','passwordSup19','macSupervisor19','Z00000001',1),('S00000002','nombreSup2','passwordSup2','macSupervisor2','Z00000001',1),('S000000020','nombreSup20','passwordSup20','macSupervisor20','Z00000001',1),('S000000021','nombreSup21','passwordSup21','macSupervisor21','Z00000001',1),('S000000022','nombreSup22','passwordSup22','macSupervisor22','Z00000001',1),('S000000023','nombreSup23','passwordSup23','macSupervisor23','Z00000001',1),('S000000024','nombreSup24','passwordSup24','macSupervisor24','Z00000001',1),('S000000025','nombreSup25','passwordSup25','macSupervisor25','Z00000001',1),('S000000026','nombreSup26','passwordSup26','macSupervisor26','Z00000001',1),('S000000027','nombreSup27','passwordSup27','macSupervisor27','Z00000001',1),('S000000028','nombreSup28','passwordSup28','macSupervisor28','Z00000001',1),('S000000029','nombreSup29','passwordSup29','macSupervisor29','Z00000001',1),('S00000003','nombreSup3','passwordSup3','macSupervisor3','Z00000001',1),('S000000030','nombreSup30','passwordSup30','macSupervisor30','Z00000001',1),('S000000031','nombreSup31','passwordSup31','macSupervisor31','Z00000001',1),('S000000032','nombreSup32','passwordSup32','macSupervisor32','Z00000001',1),('S000000033','nombreSup33','passwordSup33','macSupervisor33','Z00000001',1),('S000000034','nombreSup34','passwordSup34','macSupervisor34','Z00000001',1),('S000000035','nombreSup35','passwordSup35','macSupervisor35','Z00000001',1),('S000000036','nombreSup36','passwordSup36','macSupervisor36','Z00000001',1),('S000000037','nombreSup37','passwordSup37','macSupervisor37','Z00000001',1),('S000000038','nombreSup38','passwordSup38','macSupervisor38','Z00000001',1),('S000000039','nombreSup39','passwordSup39','macSupervisor39','Z00000001',1),('S00000004','nombreSup4','passwordSup4','macSupervisor4','Z00000001',1),('S000000040','nombreSup40','passwordSup40','macSupervisor40','Z00000001',1),('S000000041','nombreSup41','passwordSup41','macSupervisor41','Z00000001',1),('S000000042','nombreSup42','passwordSup42','macSupervisor42','Z00000001',1),('S000000043','nombreSup43','passwordSup43','macSupervisor43','Z00000001',1),('S000000044','nombreSup44','passwordSup44','macSupervisor44','Z00000001',1),('S000000045','nombreSup45','passwordSup45','macSupervisor45','Z00000001',1),('S000000046','nombreSup46','passwordSup46','macSupervisor46','Z00000001',1),('S000000047','nombreSup47','passwordSup47','macSupervisor47','Z00000001',1),('S000000048','nombreSup48','passwordSup48','macSupervisor48','Z00000001',1),('S000000049','nombreSup49','passwordSup49','macSupervisor49','Z00000001',1),('S00000005','nombreSup5','passwordSup5','macSupervisor5','Z00000001',1),('S000000050','nombreSup50','passwordSup50','macSupervisor50','Z00000001',1),('S000000051','nombreSup51','passwordSup51','macSupervisor51','Z00000001',1),('S000000052','nombreSup52','passwordSup52','macSupervisor52','Z00000001',1),('S000000053','nombreSup53','passwordSup53','macSupervisor53','Z00000001',1),('S000000054','nombreSup54','passwordSup54','macSupervisor54','Z00000001',1),('S000000055','nombreSup55','passwordSup55','macSupervisor55','Z00000001',1),('S000000056','nombreSup56','passwordSup56','macSupervisor56','Z00000001',1),('S000000057','nombreSup57','passwordSup57','macSupervisor57','Z00000001',1),('S000000058','nombreSup58','passwordSup58','macSupervisor58','Z00000001',1),('S000000059','nombreSup59','passwordSup59','macSupervisor59','Z00000001',1),('S00000006','nombreSup6','passwordSup6','macSupervisor6','Z00000001',1),('S000000060','nombreSup60','passwordSup60','macSupervisor60','Z00000001',1),('S000000061','nombreSup61','passwordSup61','macSupervisor61','Z00000001',1),('S000000062','nombreSup62','passwordSup62','macSupervisor62','Z00000001',1),('S000000063','nombreSup63','passwordSup63','macSupervisor63','Z00000001',1),('S000000064','nombreSup64','passwordSup64','macSupervisor64','Z00000001',1),('S000000065','nombreSup65','passwordSup65','macSupervisor65','Z00000001',1),('S000000066','nombreSup66','passwordSup66','macSupervisor66','Z00000001',1),('S000000067','nombreSup67','passwordSup67','macSupervisor67','Z00000001',1),('S000000068','nombreSup68','passwordSup68','macSupervisor68','Z00000001',1),('S000000069','nombreSup69','passwordSup69','macSupervisor69','Z00000001',1),('S00000007','nombreSup7','passwordSup7','macSupervisor7','Z00000001',1),('S000000070','nombreSup70','passwordSup70','macSupervisor70','Z00000001',1),('S000000071','nombreSup71','passwordSup71','macSupervisor71','Z00000001',1),('S000000072','nombreSup72','passwordSup72','macSupervisor72','Z00000001',1),('S000000073','nombreSup73','passwordSup73','macSupervisor73','Z00000001',1),('S000000074','nombreSup74','passwordSup74','macSupervisor74','Z00000001',1),('S000000075','nombreSup75','passwordSup75','macSupervisor75','Z00000001',1),('S000000076','nombreSup76','passwordSup76','macSupervisor76','Z00000001',1),('S000000077','nombreSup77','passwordSup77','macSupervisor77','Z00000001',1),('S000000078','nombreSup78','passwordSup78','macSupervisor78','Z00000001',1),('S000000079','nombreSup79','passwordSup79','macSupervisor79','Z00000001',1),('S00000008','nombreSup8','passwordSup8','macSupervisor8','Z00000001',1),('S000000080','nombreSup80','passwordSup80','macSupervisor80','Z00000002',1),('S00000009','holo','passwordSup9','85448411','Z000000041',1),('S1','Alfonso','teodio','miMac','Z000000049',1),('S12345678','Luis g','luis','123456','Z00000001',1);
/*!40000 ALTER TABLE `supervisor` ENABLE KEYS */;
UNLOCK TABLES;

--
-- Table structure for table `trabajador`
--

DROP TABLE IF EXISTS `trabajador`;
/*!40101 SET @saved_cs_client     = @@character_set_client */;
/*!40101 SET character_set_client = utf8 */;
CREATE TABLE `trabajador` (
  `nomina_trabajador` varchar(10) NOT NULL,
  `nombre_trabajador` varchar(45) NOT NULL,
  `status` tinyint(4) NOT NULL,
  `Grupos_id_grupos` varchar(10) NOT NULL,
  `mac_trabajador` varchar(17) NOT NULL,
  PRIMARY KEY (`nomina_trabajador`,`Grupos_id_grupos`),
  KEY `Grupos_id_grupos` (`Grupos_id_grupos`),
  CONSTRAINT `trabajador_ibfk_1` FOREIGN KEY (`Grupos_id_grupos`) REFERENCES `grupos` (`id_grupos`)
) ENGINE=InnoDB DEFAULT CHARSET=utf8;
/*!40101 SET character_set_client = @saved_cs_client */;

--
-- Dumping data for table `trabajador`
--

LOCK TABLES `trabajador` WRITE;
/*!40000 ALTER TABLE `trabajador` DISABLE KEYS */;
INSERT INTO `trabajador` VALUES ('lga','lga',0,'Z00000008','10:00:2b:01:00:4A'),('luis5','luis5',1,'Z00000006','1234'),('luis5','luis5',1,'Z00000007','1234'),('T000000001','Nombre 1',1,'Z00000001','M000000001'),('T000000002','Nombre 2',1,'Z00000002','M000000002'),('T000000003','Nombre 3',1,'Z00000003','M000000003'),('T000000004','Nombre 4',1,'Z00000004','M000000004'),('T000000005','Nombre 5',1,'Z00000005','M000000005'),('T000000006','Nombre 6',1,'Z00000006','M000000006'),('T000000007','Nombre 7',1,'Z00000007','M000000007'),('T000000008','Nombre 8',1,'Z00000008','M000000008'),('T000000009','Nombre 9',1,'Z00000009','M000000009'),('T000000010','Nombre 10',1,'Z000000010','00:00:2a:01:00:4c'),('T000000011','Nombre 11',1,'Z000000011','00:00:2a:01:00:4b'),('T000000012','Nombre 12',1,'Z000000012','00:00:2a:01:00:4a'),('T000000013','Nombre 13',1,'Z000000013','00:00:2a:01:00:49'),('T000000014','Nombre 14',1,'Z000000014','00:00:2a:01:00:48'),('T000000015','Nombre 15',1,'Z000000015','00:00:2a:01:00:46'),('T000000016','Nombre 16',1,'Z000000016','00:00:2a:01:00:44'),('T000000017','Nombre 17',1,'Z000000017','00:00:2a:01:00:43'),('T000000018','Nombre 18',1,'Z000000018','00:00:2a:01:00:42'),('T000000019','Nombre 19',1,'Z000000019','00:00:2a:01:00:40'),('T000000020','Nombre 20',1,'Z000000020','00:00:2a:01:00:3f'),('T000000021','Nombre 21',1,'Z000000021','00:00:2a:01:00:3e'),('T000000022','Nombre 22',1,'Z000000022','00:00:2a:01:00:3c'),('T000000023','Nombre 23',1,'Z000000023','00:00:2a:01:00:3b'),('T000000024','Nombre 24',1,'Z000000024','00:00:2a:01:00:37'),('T000000025','Nombre 25',1,'Z000000025','00:00:2a:01:00:35'),('T000000026','Nombre 26',1,'Z000000026','00:00:2a:01:00:34'),('T000000027','Nombre 27',1,'Z000000027','00:00:2a:01:00:31'),('T000000028','Nombre 28',1,'Z000000028','00:00:2a:01:00:2e'),('T000000029','Nombre 29',1,'Z000000029','00:00:2a:01:00:2d'),('T000000030','Nombre 30',1,'Z000000030','00:00:2a:01:00:2c'),('T000000031','Nombre 31',1,'Z000000031','00:00:2a:01:00:28'),('T000000032','Nombre 32',1,'Z000000032','00:00:2a:01:00:25'),('T000000033','Nombre 33',1,'Z000000033','00:00:2a:01:00:24'),('T000000034','Nombre 34',1,'Z000000034','00:00:2a:01:00:23'),('T000000035','Nombre 35',1,'Z000000035','00:00:2a:01:00:22'),('T000000036','Nombre 36',1,'Z000000036','00:00:2a:01:00:1d'),('T000000037','Nombre 37',1,'Z000000037','00:00:2a:01:00:19'),('T000000038','Nombre 38',1,'Z000000038','00:00:2a:01:00:16'),('T000000039','Nombre 39',1,'Z000000039','00:00:2a:01:00:15'),('T000000040','Nombre 40',1,'Z000000040','00:00:2a:01:00:13'),('T000000041','Nombre 41',1,'Z000000041','00:00:2a:01:00:12'),('T000000042','Nombre 42',1,'Z000000042','00:00:2a:01:00:0f'),('T000000043','Nombre 43',1,'Z000000043','00:00:2a:01:00:0e'),('T000000044','Nombre 44',1,'Z000000044','00:00:2a:01:00:0c'),('T000000045','Nombre 45',1,'Z000000045','00:00:2a:01:00:0b'),('T000000046','Nombre 46',1,'Z000000046','00:00:2a:01:00:05'),('T000000047','Nombre 47',1,'Z000000047','00:00:2a:01:00:04'),('T000000048','Nombre 48',1,'Z000000048','00:00:2a:01:00:03'),('T000000049','Nombre 49',1,'Z000000049','00:00:2a:01:00:02'),('T000000050','Nombre 50',1,'Z000000050','00:00:2a:01:00:01'),('T000000051','Nombre 51',1,'Z00000001','00:00:2a:01:00:50'),('T000000052','Nombre 52',1,'Z00000002','00:00:2a:01:00:4f'),('T000000053','Nombre 53',1,'Z00000003','00:00:2a:01:00:4e'),('T000000054','Nombre 54',1,'Z00000004','00:00:2a:01:00:4d'),('T000000055','Nombre 55',1,'Z00000005','00:00:2a:01:00:47'),('T000000056','Nombre 56',1,'Z00000006','00:00:2a:01:00:45'),('T000000057','Nombre 57',1,'Z00000007','00:00:2a:01:00:41'),('T000000058','Nombre 58',1,'Z00000008','00:00:2a:01:00:3d'),('T000000059','Nombre 59',1,'Z00000009','00:00:2a:01:00:3a'),('T000000060','Nombre 60',1,'Z000000010','00:00:2a:01:00:39'),('T000000061','Nombre 61',1,'Z000000011','00:00:2a:01:00:38'),('T000000062','Nombre 62',1,'Z000000012','00:00:2a:01:00:36'),('T000000063','Nombre 63',1,'Z000000013','00:00:2a:01:00:33'),('T000000064','Nombre 64',1,'Z000000014','00:00:2a:01:00:32'),('T000000065','Nombre 65',1,'Z000000015','00:00:2a:01:00:30'),('T000000066','Nombre 66',1,'Z000000016','00:00:2a:01:00:2f'),('T000000067','Nombre 67',1,'Z000000017','00:00:2a:01:00:2b'),('T000000068','Nombre 68',1,'Z000000018','00:00:2a:01:00:2a'),('T000000069','Nombre 69',1,'Z000000019','00:00:2a:01:00:29'),('T000000070','Nombre 70',1,'Z000000020','00:00:2a:01:00:27'),('T000000071','Nombre 71',1,'Z000000021','00:00:2a:01:00:26'),('T000000072','Nombre 72',1,'Z000000022','00:00:2a:01:00:21'),('T000000073','Nombre 73',1,'Z000000023','00:00:2a:01:00:20'),('T000000074','Nombre 74',1,'Z000000024','00:00:2a:01:00:1f'),('T000000075','Nombre 75',1,'Z000000025','00:00:2a:01:00:1e'),('T000000076','Nombre 76',1,'Z000000026','00:00:2a:01:00:1c'),('T000000077','Nombre 77',1,'Z000000027','00:00:2a:01:00:1b'),('T000000078','Nombre 78',1,'Z000000028','00:00:2a:01:00:1a'),('T000000079','Nombre 79',1,'Z000000029','00:00:2a:01:00:18'),('T000000080','Nombre 80',1,'Z000000030','00:00:2a:01:00:17'),('T000000081','Nombre 81',1,'Z000000031','00:00:2a:01:00:14'),('T000000082','Nombre 82',1,'Z000000032','00:00:2a:01:00:11'),('T000000083','Nombre 83',1,'Z000000033','00:00:2a:01:00:10'),('T000000084','Nombre 84',1,'Z000000034','00:00:2a:01:00:0d'),('T000000085','Nombre 85',1,'Z000000035','00:00:2a:01:00:0a'),('T000000086','Nombre 86',1,'Z000000036','00:00:2a:01:00:09'),('T000000087','Nombre 87',1,'Z000000037','00:00:2a:01:00:08'),('T000000088','Nombre 88',1,'Z000000038','00:00:2a:01:00:07'),('T000000089','Nombre 89',1,'Z000000039','00:00:2a:01:00:06'),('T000000090','Nombre 90',1,'Z000000040','M000000090'),('T000000091','Nombre 91',1,'Z000000041','M000000091'),('T000000092','Nombre 92',1,'Z000000042','M000000092'),('T000000093','Nombre 93',1,'Z000000043','M000000093'),('T000000094','Nombre 94',1,'Z000000044','M000000094'),('T000000095','Nombre 95',1,'Z000000045','M000000095'),('T000000096','Nombre 96',1,'Z000000046','M000000096'),('T000000097','Nombre 97',1,'Z000000047','M000000097'),('T000000098','Nombre 98',1,'Z000000048','M000000098'),('T000000099','Nombre 99',1,'Z000000049','M000000099'),('T000000100','Nombre 100',1,'Z000000050','M000000100'),('T000000101','Nombre 101',1,'Z00000001','M000000101'),('T000000102','Nombre 102',1,'Z00000002','M000000102'),('T000000103','Nombre 103',1,'Z00000003','M000000103'),('T000000104','Nombre 104',1,'Z00000004','M000000104'),('T000000105','Nombre 105',1,'Z00000005','M000000105'),('T000000106','Nombre 106',1,'Z00000006','M000000106'),('T000000107','Nombre 107',1,'Z00000007','M000000107'),('T000000108','Nombre 108',1,'Z00000008','M000000108'),('T000000109','Nombre 109',1,'Z00000009','M000000109'),('T000000110','Nombre 110',1,'Z000000010','M000000110'),('T000000111','Nombre 111',1,'Z000000011','M000000111'),('T000000112','Nombre 112',1,'Z000000012','M000000112'),('T000000113','Nombre 113',1,'Z000000013','M000000113'),('T000000114','Nombre 114',1,'Z000000014','M000000114'),('T000000115','Nombre 115',1,'Z000000015','M000000115'),('T000000116','Nombre 116',1,'Z000000016','M000000116'),('T000000117','Nombre 117',1,'Z000000017','M000000117'),('T000000118','Nombre 118',1,'Z000000018','M000000118'),('T000000119','Nombre 119',1,'Z000000019','M000000119'),('T000000120','Nombre 120',1,'Z000000020','M000000120'),('T000000121','Nombre 121',1,'Z000000021','M000000121'),('T000000122','Nombre 122',1,'Z000000022','M000000122'),('T000000123','Nombre 123',1,'Z000000023','M000000123'),('T000000124','Nombre 124',1,'Z000000024','M000000124'),('T000000125','Nombre 125',1,'Z000000025','M000000125'),('T000000126','Nombre 126',1,'Z000000026','M000000126'),('T000000127','Nombre 127',1,'Z000000027','M000000127'),('T000000128','Nombre 128',1,'Z000000028','M000000128'),('T000000129','Nombre 129',1,'Z000000029','M000000129'),('T000000130','Nombre 130',1,'Z000000030','M000000130'),('T000000131','Nombre 131',1,'Z000000031','M000000131'),('T000000132','Nombre 132',1,'Z000000032','M000000132'),('T000000133','Nombre 133',1,'Z000000033','M000000133'),('T000000134','Nombre 134',1,'Z000000034','M000000134'),('T000000135','Nombre 135',1,'Z000000035','M000000135'),('T000000136','Nombre 136',1,'Z000000036','M000000136'),('T000000137','Nombre 137',1,'Z000000037','M000000137'),('T000000138','Nombre 138',1,'Z000000038','M000000138'),('T000000139','Nombre 139',1,'Z000000039','M000000139'),('T000000140','Nombre 140',1,'Z000000040','M000000140'),('T000000141','Nombre 141',1,'Z000000041','M000000141'),('T000000142','Nombre 142',1,'Z000000042','M000000142'),('T000000143','Nombre 143',1,'Z000000043','M000000143'),('T000000144','Nombre 144',1,'Z000000044','M000000144'),('T000000145','Nombre 145',1,'Z000000045','M000000145'),('T000000146','Nombre 146',1,'Z000000046','M000000146'),('T000000147','Nombre 147',1,'Z000000047','M000000147'),('T000000148','Nombre 148',1,'Z000000048','M000000148'),('T000000149','Nombre 149',1,'Z000000049','M000000149'),('T000000150','Nombre 150',1,'Z000000050','M000000150'),('T000000151','Nombre 151',1,'Z00000001','M000000151'),('T000000152','Nombre 152',1,'Z00000002','M000000152'),('T000000153','Nombre 153',1,'Z00000003','M000000153'),('T000000154','Nombre 154',1,'Z00000004','M000000154'),('T000000155','Nombre 155',1,'Z00000005','M000000155'),('T000000156','Nombre 156',1,'Z00000006','M000000156'),('T000000157','Nombre 157',1,'Z00000007','M000000157'),('T000000158','Nombre 158',1,'Z00000008','M000000158'),('T000000159','Nombre 159',1,'Z00000009','M000000159'),('T000000160','Nombre 160',1,'Z000000010','M000000160'),('T000000161','Nombre 161',1,'Z000000011','M000000161'),('T000000162','Nombre 162',1,'Z000000012','M000000162'),('T000000163','Nombre 163',1,'Z000000013','M000000163'),('T000000164','Nombre 164',1,'Z000000014','M000000164'),('T000000165','Nombre 165',1,'Z000000015','M000000165'),('T000000166','Nombre 166',1,'Z000000016','M000000166'),('T000000167','Nombre 167',1,'Z000000017','M000000167'),('T000000168','Nombre 168',1,'Z000000018','M000000168'),('T000000169','Nombre 169',1,'Z000000019','M000000169'),('T000000170','Nombre 170',1,'Z000000020','M000000170'),('T000000171','Nombre 171',1,'Z000000021','M000000171'),('T000000172','Nombre 172',1,'Z000000022','M000000172'),('T000000173','Nombre 173',1,'Z000000023','M000000173'),('T000000174','Nombre 174',1,'Z000000024','M000000174'),('T000000175','Nombre 175',1,'Z000000025','M000000175'),('T000000176','Nombre 176',1,'Z000000026','M000000176'),('T000000177','Nombre 177',1,'Z000000027','M000000177'),('T000000178','Nombre 178',1,'Z000000028','M000000178'),('T000000179','Nombre 179',1,'Z000000029','M000000179'),('T000000180','Nombre 180',1,'Z000000030','M000000180'),('T000000181','Nombre 181',1,'Z000000031','M000000181'),('T000000182','Nombre 182',1,'Z000000032','M000000182'),('T000000183','Nombre 183',1,'Z000000033','M000000183'),('T000000184','Nombre 184',1,'Z000000034','M000000184'),('T000000185','Nombre 185',1,'Z000000035','M000000185'),('T000000186','Nombre 186',1,'Z000000036','M000000186'),('T000000187','Nombre 187',1,'Z000000037','M000000187'),('T000000188','Nombre 188',1,'Z000000038','M000000188'),('T000000189','Nombre 189',1,'Z000000039','M000000189'),('T000000190','Nombre 190',1,'Z000000040','M000000190'),('T000000191','Nombre 191',1,'Z000000041','M000000191'),('T000000192','Nombre 192',1,'Z000000042','M000000192'),('T000000193','Nombre 193',1,'Z000000043','M000000193'),('T000000194','Nombre 194',1,'Z000000044','M000000194'),('T000000195','Nombre 195',1,'Z000000045','M000000195'),('T000000196','Nombre 196',1,'Z000000046','M000000196'),('T000000197','Nombre 197',1,'Z000000047','M000000197'),('T000000198','Nombre 198',1,'Z000000048','M000000198'),('T000000199','Nombre 199',1,'Z000000049','M000000199'),('T000000200','Nombre 200',1,'Z000000050','M000000200'),('T000000201','Nombre 201',1,'Z00000001','M000000201'),('T000000202','Nombre 202',1,'Z00000002','M000000202'),('T000000203','Nombre 203',1,'Z00000003','M000000203'),('T000000204','Nombre 204',1,'Z00000004','M000000204'),('T000000205','Nombre 205',1,'Z00000005','M000000205'),('T000000206','Nombre 206',1,'Z00000006','M000000206'),('T000000207','Nombre 207',1,'Z00000007','M000000207'),('T000000208','Nombre 208',1,'Z00000008','M000000208'),('T000000209','Nombre 209',1,'Z00000009','M000000209'),('T000000210','Nombre 210',1,'Z000000010','M000000210'),('T000000211','Nombre 211',1,'Z000000011','M000000211'),('T000000212','Nombre 212',1,'Z000000012','M000000212'),('T000000213','Nombre 213',1,'Z000000013','M000000213'),('T000000214','Nombre 214',1,'Z000000014','M000000214'),('T000000215','Nombre 215',1,'Z000000015','M000000215'),('T000000216','Nombre 216',1,'Z000000016','M000000216'),('T000000217','Nombre 217',1,'Z000000017','M000000217'),('T000000218','Nombre 218',1,'Z000000018','M000000218'),('T000000219','Nombre 219',1,'Z000000019','M000000219'),('T000000220','Nombre 220',1,'Z000000020','M000000220'),('T000000221','Nombre 221',1,'Z000000021','M000000221'),('T000000222','Nombre 222',1,'Z000000022','M000000222'),('T000000223','Nombre 223',1,'Z000000023','M000000223'),('T000000224','Nombre 224',1,'Z000000024','M000000224'),('T000000225','Nombre 225',1,'Z000000025','M000000225'),('T000000226','Nombre 226',1,'Z000000026','M000000226'),('T000000227','Nombre 227',1,'Z000000027','M000000227'),('T000000228','Nombre 228',1,'Z000000028','M000000228'),('T000000229','Nombre 229',1,'Z000000029','M000000229'),('T000000230','Nombre 230',1,'Z000000030','M000000230'),('T000000231','Nombre 231',1,'Z000000031','M000000231'),('T000000232','Nombre 232',1,'Z000000032','M000000232'),('T000000233','Nombre 233',1,'Z000000033','M000000233'),('T000000234','Nombre 234',1,'Z000000034','M000000234'),('T000000235','Nombre 235',1,'Z000000035','M000000235'),('T000000236','Nombre 236',1,'Z000000036','M000000236'),('T000000237','Nombre 237',1,'Z000000037','M000000237'),('T000000238','Nombre 238',1,'Z000000038','M000000238'),('T000000239','Nombre 239',1,'Z000000039','M000000239'),('T000000240','Nombre 240',1,'Z000000040','M000000240'),('T000000241','Nombre 241',1,'Z000000041','M000000241'),('T000000242','Nombre 242',1,'Z000000042','M000000242'),('T000000243','Nombre 243',1,'Z000000043','M000000243'),('T000000244','Nombre 244',1,'Z000000044','M000000244'),('T000000245','Nombre 245',1,'Z000000045','M000000245'),('T000000246','Nombre 246',1,'Z000000046','M000000246'),('T000000247','Nombre 247',1,'Z000000047','M000000247'),('T000000248','Nombre 248',1,'Z000000048','M000000248'),('T000000249','Nombre 249',1,'Z000000049','M000000249'),('T000000250','Nombre 250',1,'Z000000050','M000000250'),('T000000251','Nombre 251',1,'Z00000001','M000000251'),('T000000252','Nombre 252',1,'Z00000002','M000000252'),('T000000253','Nombre 253',1,'Z00000003','M000000253'),('T000000254','Nombre 254',1,'Z00000004','M000000254'),('T000000255','Nombre 255',1,'Z00000005','M000000255'),('T000000256','Nombre 256',1,'Z00000006','M000000256'),('T000000257','Nombre 257',1,'Z00000007','M000000257'),('T000000258','Nombre 258',1,'Z00000008','M000000258'),('T000000259','Nombre 259',1,'Z00000009','M000000259'),('T000000260','Nombre 260',1,'Z000000010','M000000260'),('T000000261','Nombre 261',1,'Z000000011','M000000261'),('T000000262','Nombre 262',1,'Z000000012','M000000262'),('T000000263','Nombre 263',1,'Z000000013','M000000263'),('T000000264','Nombre 264',1,'Z000000014','M000000264'),('T000000265','Nombre 265',1,'Z000000015','M000000265'),('T000000266','Nombre 266',1,'Z000000016','M000000266'),('T000000267','Nombre 267',1,'Z000000017','M000000267'),('T000000268','Nombre 268',1,'Z000000018','M000000268'),('T000000269','Nombre 269',1,'Z000000019','M000000269'),('T000000270','Nombre 270',1,'Z000000020','M000000270'),('T000000271','Nombre 271',1,'Z000000021','M000000271'),('T000000272','Nombre 272',1,'Z000000022','M000000272'),('T000000273','Nombre 273',1,'Z000000023','M000000273'),('T000000274','Nombre 274',1,'Z000000024','M000000274'),('T000000275','Nombre 275',1,'Z000000025','M000000275'),('T000000276','Nombre 276',1,'Z000000026','M000000276'),('T000000277','Nombre 277',1,'Z000000027','M000000277'),('T000000278','Nombre 278',1,'Z000000028','M000000278'),('T000000279','Nombre 279',1,'Z000000029','M000000279'),('T000000280','Nombre 280',1,'Z000000030','M000000280'),('T000000281','Nombre 281',1,'Z000000031','M000000281'),('T000000282','Nombre 282',1,'Z000000032','M000000282'),('T000000283','Nombre 283',1,'Z000000033','M000000283'),('T000000284','Nombre 284',1,'Z000000034','M000000284'),('T000000285','Nombre 285',1,'Z000000035','M000000285'),('T000000286','Nombre 286',1,'Z000000036','M000000286'),('T000000287','Nombre 287',1,'Z000000037','M000000287'),('T000000288','Nombre 288',1,'Z000000038','M000000288'),('T000000289','Nombre 289',1,'Z000000039','M000000289'),('T000000290','Nombre 290',1,'Z000000040','M000000290'),('T000000291','Nombre 291',1,'Z000000041','M000000291'),('T000000292','Nombre 292',1,'Z000000042','M000000292'),('T000000293','Nombre 293',1,'Z000000043','M000000293'),('T000000294','Nombre 294',1,'Z000000044','M000000294'),('T000000295','Nombre 295',1,'Z000000045','M000000295'),('T000000296','Nombre 296',1,'Z000000046','M000000296'),('T000000297','Nombre 297',1,'Z000000047','M000000297'),('T000000298','Nombre 298',1,'Z000000048','M000000298'),('T000000299','Nombre 299',1,'Z000000049','M000000299'),('T000000300','Nombre 300',1,'Z000000050','M000000300'),('T000000301','Nombre 301',1,'Z00000001','M000000301'),('T000000302','Nombre 302',1,'Z00000002','M000000302'),('T000000303','Nombre 303',1,'Z00000003','M000000303'),('T000000304','Nombre 304',1,'Z00000004','M000000304'),('T000000305','Nombre 305',1,'Z00000005','M000000305'),('T000000306','Nombre 306',1,'Z00000006','M000000306'),('T000000307','Nombre 307',1,'Z00000007','M000000307'),('T000000308','Nombre 308',1,'Z00000008','M000000308'),('T000000309','Nombre 309',1,'Z00000009','M000000309'),('T000000310','Nombre 310',1,'Z000000010','M000000310'),('T000000311','Nombre 311',1,'Z000000011','M000000311'),('T000000312','Nombre 312',1,'Z000000012','M000000312'),('T000000313','Nombre 313',1,'Z000000013','M000000313'),('T000000314','Nombre 314',1,'Z000000014','M000000314'),('T000000315','Nombre 315',1,'Z000000015','M000000315'),('T000000316','Nombre 316',1,'Z000000016','M000000316'),('T000000317','Nombre 317',1,'Z000000017','M000000317'),('T000000318','Nombre 318',1,'Z000000018','M000000318'),('T000000319','Nombre 319',1,'Z000000019','M000000319'),('T000000320','Nombre 320',1,'Z000000020','M000000320'),('T000000321','Nombre 321',1,'Z000000021','M000000321'),('T000000322','Nombre 322',1,'Z000000022','M000000322'),('T000000323','Nombre 323',1,'Z000000023','M000000323'),('T000000324','Nombre 324',1,'Z000000024','M000000324'),('T000000325','Nombre 325',1,'Z000000025','M000000325'),('T000000326','Nombre 326',1,'Z000000026','M000000326'),('T000000327','Nombre 327',1,'Z000000027','M000000327'),('T000000328','Nombre 328',1,'Z000000028','M000000328'),('T000000329','Nombre 329',1,'Z000000029','M000000329'),('T000000330','Nombre 330',1,'Z000000030','M000000330'),('T000000331','Nombre 331',1,'Z000000031','M000000331'),('T000000332','Nombre 332',1,'Z000000032','M000000332'),('T000000333','Nombre 333',1,'Z000000033','M000000333'),('T000000334','Nombre 334',1,'Z000000034','M000000334'),('T000000335','Nombre 335',1,'Z000000035','M000000335'),('T000000336','Nombre 336',1,'Z000000036','M000000336'),('T000000337','Nombre 337',1,'Z000000037','M000000337'),('T000000338','Nombre 338',1,'Z000000038','M000000338'),('T000000339','Nombre 339',1,'Z000000039','M000000339'),('T000000340','Nombre 340',1,'Z000000040','M000000340'),('T000000341','Nombre 341',1,'Z000000041','M000000341'),('T000000342','Nombre 342',1,'Z000000042','M000000342'),('T000000343','Nombre 343',1,'Z000000043','M000000343'),('T000000344','Nombre 344',1,'Z000000044','M000000344'),('T000000345','Nombre 345',1,'Z000000045','M000000345'),('T000000346','Nombre 346',1,'Z000000046','M000000346'),('T000000347','Nombre 347',1,'Z000000047','M000000347'),('T000000348','Nombre 348',1,'Z000000048','M000000348'),('T000000349','Nombre 349',1,'Z000000049','M000000349'),('T000000350','Nombre 350',1,'Z000000050','M000000350'),('T000000351','Nombre 351',1,'Z00000001','M000000351'),('T000000352','Nombre 352',1,'Z00000002','M000000352'),('T000000353','Nombre 353',1,'Z00000003','M000000353'),('T000000354','Nombre 354',1,'Z00000004','M000000354'),('T000000355','Nombre 355',1,'Z00000005','M000000355'),('T000000356','Nombre 356',1,'Z00000006','M000000356'),('T000000357','Nombre 357',1,'Z00000007','M000000357'),('T000000358','Nombre 358',1,'Z00000008','M000000358'),('T000000359','Nombre 359',1,'Z00000009','M000000359'),('T000000360','Nombre 360',1,'Z000000010','M000000360'),('T000000361','Nombre 361',1,'Z000000011','M000000361'),('T000000362','Nombre 362',1,'Z000000012','M000000362'),('T000000363','Nombre 363',1,'Z000000013','M000000363'),('T000000364','Nombre 364',1,'Z000000014','M000000364'),('T000000365','Nombre 365',1,'Z000000015','M000000365'),('T000000366','Nombre 366',1,'Z000000016','M000000366'),('T000000367','Nombre 367',1,'Z000000017','M000000367'),('T000000368','Nombre 368',1,'Z000000018','M000000368'),('T000000369','Nombre 369',1,'Z000000019','M000000369'),('T000000370','Nombre 370',1,'Z000000020','M000000370'),('T000000371','Nombre 371',1,'Z000000021','M000000371'),('T000000372','Nombre 372',1,'Z000000022','M000000372'),('T000000373','Nombre 373',1,'Z000000023','M000000373'),('T000000374','Nombre 374',1,'Z000000024','M000000374'),('T000000375','Nombre 375',1,'Z000000025','M000000375'),('T000000376','Nombre 376',1,'Z000000026','M000000376'),('T000000377','Nombre 377',1,'Z000000027','M000000377'),('T000000378','Nombre 378',1,'Z000000028','M000000378'),('T000000379','Nombre 379',1,'Z000000029','M000000379'),('T000000380','Nombre 380',1,'Z000000030','M000000380'),('T000000381','Nombre 381',1,'Z000000031','M000000381'),('T000000382','Nombre 382',1,'Z000000032','M000000382'),('T000000383','Nombre 383',1,'Z000000033','M000000383'),('T000000384','Nombre 384',1,'Z000000034','M000000384'),('T000000385','Nombre 385',1,'Z000000035','M000000385'),('T000000386','Nombre 386',1,'Z000000036','M000000386'),('T000000387','Nombre 387',1,'Z000000037','M000000387'),('T000000388','Nombre 388',1,'Z000000038','M000000388'),('T000000389','Nombre 389',1,'Z000000039','M000000389'),('T000000390','Nombre 390',1,'Z000000040','M000000390'),('T000000391','Nombre 391',1,'Z000000041','M000000391'),('T000000392','Nombre 392',1,'Z000000042','M000000392'),('T000000393','Nombre 393',1,'Z000000043','M000000393'),('T000000394','Nombre 394',1,'Z000000044','M000000394'),('T000000395','Nombre 395',1,'Z000000045','M000000395'),('T000000396','Nombre 396',1,'Z000000046','M000000396'),('T000000397','Nombre 397',1,'Z000000047','M000000397'),('T000000398','Nombre 398',1,'Z000000048','M000000398'),('T000000399','Nombre 399',1,'Z000000049','M000000399'),('T000000400','Nombre 400',1,'Z000000050','M000000400'),('T000000401','Nombre 401',1,'Z00000001','M000000401'),('T000000402','Nombre 402',1,'Z00000002','M000000402'),('T000000403','Nombre 403',1,'Z00000003','M000000403'),('T000000404','Nombre 404',1,'Z00000004','M000000404'),('T000000405','Nombre 405',1,'Z00000005','M000000405'),('T000000406','Nombre 406',1,'Z00000006','M000000406'),('T000000407','Nombre 407',1,'Z00000007','M000000407'),('T000000408','Nombre 408',1,'Z00000008','M000000408'),('T000000409','Nombre 409',1,'Z00000009','M000000409'),('T000000410','Nombre 410',1,'Z000000010','M000000410'),('T000000411','Nombre 411',1,'Z000000011','M000000411'),('T000000412','Nombre 412',1,'Z000000012','M000000412'),('T000000413','Nombre 413',1,'Z000000013','M000000413'),('T000000414','Nombre 414',1,'Z000000014','M000000414'),('T000000415','Nombre 415',1,'Z000000015','M000000415'),('T000000416','Nombre 416',1,'Z000000016','M000000416'),('T000000417','Nombre 417',1,'Z000000017','M000000417'),('T000000418','Nombre 418',1,'Z000000018','M000000418'),('T000000419','Nombre 419',1,'Z000000019','M000000419'),('T000000420','Nombre 420',1,'Z000000020','M000000420'),('T000000421','Nombre 421',1,'Z000000021','M000000421'),('T000000422','Nombre 422',1,'Z000000022','M000000422'),('T000000423','Nombre 423',1,'Z000000023','M000000423'),('T000000424','Nombre 424',1,'Z000000024','M000000424'),('T000000425','Nombre 425',1,'Z000000025','M000000425'),('T000000426','Nombre 426',1,'Z000000026','M000000426'),('T000000427','Nombre 427',1,'Z000000027','M000000427'),('T000000428','Nombre 428',1,'Z000000028','M000000428'),('T000000429','Nombre 429',1,'Z000000029','M000000429'),('T000000430','Nombre 430',1,'Z000000030','M000000430'),('T000000431','Nombre 431',1,'Z000000031','M000000431'),('T000000432','Nombre 432',1,'Z000000032','M000000432'),('T000000433','Nombre 433',1,'Z000000033','M000000433'),('T000000434','Nombre 434',1,'Z000000034','M000000434'),('T000000435','Nombre 435',1,'Z000000035','M000000435'),('T000000436','Nombre 436',1,'Z000000036','M000000436'),('T000000437','Nombre 437',1,'Z000000037','M000000437'),('T000000438','Nombre 438',1,'Z000000038','M000000438'),('T000000439','Nombre 439',1,'Z000000039','M000000439'),('T000000440','Nombre 440',1,'Z000000040','M000000440'),('T000000441','Nombre 441',1,'Z000000041','M000000441'),('T000000442','Nombre 442',1,'Z000000042','M000000442'),('T000000443','Nombre 443',1,'Z000000043','M000000443'),('T000000444','Nombre 444',1,'Z000000044','M000000444'),('T000000445','Nombre 445',1,'Z000000045','M000000445'),('T000000446','Nombre 446',1,'Z000000046','M000000446'),('T000000447','Nombre 447',1,'Z000000047','M000000447'),('T000000448','Nombre 448',1,'Z000000048','M000000448'),('T000000449','Nombre 449',1,'Z000000049','M000000449'),('T000000450','Nombre 450',1,'Z000000050','M000000450'),('T000000451','Nombre 451',1,'Z00000001','M000000451'),('T000000452','Nombre 452',1,'Z00000002','M000000452'),('T000000453','Nombre 453',1,'Z00000003','M000000453'),('T000000454','Nombre 454',1,'Z00000004','M000000454'),('T000000455','Nombre 455',1,'Z00000005','M000000455'),('T000000456','Nombre 456',1,'Z00000006','M000000456'),('T000000457','Nombre 457',1,'Z00000007','M000000457'),('T000000458','Nombre 458',1,'Z00000008','M000000458'),('T000000459','Nombre 459',1,'Z00000009','M000000459'),('T000000460','Nombre 460',1,'Z000000010','M000000460'),('T000000461','Nombre 461',1,'Z000000011','M000000461'),('T000000462','Nombre 462',1,'Z000000012','M000000462'),('T000000463','Nombre 463',1,'Z000000013','M000000463'),('T000000464','Nombre 464',1,'Z000000014','M000000464'),('T000000465','Nombre 465',1,'Z000000015','M000000465'),('T000000466','Nombre 466',1,'Z000000016','M000000466'),('T000000467','Nombre 467',1,'Z000000017','M000000467'),('T000000468','Nombre 468',1,'Z000000018','M000000468'),('T000000469','Nombre 469',1,'Z000000019','M000000469'),('T000000470','Nombre 470',1,'Z000000020','M000000470'),('T000000471','Nombre 471',1,'Z000000021','M000000471'),('T000000472','Nombre 472',1,'Z000000022','M000000472'),('T000000473','Nombre 473',1,'Z000000023','M000000473'),('T000000474','Nombre 474',1,'Z000000024','M000000474'),('T000000475','Nombre 475',1,'Z000000025','M000000475'),('T000000476','Nombre 476',1,'Z000000026','M000000476'),('T000000477','Nombre 477',1,'Z000000027','M000000477'),('T000000478','Nombre 478',1,'Z000000028','M000000478'),('T000000479','Nombre 479',1,'Z000000029','M000000479'),('T000000480','Nombre 480',1,'Z000000030','M000000480'),('T000000481','Nombre 481',1,'Z000000031','M000000481'),('T000000482','Nombre 482',1,'Z000000032','M000000482'),('T000000483','Nombre 483',1,'Z000000033','M000000483'),('T000000484','Nombre 484',1,'Z000000034','M000000484'),('T000000485','Nombre 485',1,'Z000000035','M000000485'),('T000000486','Nombre 486',1,'Z000000036','M000000486'),('T000000487','Nombre 487',1,'Z000000037','M000000487'),('T000000488','Nombre 488',1,'Z000000038','M000000488'),('T000000489','Nombre 489',1,'Z000000039','M000000489'),('T000000490','Nombre 490',1,'Z000000040','M000000490'),('T000000491','Nombre 491',1,'Z000000041','M000000491'),('T000000492','Nombre 492',1,'Z000000042','M000000492'),('T000000493','Nombre 493',1,'Z000000043','M000000493'),('T000000494','Nombre 494',1,'Z000000044','M000000494'),('T000000495','Nombre 495',1,'Z000000045','M000000495'),('T000000496','Nombre 496',1,'Z000000046','M000000496'),('T000000497','Nombre 497',1,'Z000000047','M000000497'),('T000000498','Nombre 498',1,'Z000000048','M000000498'),('T000000499','Nombre 499',1,'Z000000049','M000000499'),('T000000500','Nombre 500',1,'Z000000050','M000000500'),('T000000501','Nombre 501',1,'Z00000001','M000000501'),('T000000502','Nombre 502',1,'Z00000002','M000000502'),('T000000503','Nombre 503',1,'Z00000003','M000000503'),('T000000504','Nombre 504',1,'Z00000004','M000000504'),('T000000505','Nombre 505',1,'Z00000005','M000000505'),('T000000506','Nombre 506',1,'Z00000006','M000000506'),('T000000507','Nombre 507',1,'Z00000007','M000000507'),('T000000508','Nombre 508',1,'Z00000008','M000000508'),('T000000509','Nombre 509',1,'Z00000009','M000000509'),('T000000510','Nombre 510',1,'Z000000010','M000000510'),('T000000511','Nombre 511',1,'Z000000011','M000000511'),('T000000512','Nombre 512',1,'Z000000012','M000000512'),('T000000513','Nombre 513',1,'Z000000013','M000000513'),('T000000514','Nombre 514',1,'Z000000014','M000000514'),('T000000515','Nombre 515',1,'Z000000015','M000000515'),('T000000516','Nombre 516',1,'Z000000016','M000000516'),('T000000517','Nombre 517',1,'Z000000017','M000000517'),('T000000518','Nombre 518',1,'Z000000018','M000000518'),('T000000519','Nombre 519',1,'Z000000019','M000000519'),('T000000520','Nombre 520',1,'Z000000020','M000000520'),('T000000521','Nombre 521',1,'Z000000021','M000000521'),('T000000522','Nombre 522',1,'Z000000022','M000000522'),('T000000523','Nombre 523',1,'Z000000023','M000000523'),('T000000524','Nombre 524',1,'Z000000024','M000000524'),('T000000525','Nombre 525',1,'Z000000025','M000000525'),('T000000526','Nombre 526',1,'Z000000026','M000000526'),('T000000527','Nombre 527',1,'Z000000027','M000000527'),('T000000528','Nombre 528',1,'Z000000028','M000000528'),('T000000529','Nombre 529',1,'Z000000029','M000000529'),('T000000530','Nombre 530',1,'Z000000030','M000000530'),('T000000531','Nombre 531',1,'Z000000031','M000000531'),('T000000532','Nombre 532',1,'Z000000032','M000000532'),('T000000533','Nombre 533',1,'Z000000033','M000000533'),('T000000534','Nombre 534',1,'Z000000034','M000000534'),('T000000535','Nombre 535',1,'Z000000035','M000000535'),('T000000536','Nombre 536',1,'Z000000036','M000000536'),('T000000537','Nombre 537',1,'Z000000037','M000000537'),('T000000538','Nombre 538',1,'Z000000038','M000000538'),('T000000539','Nombre 539',1,'Z000000039','M000000539'),('T000000540','Nombre 540',1,'Z000000040','M000000540'),('T000000541','Nombre 541',1,'Z000000041','M000000541'),('T000000542','Nombre 542',1,'Z000000042','M000000542'),('T000000543','Nombre 543',1,'Z000000043','M000000543'),('T000000544','Nombre 544',1,'Z000000044','M000000544'),('T000000545','Nombre 545',1,'Z000000045','M000000545'),('T000000546','Nombre 546',1,'Z000000046','M000000546'),('T000000547','Nombre 547',1,'Z000000047','M000000547'),('T000000548','Nombre 548',1,'Z000000048','M000000548'),('T000000549','Nombre 549',1,'Z000000049','M000000549'),('T000000550','Nombre 550',1,'Z000000050','M000000550'),('T000000551','Nombre 551',1,'Z00000001','M000000551'),('T000000552','Nombre 552',1,'Z00000002','M000000552'),('T000000553','Nombre 553',1,'Z00000003','M000000553'),('T000000554','Nombre 554',1,'Z00000004','M000000554'),('T000000555','Nombre 555',1,'Z00000005','M000000555'),('T000000556','Nombre 556',1,'Z00000006','M000000556'),('T000000557','Nombre 557',1,'Z00000007','M000000557'),('T000000558','Nombre 558',1,'Z00000008','M000000558'),('T000000559','Nombre 559',1,'Z00000009','M000000559'),('T000000560','Nombre 560',1,'Z000000010','M000000560'),('T000000561','Nombre 561',1,'Z000000011','M000000561'),('T000000562','Nombre 562',1,'Z000000012','M000000562'),('T000000563','Nombre 563',1,'Z000000013','M000000563'),('T000000564','Nombre 564',1,'Z000000014','M000000564'),('T000000565','Nombre 565',1,'Z000000015','M000000565'),('T000000566','Nombre 566',1,'Z000000016','M000000566'),('T000000567','Nombre 567',1,'Z000000017','M000000567'),('T000000568','Nombre 568',1,'Z000000018','M000000568'),('T000000569','Nombre 569',1,'Z000000019','M000000569'),('T000000570','Nombre 570',1,'Z000000020','M000000570'),('T000000571','Nombre 571',1,'Z000000021','M000000571'),('T000000572','Nombre 572',1,'Z000000022','M000000572'),('T000000573','Nombre 573',1,'Z000000023','M000000573'),('T000000574','Nombre 574',1,'Z000000024','M000000574'),('T000000575','Nombre 575',1,'Z000000025','M000000575'),('T000000576','Nombre 576',1,'Z000000026','M000000576'),('T000000577','Nombre 577',1,'Z000000027','M000000577'),('T000000578','Nombre 578',1,'Z000000028','M000000578'),('T000000579','Nombre 579',1,'Z000000029','M000000579'),('T000000580','Nombre 580',1,'Z000000030','M000000580'),('T000000581','Nombre 581',1,'Z000000031','M000000581'),('T000000582','Nombre 582',1,'Z000000032','M000000582'),('T000000583','Nombre 583',1,'Z000000033','M000000583'),('T000000584','Nombre 584',1,'Z000000034','M000000584'),('T000000585','Nombre 585',1,'Z000000035','M000000585'),('T000000586','Nombre 586',1,'Z000000036','M000000586'),('T000000587','Nombre 587',1,'Z000000037','M000000587'),('T000000588','Nombre 588',1,'Z000000038','M000000588'),('T000000589','Nombre 589',1,'Z000000039','M000000589'),('T000000590','Nombre 590',1,'Z000000040','M000000590'),('T000000591','Nombre 591',1,'Z000000041','M000000591'),('T000000592','Nombre 592',1,'Z000000042','M000000592'),('T000000593','Nombre 593',1,'Z000000043','M000000593'),('T000000594','Nombre 594',1,'Z000000044','M000000594'),('T000000595','Nombre 595',1,'Z000000045','M000000595'),('T000000596','Nombre 596',1,'Z000000046','M000000596'),('T000000597','Nombre 597',1,'Z000000047','M000000597'),('T000000598','Nombre 598',1,'Z000000048','M000000598'),('T000000599','Nombre 599',1,'Z000000049','M000000599'),('T000000600','Nombre 600',1,'Z000000050','M000000600'),('T000000601','Nombre 601',1,'Z00000001','M000000601'),('T000000602','Nombre 602',1,'Z00000002','M000000602'),('T000000603','Nombre 603',1,'Z00000003','M000000603'),('T000000604','Nombre 604',1,'Z00000004','M000000604'),('T000000605','Nombre 605',1,'Z00000005','M000000605'),('T000000606','Nombre 606',1,'Z00000006','M000000606'),('T000000607','Nombre 607',1,'Z00000007','M000000607'),('T000000608','Nombre 608',1,'Z00000008','M000000608'),('T000000609','Nombre 609',1,'Z00000009','M000000609'),('T000000610','Nombre 610',1,'Z000000010','M000000610'),('T000000611','Nombre 611',1,'Z000000011','M000000611'),('T000000612','Nombre 612',1,'Z000000012','M000000612'),('T000000613','Nombre 613',1,'Z000000013','M000000613'),('T000000614','Nombre 614',1,'Z000000014','M000000614'),('T000000615','Nombre 615',1,'Z000000015','M000000615'),('T000000616','Nombre 616',1,'Z000000016','M000000616'),('T000000617','Nombre 617',1,'Z000000017','M000000617'),('T000000618','Nombre 618',1,'Z000000018','M000000618'),('T000000619','Nombre 619',1,'Z000000019','M000000619'),('T000000620','Nombre 620',1,'Z000000020','M000000620'),('T000000621','Nombre 621',1,'Z000000021','M000000621'),('T000000622','Nombre 622',1,'Z000000022','M000000622'),('T000000623','Nombre 623',1,'Z000000023','M000000623'),('T000000624','Nombre 624',1,'Z000000024','M000000624'),('T000000625','Nombre 625',1,'Z000000025','M000000625'),('T000000626','Nombre 626',1,'Z000000026','M000000626'),('T000000627','Nombre 627',1,'Z000000027','M000000627'),('T000000628','Nombre 628',1,'Z000000028','M000000628'),('T000000629','Nombre 629',1,'Z000000029','M000000629'),('T000000630','Nombre 630',1,'Z000000030','M000000630'),('T000000631','Nombre 631',1,'Z000000031','M000000631'),('T000000632','Nombre 632',1,'Z000000032','M000000632'),('T000000633','Nombre 633',1,'Z000000033','M000000633'),('T000000634','Nombre 634',1,'Z000000034','M000000634'),('T000000635','Nombre 635',1,'Z000000035','M000000635'),('T000000636','Nombre 636',1,'Z000000036','M000000636'),('T000000637','Nombre 637',1,'Z000000037','M000000637'),('T000000638','Nombre 638',1,'Z000000038','M000000638'),('T000000639','Nombre 639',1,'Z000000039','M000000639'),('T000000640','Nombre 640',1,'Z000000040','M000000640'),('T000000641','Nombre 641',1,'Z000000041','M000000641'),('T000000642','Nombre 642',1,'Z000000042','M000000642'),('T000000643','Nombre 643',1,'Z000000043','M000000643'),('T000000644','Nombre 644',1,'Z000000044','M000000644'),('T000000645','Nombre 645',1,'Z000000045','M000000645'),('T000000646','Nombre 646',1,'Z000000046','M000000646'),('T000000647','Nombre 647',1,'Z000000047','M000000647'),('T000000648','Nombre 648',1,'Z000000048','M000000648'),('T000000649','Nombre 649',1,'Z000000049','M000000649'),('T000000650','Nombre 650',1,'Z000000050','M000000650'),('T000000651','Nombre 651',1,'Z00000001','M000000651'),('T000000652','Nombre 652',1,'Z00000002','M000000652'),('T000000653','Nombre 653',1,'Z00000003','M000000653'),('T000000654','Nombre 654',1,'Z00000004','M000000654'),('T000000655','Nombre 655',1,'Z00000005','M000000655'),('T000000656','Nombre 656',1,'Z00000006','M000000656'),('T000000657','Nombre 657',1,'Z00000007','M000000657'),('T000000658','Nombre 658',1,'Z00000008','M000000658'),('T000000659','Nombre 659',1,'Z00000009','M000000659'),('T000000660','Nombre 660',1,'Z000000010','M000000660'),('T000000661','Nombre 661',1,'Z000000011','M000000661'),('T000000662','Nombre 662',1,'Z000000012','M000000662'),('T000000663','Nombre 663',1,'Z000000013','M000000663'),('T000000664','Nombre 664',1,'Z000000014','M000000664'),('T000000665','Nombre 665',1,'Z000000015','M000000665'),('T000000666','Nombre 666',1,'Z000000016','M000000666'),('T000000667','Nombre 667',1,'Z000000017','M000000667'),('T000000668','Nombre 668',1,'Z000000018','M000000668'),('T000000669','Nombre 669',1,'Z000000019','M000000669'),('T000000670','Nombre 670',1,'Z000000020','M000000670'),('T000000671','Nombre 671',1,'Z000000021','M000000671'),('T000000672','Nombre 672',1,'Z000000022','M000000672'),('T000000673','Nombre 673',1,'Z000000023','M000000673'),('T000000674','Nombre 674',1,'Z000000024','M000000674'),('T000000675','Nombre 675',1,'Z000000025','M000000675'),('T000000676','Nombre 676',1,'Z000000026','M000000676'),('T000000677','Nombre 677',1,'Z000000027','M000000677'),('T000000678','Nombre 678',1,'Z000000028','M000000678'),('T000000679','Nombre 679',1,'Z000000029','M000000679'),('T000000680','Nombre 680',1,'Z000000030','M000000680'),('T000000681','Nombre 681',1,'Z000000031','M000000681'),('T000000682','Nombre 682',1,'Z000000032','M000000682'),('T000000683','Nombre 683',1,'Z000000033','M000000683'),('T000000684','Nombre 684',1,'Z000000034','M000000684'),('T000000685','Nombre 685',1,'Z000000035','M000000685'),('T000000686','Nombre 686',1,'Z000000036','M000000686'),('T000000687','Nombre 687',1,'Z000000037','M000000687'),('T000000688','Nombre 688',1,'Z000000038','M000000688'),('T000000689','Nombre 689',1,'Z000000039','M000000689'),('T000000690','Nombre 690',1,'Z000000040','M000000690'),('T000000691','Nombre 691',1,'Z000000041','M000000691'),('T000000692','Nombre 692',1,'Z000000042','M000000692'),('T000000693','Nombre 693',1,'Z000000043','M000000693'),('T000000694','Nombre 694',1,'Z000000044','M000000694'),('T000000695','Nombre 695',1,'Z000000045','M000000695'),('T000000696','Nombre 696',1,'Z000000046','M000000696'),('T000000697','Nombre 697',1,'Z000000047','M000000697'),('T000000698','Nombre 698',1,'Z000000048','M000000698'),('T000000699','Nombre 699',1,'Z000000049','M000000699'),('T000000700','Nombre 700',1,'Z000000050','M000000700'),('T000000701','Nombre 701',1,'Z00000001','M000000701'),('T000000702','Nombre 702',1,'Z00000002','M000000702'),('T000000703','Nombre 703',1,'Z00000003','M000000703'),('T000000704','Nombre 704',1,'Z00000004','M000000704'),('T000000705','Nombre 705',1,'Z00000005','M000000705'),('T000000706','Nombre 706',1,'Z00000006','M000000706'),('T000000707','Nombre 707',1,'Z00000007','M000000707'),('T000000708','Nombre 708',1,'Z00000008','M000000708'),('T000000709','Nombre 709',1,'Z00000009','M000000709'),('T000000710','Nombre 710',1,'Z000000010','M000000710'),('T000000711','Nombre 711',1,'Z000000011','M000000711'),('T000000712','Nombre 712',1,'Z000000012','M000000712'),('T000000713','Nombre 713',1,'Z000000013','M000000713'),('T000000714','Nombre 714',1,'Z000000014','M000000714'),('T000000715','Nombre 715',1,'Z000000015','M000000715'),('T000000716','Nombre 716',1,'Z000000016','M000000716'),('T000000717','Nombre 717',1,'Z000000017','M000000717'),('T000000718','Nombre 718',1,'Z000000018','M000000718'),('T000000719','Nombre 719',1,'Z000000019','M000000719'),('T000000720','Nombre 720',1,'Z000000020','M000000720'),('T000000721','Nombre 721',1,'Z000000021','M000000721'),('T000000722','Nombre 722',1,'Z000000022','M000000722'),('T000000723','Nombre 723',1,'Z000000023','M000000723'),('T000000724','Nombre 724',1,'Z000000024','M000000724'),('T000000725','Nombre 725',1,'Z000000025','M000000725'),('T000000726','Nombre 726',1,'Z000000026','M000000726'),('T000000727','Nombre 727',1,'Z000000027','M000000727'),('T000000728','Nombre 728',1,'Z000000028','M000000728'),('T000000729','Nombre 729',1,'Z000000029','M000000729'),('T000000730','Nombre 730',1,'Z000000030','M000000730'),('T000000731','Nombre 731',1,'Z000000031','M000000731'),('T000000732','Nombre 732',1,'Z000000032','M000000732'),('T000000733','Nombre 733',1,'Z000000033','M000000733'),('T000000734','Nombre 734',1,'Z000000034','M000000734'),('T000000735','Nombre 735',1,'Z000000035','M000000735'),('T000000736','Nombre 736',1,'Z000000036','M000000736'),('T000000737','Nombre 737',1,'Z000000037','M000000737'),('T000000738','Nombre 738',1,'Z000000038','M000000738'),('T000000739','Nombre 739',1,'Z000000039','M000000739'),('T000000740','Nombre 740',1,'Z000000040','M000000740'),('T000000741','Nombre 741',1,'Z000000041','M000000741'),('T000000742','Nombre 742',1,'Z000000042','M000000742'),('T000000743','Nombre 743',1,'Z000000043','M000000743'),('T000000744','Nombre 744',1,'Z000000044','M000000744'),('T000000745','Nombre 745',1,'Z000000045','M000000745'),('T000000746','Nombre 746',1,'Z000000046','M000000746'),('T000000747','Nombre 747',1,'Z000000047','M000000747'),('T000000748','Nombre 748',1,'Z000000048','M000000748'),('T000000749','Nombre 749',1,'Z000000049','M000000749'),('T000000750','Nombre 750',1,'Z000000050','M000000750'),('T000000751','Nombre 751',1,'Z00000001','M000000751'),('T000000752','Nombre 752',1,'Z00000002','M000000752'),('T000000753','Nombre 753',1,'Z00000003','M000000753'),('T000000754','Nombre 754',1,'Z00000004','M000000754'),('T000000755','Nombre 755',1,'Z00000005','M000000755'),('T000000756','Nombre 756',1,'Z00000006','M000000756'),('T000000757','Nombre 757',1,'Z00000007','M000000757'),('T000000758','Nombre 758',1,'Z00000008','M000000758'),('T000000759','Nombre 759',1,'Z00000009','M000000759'),('T000000760','Nombre 760',1,'Z000000010','M000000760'),('T000000761','Nombre 761',1,'Z000000011','M000000761'),('T000000762','Nombre 762',1,'Z000000012','M000000762'),('T000000763','Nombre 763',1,'Z000000013','M000000763'),('T000000764','Nombre 764',1,'Z000000014','M000000764'),('T000000765','Nombre 765',1,'Z000000015','M000000765'),('T000000766','Nombre 766',1,'Z000000016','M000000766'),('T000000767','Nombre 767',1,'Z000000017','M000000767'),('T000000768','Nombre 768',1,'Z000000018','M000000768'),('T000000769','Nombre 769',1,'Z000000019','M000000769'),('T000000770','Nombre 770',1,'Z000000020','M000000770'),('T000000771','Nombre 771',1,'Z000000021','M000000771'),('T000000772','Nombre 772',1,'Z000000022','M000000772'),('T000000773','Nombre 773',1,'Z000000023','M000000773'),('T000000774','Nombre 774',1,'Z000000024','M000000774'),('T000000775','Nombre 775',1,'Z000000025','M000000775'),('T000000776','Nombre 776',1,'Z000000026','M000000776'),('T000000777','Nombre 777',1,'Z000000027','M000000777'),('T000000778','Nombre 778',1,'Z000000028','M000000778'),('T000000779','Nombre 779',1,'Z000000029','M000000779'),('T000000780','Nombre 780',1,'Z000000030','M000000780'),('T000000781','Nombre 781',1,'Z000000031','M000000781'),('T000000782','Nombre 782',1,'Z000000032','M000000782'),('T000000783','Nombre 783',1,'Z000000033','M000000783'),('T000000784','Nombre 784',1,'Z000000034','M000000784'),('T000000785','Nombre 785',1,'Z000000035','M000000785'),('T000000786','Nombre 786',1,'Z000000036','M000000786'),('T000000787','Nombre 787',1,'Z000000037','M000000787'),('T000000788','Nombre 788',1,'Z000000038','M000000788'),('T000000789','Nombre 789',1,'Z000000039','M000000789'),('T000000790','Nombre 790',1,'Z000000040','M000000790'),('T000000791','Nombre 791',1,'Z000000041','M000000791'),('T000000792','Nombre 792',1,'Z000000042','M000000792'),('T000000793','Nombre 793',1,'Z000000043','M000000793'),('T000000794','Nombre 794',1,'Z000000044','M000000794'),('T000000795','Nombre 795',1,'Z000000045','M000000795'),('T000000796','Nombre 796',1,'Z000000046','M000000796'),('T000000797','Nombre 797',1,'Z000000047','M000000797'),('T000000798','Nombre 798',1,'Z000000048','M000000798'),('T000000799','Nombre 799',1,'Z000000049','M000000799'),('T000000800','Nombre 800',1,'Z000000050','M000000800'),('T000000801','Nombre 801',1,'Z00000001','M000000801'),('T000000802','Nombre 802',1,'Z00000002','M000000802'),('T000000803','Nombre 803',1,'Z00000003','M000000803'),('T000000804','Nombre 804',1,'Z00000004','M000000804'),('T000000805','Nombre 805',1,'Z00000005','M000000805'),('T000000806','Nombre 806',1,'Z00000006','M000000806'),('T000000807','Nombre 807',1,'Z00000007','M000000807'),('T000000808','Nombre 808',1,'Z00000008','M000000808'),('T000000809','Nombre 809',1,'Z00000009','M000000809'),('T000000810','Nombre 810',1,'Z000000010','M000000810'),('T000000811','Nombre 811',1,'Z000000011','M000000811'),('T000000812','Nombre 812',1,'Z000000012','M000000812'),('T000000813','Nombre 813',1,'Z000000013','M000000813'),('T000000814','Nombre 814',1,'Z000000014','M000000814'),('T000000815','Nombre 815',1,'Z000000015','M000000815'),('T000000816','Nombre 816',1,'Z000000016','M000000816'),('T000000817','Nombre 817',1,'Z000000017','M000000817'),('T000000818','Nombre 818',1,'Z000000018','M000000818'),('T000000819','Nombre 819',1,'Z000000019','M000000819'),('T000000820','Nombre 820',1,'Z000000020','M000000820'),('T000000821','Nombre 821',1,'Z000000021','M000000821'),('T000000822','Nombre 822',1,'Z000000022','M000000822'),('T000000823','Nombre 823',1,'Z000000023','M000000823'),('T000000824','Nombre 824',1,'Z000000024','M000000824'),('T000000825','Nombre 825',1,'Z000000025','M000000825'),('T000000826','Nombre 826',1,'Z000000026','M000000826'),('T000000827','Nombre 827',1,'Z000000027','M000000827'),('T000000828','Nombre 828',1,'Z000000028','M000000828'),('T000000829','Nombre 829',1,'Z000000029','M000000829'),('T000000830','Nombre 830',1,'Z000000030','M000000830'),('T000000831','Nombre 831',1,'Z000000031','M000000831'),('T000000832','Nombre 832',1,'Z000000032','M000000832'),('T000000833','Nombre 833',1,'Z000000033','M000000833'),('T000000834','Nombre 834',1,'Z000000034','M000000834'),('T000000835','Nombre 835',1,'Z000000035','M000000835'),('T000000836','Nombre 836',1,'Z000000036','M000000836'),('T000000837','Nombre 837',1,'Z000000037','M000000837'),('T000000838','Nombre 838',1,'Z000000038','M000000838'),('T000000839','Nombre 839',1,'Z000000039','M000000839'),('T000000840','Nombre 840',1,'Z000000040','M000000840'),('T000000841','Nombre 841',1,'Z000000041','M000000841'),('T000000842','Nombre 842',1,'Z000000042','M000000842'),('T000000843','Nombre 843',1,'Z000000043','M000000843'),('T000000844','Nombre 844',1,'Z000000044','M000000844'),('T000000845','Nombre 845',1,'Z000000045','M000000845'),('T000000846','Nombre 846',1,'Z000000046','M000000846'),('T000000847','Nombre 847',1,'Z000000047','M000000847'),('T000000848','Nombre 848',1,'Z000000048','M000000848'),('T000000849','Nombre 849',1,'Z000000049','M000000849'),('T000000850','Nombre 850',1,'Z000000050','M000000850'),('T000000851','Nombre 851',1,'Z00000001','M000000851'),('T000000852','Nombre 852',1,'Z00000002','M000000852'),('T000000853','Nombre 853',1,'Z00000003','M000000853'),('T000000854','Nombre 854',1,'Z00000004','M000000854'),('T000000855','Nombre 855',1,'Z00000005','M000000855'),('T000000856','Nombre 856',1,'Z00000006','M000000856'),('T000000857','Nombre 857',1,'Z00000007','M000000857'),('T000000858','Nombre 858',1,'Z00000008','M000000858'),('T000000859','Nombre 859',1,'Z00000009','M000000859'),('T000000860','Nombre 860',1,'Z000000010','M000000860'),('T000000861','Nombre 861',1,'Z000000011','M000000861'),('T000000862','Nombre 862',1,'Z000000012','M000000862'),('T000000863','Nombre 863',1,'Z000000013','M000000863'),('T000000864','Nombre 864',1,'Z000000014','M000000864'),('T000000865','Nombre 865',1,'Z000000015','M000000865'),('T000000866','Nombre 866',1,'Z000000016','M000000866'),('T000000867','Nombre 867',1,'Z000000017','M000000867'),('T000000868','Nombre 868',1,'Z000000018','M000000868'),('T000000869','Nombre 869',1,'Z000000019','M000000869'),('T000000870','Nombre 870',1,'Z000000020','M000000870'),('T000000871','Nombre 871',1,'Z000000021','M000000871'),('T000000872','Nombre 872',1,'Z000000022','M000000872'),('T000000873','Nombre 873',1,'Z000000023','M000000873'),('T000000874','Nombre 874',1,'Z000000024','M000000874'),('T000000875','Nombre 875',1,'Z000000025','M000000875'),('T000000876','Nombre 876',1,'Z000000026','M000000876'),('T000000877','Nombre 877',1,'Z000000027','M000000877'),('T000000878','Nombre 878',1,'Z000000028','M000000878'),('T000000879','Nombre 879',1,'Z000000029','M000000879'),('T000000880','Nombre 880',1,'Z000000030','M000000880'),('T000000881','Nombre 881',1,'Z000000031','M000000881'),('T000000882','Nombre 882',1,'Z000000032','M000000882'),('T000000883','Nombre 883',1,'Z000000033','M000000883'),('T000000884','Nombre 884',1,'Z000000034','M000000884'),('T000000885','Nombre 885',1,'Z000000035','M000000885'),('T000000886','Nombre 886',1,'Z000000036','M000000886'),('T000000887','Nombre 887',1,'Z000000037','M000000887'),('T000000888','Nombre 888',1,'Z000000038','M000000888'),('T000000889','Nombre 889',1,'Z000000039','M000000889'),('T000000890','Nombre 890',1,'Z000000040','M000000890'),('T000000891','Nombre 891',1,'Z000000041','M000000891'),('T000000892','Nombre 892',1,'Z000000042','M000000892'),('T000000893','Nombre 893',1,'Z000000043','M000000893'),('T000000894','Nombre 894',1,'Z000000044','M000000894'),('T000000895','Nombre 895',1,'Z000000045','M000000895'),('T000000896','Nombre 896',1,'Z000000046','M000000896'),('T000000897','Nombre 897',1,'Z000000047','M000000897'),('T000000898','Nombre 898',1,'Z000000048','M000000898'),('T000000899','Nombre 899',1,'Z000000049','M000000899'),('T000000900','Nombre 900',1,'Z000000050','M000000900'),('T000000901','Nombre 901',1,'Z00000001','M000000901'),('T000000902','Nombre 902',1,'Z00000002','M000000902'),('T000000903','Nombre 903',1,'Z00000003','M000000903'),('T000000904','Nombre 904',1,'Z00000004','M000000904'),('T000000905','Nombre 905',1,'Z00000005','M000000905'),('T000000906','Nombre 906',1,'Z00000006','M000000906'),('T000000907','Nombre 907',1,'Z00000007','M000000907'),('T000000908','Nombre 908',1,'Z00000008','M000000908'),('T000000909','Nombre 909',1,'Z00000009','M000000909'),('T000000910','Nombre 910',1,'Z000000010','M000000910'),('T000000911','Nombre 911',1,'Z000000011','M000000911'),('T000000912','Nombre 912',1,'Z000000012','M000000912'),('T000000913','Nombre 913',1,'Z000000013','M000000913'),('T000000914','Nombre 914',1,'Z000000014','M000000914'),('T000000915','Nombre 915',1,'Z000000015','M000000915'),('T000000916','Nombre 916',1,'Z000000016','M000000916'),('T000000917','Nombre 917',1,'Z000000017','M000000917'),('T000000918','Nombre 918',1,'Z000000018','M000000918'),('T000000919','Nombre 919',1,'Z000000019','M000000919'),('T000000920','Nombre 920',1,'Z000000020','M000000920'),('T000000921','Nombre 921',1,'Z000000021','M000000921'),('T000000922','Nombre 922',1,'Z000000022','M000000922'),('T000000923','Nombre 923',1,'Z000000023','M000000923'),('T000000924','Nombre 924',1,'Z000000024','M000000924'),('T000000925','Nombre 925',1,'Z000000025','M000000925'),('T000000926','Nombre 926',1,'Z000000026','M000000926'),('T000000927','Nombre 927',1,'Z000000027','M000000927'),('T000000928','Nombre 928',1,'Z000000028','M000000928'),('T000000929','Nombre 929',1,'Z000000029','M000000929'),('T000000930','Nombre 930',1,'Z000000030','M000000930'),('T000000931','Nombre 931',1,'Z000000031','M000000931'),('T000000932','Nombre 932',1,'Z000000032','M000000932'),('T000000933','Nombre 933',1,'Z000000033','M000000933'),('T000000934','Nombre 934',1,'Z000000034','M000000934'),('T000000935','Nombre 935',1,'Z000000035','M000000935'),('T000000936','Nombre 936',1,'Z000000036','M000000936'),('T000000937','Nombre 937',1,'Z000000037','M000000937'),('T000000938','Nombre 938',1,'Z000000038','M000000938'),('T000000939','Nombre 939',1,'Z000000039','M000000939'),('T000000940','Nombre 940',1,'Z000000040','M000000940'),('T000000941','Nombre 941',1,'Z000000041','M000000941'),('T000000942','Nombre 942',1,'Z000000042','M000000942'),('T000000943','Nombre 943',1,'Z000000043','M000000943'),('T000000944','Nombre 944',1,'Z000000044','M000000944'),('T000000945','Nombre 945',1,'Z000000045','M000000945'),('T000000946','Nombre 946',1,'Z000000046','M000000946'),('T000000947','Nombre 947',1,'Z000000047','M000000947'),('T000000948','Nombre 948',1,'Z000000048','M000000948'),('T000000949','Nombre 949',1,'Z000000049','M000000949'),('T000000950','Nombre 950',1,'Z000000050','M000000950'),('T000000951','Nombre 951',1,'Z00000001','M000000951'),('T000000952','Nombre 952',1,'Z00000002','M000000952'),('T000000953','Nombre 953',1,'Z00000003','M000000953'),('T000000954','Nombre 954',1,'Z00000004','M000000954'),('T000000955','Nombre 955',1,'Z00000005','M000000955'),('T000000956','Nombre 956',1,'Z00000006','M000000956'),('T000000957','Nombre 957',1,'Z00000007','M000000957'),('T000000958','Nombre 958',1,'Z00000008','M000000958'),('T000000959','Nombre 959',1,'Z00000009','M000000959'),('T000000960','Nombre 960',1,'Z000000010','M000000960'),('T000000961','Nombre 961',1,'Z000000011','M000000961'),('T000000962','Nombre 962',1,'Z000000012','M000000962'),('T000000963','Nombre 963',1,'Z000000013','M000000963'),('T000000964','Nombre 964',1,'Z000000014','M000000964'),('T000000965','Nombre 965',1,'Z000000015','M000000965'),('T000000966','Nombre 966',1,'Z000000016','M000000966'),('T000000967','Nombre 967',1,'Z000000017','M000000967'),('T000000968','Nombre 968',1,'Z000000018','M000000968'),('T000000969','Nombre 969',1,'Z000000019','M000000969'),('T000000970','Nombre 970',1,'Z000000020','M000000970'),('T000000971','Nombre 971',1,'Z000000021','M000000971'),('T000000972','Nombre 972',1,'Z000000022','M000000972'),('T000000973','Nombre 973',1,'Z000000023','M000000973'),('T000000974','Nombre 974',1,'Z000000024','M000000974'),('T000000975','Nombre 975',1,'Z000000025','M000000975'),('T000000976','Nombre 976',1,'Z000000026','M000000976'),('T000000977','Nombre 977',1,'Z000000027','M000000977'),('T000000978','Nombre 978',1,'Z000000028','M000000978'),('T000000979','Nombre 979',1,'Z000000029','M000000979'),('T000000980','Nombre 980',1,'Z000000030','M000000980'),('T000000981','Nombre 981',1,'Z000000031','M000000981'),('T000000982','Nombre 982',1,'Z000000032','M000000982'),('T000000983','Nombre 983',1,'Z000000033','M000000983'),('T000000984','Nombre 984',1,'Z000000034','M000000984'),('T000000985','Nombre 985',1,'Z000000035','M000000985'),('T000000986','Nombre 986',1,'Z000000036','M000000986'),('T000000987','Nombre 987',1,'Z000000037','M000000987'),('T000000988','Nombre 988',1,'Z000000038','M000000988'),('T000000989','Nombre 989',1,'Z000000039','M000000989'),('T000000990','Nombre 990',1,'Z000000040','M000000990'),('T000000991','Nombre 991',1,'Z000000041','M000000991'),('T000000992','Nombre 992',1,'Z000000042','M000000992'),('T000000993','Nombre 993',1,'Z000000043','M000000993'),('T000000994','Nombre 994',1,'Z000000044','M000000994'),('T000000995','Nombre 995',1,'Z000000045','M000000995'),('T000000996','Nombre 996',1,'Z000000046','M000000996'),('T000000997','Nombre 997',1,'Z000000047','M000000997'),('T000000998','Nombre 998',1,'Z000000048','M000000998'),('T000000999','Nombre 999',1,'Z000000049','M000000999'),('T000001000','Nombre 1000',1,'Z000000050','M000001000'),('T000001001','Nombre 1001',1,'Z00000001','M000001001'),('T000001002','Nombre 1002',1,'Z00000002','M000001002'),('T000001003','Nombre 1003',1,'Z00000003','M000001003'),('T000001004','Nombre 1004',1,'Z00000004','M000001004'),('T000001005','Nombre 1005',1,'Z00000005','M000001005'),('T000001006','Nombre 1006',1,'Z00000006','M000001006'),('T000001007','Nombre 1007',1,'Z00000007','M000001007'),('T000001008','Nombre 1008',1,'Z00000008','M000001008'),('T000001009','Nombre 1009',1,'Z00000009','M000001009'),('T000001010','Nombre 1010',1,'Z000000010','M000001010'),('T000001011','Nombre 1011',1,'Z000000011','M000001011'),('T000001012','Nombre 1012',1,'Z000000012','M000001012'),('T000001013','Nombre 1013',1,'Z000000013','M000001013'),('T000001014','Nombre 1014',1,'Z000000014','M000001014'),('T000001015','Nombre 1015',1,'Z000000015','M000001015'),('T000001016','Nombre 1016',1,'Z000000016','M000001016'),('T000001017','Nombre 1017',1,'Z000000017','M000001017'),('T000001018','Nombre 1018',1,'Z000000018','M000001018'),('T000001019','Nombre 1019',1,'Z000000019','M000001019'),('T000001020','Nombre 1020',1,'Z000000020','M000001020'),('T000001021','Nombre 1021',1,'Z000000021','M000001021'),('T000001022','Nombre 1022',1,'Z000000022','M000001022'),('T000001023','Nombre 1023',1,'Z000000023','M000001023'),('T000001024','Nombre 1024',1,'Z000000024','M000001024'),('T000001025','Nombre 1025',1,'Z000000025','M000001025'),('T000001026','Nombre 1026',1,'Z000000026','M000001026'),('T000001027','Nombre 1027',1,'Z000000027','M000001027'),('T000001028','Nombre 1028',1,'Z000000028','M000001028'),('T000001029','Nombre 1029',1,'Z000000029','M000001029'),('T000001030','Nombre 1030',1,'Z000000030','M000001030'),('T000001031','Nombre 1031',1,'Z000000031','M000001031'),('T000001032','Nombre 1032',1,'Z000000032','M000001032'),('T000001033','Nombre 1033',1,'Z000000033','M000001033'),('T000001034','Nombre 1034',1,'Z000000034','M000001034'),('T000001035','Nombre 1035',1,'Z000000035','M000001035'),('T000001036','Nombre 1036',1,'Z000000036','M000001036'),('T000001037','Nombre 1037',1,'Z000000037','M000001037'),('T000001038','Nombre 1038',1,'Z000000038','M000001038'),('T000001039','Nombre 1039',1,'Z000000039','M000001039'),('T000001040','Nombre 1040',1,'Z000000040','M000001040'),('T000001041','Nombre 1041',1,'Z000000041','M000001041'),('T000001042','Nombre 1042',1,'Z000000042','M000001042'),('T000001043','Nombre 1043',1,'Z000000043','M000001043'),('T000001044','Nombre 1044',1,'Z000000044','M000001044'),('T000001045','Nombre 1045',1,'Z000000045','M000001045'),('T000001046','Nombre 1046',1,'Z000000046','M000001046'),('T000001047','Nombre 1047',1,'Z000000047','M000001047'),('T000001048','Nombre 1048',1,'Z000000048','M000001048'),('T000001049','Nombre 1049',1,'Z000000049','M000001049'),('T000001050','Nombre 1050',1,'Z000000050','M000001050'),('T000001051','Nombre 1051',1,'Z00000001','M000001051'),('T000001052','Nombre 1052',1,'Z00000002','M000001052'),('T000001053','Nombre 1053',1,'Z00000003','M000001053'),('T000001054','Nombre 1054',1,'Z00000004','M000001054'),('T000001055','Nombre 1055',1,'Z00000005','M000001055'),('T000001056','Nombre 1056',1,'Z00000006','M000001056'),('T000001057','Nombre 1057',1,'Z00000007','M000001057'),('T000001058','Nombre 1058',1,'Z00000008','M000001058'),('T000001059','Nombre 1059',1,'Z00000009','M000001059'),('T000001060','Nombre 1060',1,'Z000000010','M000001060'),('T000001061','Nombre 1061',1,'Z000000011','M000001061'),('T000001062','Nombre 1062',1,'Z000000012','M000001062'),('T000001063','Nombre 1063',1,'Z000000013','M000001063'),('T000001064','Nombre 1064',1,'Z000000014','M000001064'),('T000001065','Nombre 1065',1,'Z000000015','M000001065'),('T000001066','Nombre 1066',1,'Z000000016','M000001066'),('T000001067','Nombre 1067',1,'Z000000017','M000001067'),('T000001068','Nombre 1068',1,'Z000000018','M000001068'),('T000001069','Nombre 1069',1,'Z000000019','M000001069'),('T000001070','Nombre 1070',1,'Z000000020','M000001070'),('T000001071','Nombre 1071',1,'Z000000021','M000001071'),('T000001072','Nombre 1072',1,'Z000000022','M000001072'),('T000001073','Nombre 1073',1,'Z000000023','M000001073'),('T000001074','Nombre 1074',1,'Z000000024','M000001074'),('T000001075','Nombre 1075',1,'Z000000025','M000001075'),('T000001076','Nombre 1076',1,'Z000000026','M000001076'),('T000001077','Nombre 1077',1,'Z000000027','M000001077'),('T000001078','Nombre 1078',1,'Z000000028','M000001078'),('T000001079','Nombre 1079',1,'Z000000029','M000001079'),('T000001080','Nombre 1080',1,'Z000000030','M000001080'),('T000001081','Nombre 1081',1,'Z000000031','M000001081'),('T000001082','Nombre 1082',1,'Z000000032','M000001082'),('T000001083','Nombre 1083',1,'Z000000033','M000001083'),('T000001084','Nombre 1084',1,'Z000000034','M000001084'),('T000001085','Nombre 1085',1,'Z000000035','M000001085'),('T000001086','Nombre 1086',1,'Z000000036','M000001086'),('T000001087','Nombre 1087',1,'Z000000037','M000001087'),('T000001088','Nombre 1088',1,'Z000000038','M000001088'),('T000001089','Nombre 1089',1,'Z000000039','M000001089'),('T000001090','Nombre 1090',1,'Z000000040','M000001090'),('T000001091','Nombre 1091',1,'Z000000041','M000001091'),('T000001092','Nombre 1092',1,'Z000000042','M000001092'),('T000001093','Nombre 1093',1,'Z000000043','M000001093'),('T000001094','Nombre 1094',1,'Z000000044','M000001094'),('T000001095','Nombre 1095',1,'Z000000045','M000001095'),('T000001096','Nombre 1096',1,'Z000000046','M000001096'),('T000001097','Nombre 1097',1,'Z000000047','M000001097'),('T000001098','Nombre 1098',1,'Z000000048','M000001098'),('T000001099','Nombre 1099',1,'Z000000049','M000001099'),('T000001100','Nombre 1100',1,'Z000000050','M000001100'),('T000001101','Nombre 1101',1,'Z00000001','M000001101'),('T000001102','Nombre 1102',1,'Z00000002','M000001102'),('T000001103','Nombre 1103',1,'Z00000003','M000001103'),('T000001104','Nombre 1104',1,'Z00000004','M000001104'),('T000001105','Nombre 1105',1,'Z00000005','M000001105'),('T000001106','Nombre 1106',1,'Z00000006','M000001106'),('T000001107','Nombre 1107',1,'Z00000007','M000001107'),('T000001108','Nombre 1108',1,'Z00000008','M000001108'),('T000001109','Nombre 1109',1,'Z00000009','M000001109'),('T000001110','Nombre 1110',1,'Z000000010','M000001110'),('T000001111','Nombre 1111',1,'Z000000011','M000001111'),('T000001112','Nombre 1112',1,'Z000000012','M000001112'),('T000001113','Nombre 1113',1,'Z000000013','M000001113'),('T000001114','Nombre 1114',1,'Z000000014','M000001114'),('T000001115','Nombre 1115',1,'Z000000015','M000001115'),('T000001116','Nombre 1116',1,'Z000000016','M000001116'),('T000001117','Nombre 1117',1,'Z000000017','M000001117'),('T000001118','Nombre 1118',1,'Z000000018','M000001118'),('T000001119','Nombre 1119',1,'Z000000019','M000001119'),('T000001120','Nombre 1120',1,'Z000000020','M000001120'),('T000001121','Nombre 1121',1,'Z000000021','M000001121'),('T000001122','Nombre 1122',1,'Z000000022','M000001122'),('T000001123','Nombre 1123',1,'Z000000023','M000001123'),('T000001124','Nombre 1124',1,'Z000000024','M000001124'),('T000001125','Nombre 1125',1,'Z000000025','M000001125'),('T000001126','Nombre 1126',1,'Z000000026','M000001126'),('T000001127','Nombre 1127',1,'Z000000027','M000001127'),('T000001128','Nombre 1128',1,'Z000000028','M000001128'),('T000001129','Nombre 1129',1,'Z000000029','M000001129'),('T000001130','Nombre 1130',1,'Z000000030','M000001130'),('T000001131','Nombre 1131',1,'Z000000031','M000001131'),('T000001132','Nombre 1132',1,'Z000000032','M000001132'),('T000001133','Nombre 1133',1,'Z000000033','M000001133'),('T000001134','Nombre 1134',1,'Z000000034','M000001134'),('T000001135','Nombre 1135',1,'Z000000035','M000001135'),('T000001136','Nombre 1136',1,'Z000000036','M000001136'),('T000001137','Nombre 1137',1,'Z000000037','M000001137'),('T000001138','Nombre 1138',1,'Z000000038','M000001138'),('T000001139','Nombre 1139',1,'Z000000039','M000001139'),('T000001140','Nombre 1140',1,'Z000000040','M000001140'),('T000001141','Nombre 1141',1,'Z000000041','M000001141'),('T000001142','Nombre 1142',1,'Z000000042','M000001142'),('T000001143','Nombre 1143',1,'Z000000043','M000001143'),('T000001144','Nombre 1144',1,'Z000000044','M000001144'),('T000001145','Nombre 1145',1,'Z000000045','M000001145'),('T000001146','Nombre 1146',1,'Z000000046','M000001146'),('T000001147','Nombre 1147',1,'Z000000047','M000001147'),('T000001148','Nombre 1148',1,'Z000000048','M000001148'),('T000001149','Nombre 1149',1,'Z000000049','M000001149'),('T000001150','Nombre 1150',1,'Z000000050','M000001150'),('T000001151','Nombre 1151',1,'Z00000001','M000001151'),('T000001152','Nombre 1152',1,'Z00000002','M000001152'),('T000001153','Nombre 1153',1,'Z00000003','M000001153'),('T000001154','Nombre 1154',1,'Z00000004','M000001154'),('T000001155','Nombre 1155',1,'Z00000005','M000001155'),('T000001156','Nombre 1156',1,'Z00000006','M000001156'),('T000001157','Nombre 1157',1,'Z00000007','M000001157'),('T000001158','Nombre 1158',1,'Z00000008','M000001158'),('T000001159','Nombre 1159',1,'Z00000009','M000001159'),('T000001160','Nombre 1160',1,'Z000000010','M000001160'),('T000001161','Nombre 1161',1,'Z000000011','M000001161'),('T000001162','Nombre 1162',1,'Z000000012','M000001162'),('T000001163','Nombre 1163',1,'Z000000013','M000001163'),('T000001164','Nombre 1164',1,'Z000000014','M000001164'),('T000001165','Nombre 1165',1,'Z000000015','M000001165'),('T000001166','Nombre 1166',1,'Z000000016','M000001166'),('T000001167','Nombre 1167',1,'Z000000017','M000001167'),('T000001168','Nombre 1168',1,'Z000000018','M000001168'),('T000001169','Nombre 1169',1,'Z000000019','M000001169'),('T000001170','Nombre 1170',1,'Z000000020','M000001170'),('T000001171','Nombre 1171',1,'Z000000021','M000001171'),('T000001172','Nombre 1172',1,'Z000000022','M000001172'),('T000001173','Nombre 1173',1,'Z000000023','M000001173'),('T000001174','Nombre 1174',1,'Z000000024','M000001174'),('T000001175','Nombre 1175',1,'Z000000025','M000001175'),('T000001176','Nombre 1176',1,'Z000000026','M000001176'),('T000001177','Nombre 1177',1,'Z000000027','M000001177'),('T000001178','Nombre 1178',1,'Z000000028','M000001178'),('T000001179','Nombre 1179',1,'Z000000029','M000001179'),('T000001180','Nombre 1180',1,'Z000000030','M000001180'),('T000001181','Nombre 1181',1,'Z000000031','M000001181'),('T000001182','Nombre 1182',1,'Z000000032','M000001182'),('T000001183','Nombre 1183',1,'Z000000033','M000001183'),('T000001184','Nombre 1184',1,'Z000000034','M000001184'),('T000001185','Nombre 1185',1,'Z000000035','M000001185'),('T000001186','Nombre 1186',1,'Z000000036','M000001186'),('T000001187','Nombre 1187',1,'Z000000037','M000001187'),('T000001188','Nombre 1188',1,'Z000000038','M000001188'),('T000001189','Nombre 1189',1,'Z000000039','M000001189'),('T000001190','Nombre 1190',1,'Z000000040','M000001190'),('T000001191','Nombre 1191',1,'Z000000041','M000001191'),('T000001192','Nombre 1192',1,'Z000000042','M000001192'),('T000001193','Nombre 1193',1,'Z000000043','M000001193'),('T000001194','Nombre 1194',1,'Z000000044','M000001194'),('T000001195','Nombre 1195',1,'Z000000045','M000001195'),('T000001196','Nombre 1196',1,'Z000000046','M000001196'),('T000001197','Nombre 1197',1,'Z000000047','M000001197'),('T000001198','Nombre 1198',1,'Z000000048','M000001198'),('T000001199','Nombre 1199',1,'Z000000049','M000001199'),('T000001200','Nombre 1200',1,'Z000000050','M000001200'),('T000001201','Nombre 1201',1,'Z00000001','M000001201'),('T000001202','Nombre 1202',1,'Z00000002','M000001202'),('T000001203','Nombre 1203',1,'Z00000003','M000001203'),('T000001204','Nombre 1204',1,'Z00000004','M000001204'),('T000001205','Nombre 1205',1,'Z00000005','M000001205'),('T000001206','Nombre 1206',1,'Z00000006','M000001206'),('T000001207','Nombre 1207',1,'Z00000007','M000001207'),('T000001208','Nombre 1208',1,'Z00000008','M000001208'),('T000001209','Nombre 1209',1,'Z00000009','M000001209'),('T000001210','Nombre 1210',1,'Z000000010','M000001210'),('T000001211','Nombre 1211',1,'Z000000011','M000001211'),('T000001212','Nombre 1212',1,'Z000000012','M000001212'),('T000001213','Nombre 1213',1,'Z000000013','M000001213'),('T000001214','Nombre 1214',1,'Z000000014','M000001214'),('T000001215','Nombre 1215',1,'Z000000015','M000001215'),('T000001216','Nombre 1216',1,'Z000000016','M000001216'),('T000001217','Nombre 1217',1,'Z000000017','M000001217'),('T000001218','Nombre 1218',1,'Z000000018','M000001218'),('T000001219','Nombre 1219',1,'Z000000019','M000001219'),('T000001220','Nombre 1220',1,'Z000000020','M000001220'),('T000001221','Nombre 1221',1,'Z000000021','M000001221'),('T000001222','Nombre 1222',1,'Z000000022','M000001222'),('T000001223','Nombre 1223',1,'Z000000023','M000001223'),('T000001224','Nombre 1224',1,'Z000000024','M000001224'),('T000001225','Nombre 1225',1,'Z000000025','M000001225'),('T000001226','Nombre 1226',1,'Z000000026','M000001226'),('T000001227','Nombre 1227',1,'Z000000027','M000001227'),('T000001228','Nombre 1228',1,'Z000000028','M000001228'),('T000001229','Nombre 1229',1,'Z000000029','M000001229'),('T000001230','Nombre 1230',1,'Z000000030','M000001230'),('T000001231','Nombre 1231',1,'Z000000031','M000001231'),('T000001232','Nombre 1232',1,'Z000000032','M000001232'),('T000001233','Nombre 1233',1,'Z000000033','M000001233'),('T000001234','Nombre 1234',1,'Z000000034','M000001234'),('T000001235','Nombre 1235',1,'Z000000035','M000001235'),('T000001236','Nombre 1236',1,'Z000000036','M000001236'),('T000001237','Nombre 1237',1,'Z000000037','M000001237'),('T000001238','Nombre 1238',1,'Z000000038','M000001238'),('T000001239','Nombre 1239',1,'Z000000039','M000001239'),('T000001240','Nombre 1240',1,'Z000000040','M000001240'),('T000001241','Nombre 1241',1,'Z000000041','M000001241'),('T000001242','Nombre 1242',1,'Z000000042','M000001242'),('T000001243','Nombre 1243',1,'Z000000043','M000001243'),('T000001244','Nombre 1244',1,'Z000000044','M000001244'),('T000001245','Nombre 1245',1,'Z000000045','M000001245'),('T000001246','Nombre 1246',1,'Z000000046','M000001246'),('T000001247','Nombre 1247',1,'Z000000047','M000001247'),('T000001248','Nombre 1248',1,'Z000000048','M000001248'),('T000001249','Nombre 1249',1,'Z000000049','M000001249'),('T000001250','Nombre 1250',1,'Z000000050','M000001250'),('T000001251','Nombre 1251',1,'Z00000001','M000001251'),('T000001252','Nombre 1252',1,'Z00000002','M000001252'),('T000001253','Nombre 1253',1,'Z00000003','M000001253'),('T000001254','Nombre 1254',1,'Z00000004','M000001254'),('T000001255','Nombre 1255',1,'Z00000005','M000001255'),('T000001256','Nombre 1256',1,'Z00000006','M000001256'),('T000001257','Nombre 1257',1,'Z00000007','M000001257'),('T000001258','Nombre 1258',1,'Z00000008','M000001258'),('T000001259','Nombre 1259',1,'Z00000009','M000001259'),('T000001260','Nombre 1260',1,'Z000000010','M000001260'),('T000001261','Nombre 1261',1,'Z000000011','M000001261'),('T000001262','Nombre 1262',1,'Z000000012','M000001262'),('T000001263','Nombre 1263',1,'Z000000013','M000001263'),('T000001264','Nombre 1264',1,'Z000000014','M000001264'),('T000001265','Nombre 1265',1,'Z000000015','M000001265'),('T000001266','Nombre 1266',1,'Z000000016','M000001266'),('T000001267','Nombre 1267',1,'Z000000017','M000001267'),('T000001268','Nombre 1268',1,'Z000000018','M000001268'),('T000001269','Nombre 1269',1,'Z000000019','M000001269'),('T000001270','Nombre 1270',1,'Z000000020','M000001270'),('T000001271','Nombre 1271',1,'Z000000021','M000001271'),('T000001272','Nombre 1272',1,'Z000000022','M000001272'),('T000001273','Nombre 1273',1,'Z000000023','M000001273'),('T000001274','Nombre 1274',1,'Z000000024','M000001274'),('T000001275','Nombre 1275',1,'Z000000025','M000001275'),('T000001276','Nombre 1276',1,'Z000000026','M000001276'),('T000001277','Nombre 1277',1,'Z000000027','M000001277'),('T000001278','Nombre 1278',1,'Z000000028','M000001278'),('T000001279','Nombre 1279',1,'Z000000029','M000001279'),('T000001280','Nombre 1280',1,'Z000000030','M000001280'),('T000001281','Nombre 1281',1,'Z000000031','M000001281'),('T000001282','Nombre 1282',1,'Z000000032','M000001282'),('T000001283','Nombre 1283',1,'Z000000033','M000001283'),('T000001284','Nombre 1284',1,'Z000000034','M000001284'),('T000001285','Nombre 1285',1,'Z000000035','M000001285'),('T000001286','Nombre 1286',1,'Z000000036','M000001286'),('T000001287','Nombre 1287',1,'Z000000037','M000001287'),('T000001288','Nombre 1288',1,'Z000000038','M000001288'),('T000001289','Nombre 1289',1,'Z000000039','M000001289'),('T000001290','Nombre 1290',1,'Z000000040','M000001290'),('T000001291','Nombre 1291',1,'Z000000041','M000001291'),('T000001292','Nombre 1292',1,'Z000000042','M000001292'),('T000001293','Nombre 1293',1,'Z000000043','M000001293'),('T000001294','Nombre 1294',1,'Z000000044','M000001294'),('T000001295','Nombre 1295',1,'Z000000045','M000001295'),('T000001296','Nombre 1296',1,'Z000000046','M000001296'),('T000001297','Nombre 1297',1,'Z000000047','M000001297'),('T000001298','Nombre 1298',1,'Z000000048','M000001298'),('T000001299','Nombre 1299',1,'Z000000049','M000001299'),('T000001300','Nombre 1300',1,'Z000000050','M000001300'),('T000001301','Nombre 1301',1,'Z00000001','M000001301'),('T000001302','Nombre 1302',1,'Z00000002','M000001302'),('T000001303','Nombre 1303',1,'Z00000003','M000001303'),('T000001304','Nombre 1304',1,'Z00000004','M000001304'),('T000001305','Nombre 1305',1,'Z00000005','M000001305'),('T000001306','Nombre 1306',1,'Z00000006','M000001306'),('T000001307','Nombre 1307',1,'Z00000007','M000001307'),('T000001308','Nombre 1308',1,'Z00000008','M000001308'),('T000001309','Nombre 1309',1,'Z00000009','M000001309'),('T000001310','Nombre 1310',1,'Z000000010','M000001310'),('T000001311','Nombre 1311',1,'Z000000011','M000001311'),('T000001312','Nombre 1312',1,'Z000000012','M000001312'),('T000001313','Nombre 1313',1,'Z000000013','M000001313'),('T000001314','Nombre 1314',1,'Z000000014','M000001314'),('T000001315','Nombre 1315',1,'Z000000015','M000001315'),('T000001316','Nombre 1316',1,'Z000000016','M000001316'),('T000001317','Nombre 1317',1,'Z000000017','M000001317'),('T000001318','Nombre 1318',1,'Z000000018','M000001318'),('T000001319','Nombre 1319',1,'Z000000019','M000001319'),('T000001320','Nombre 1320',1,'Z000000020','M000001320'),('T000001321','Nombre 1321',1,'Z000000021','M000001321'),('T000001322','Nombre 1322',1,'Z000000022','M000001322'),('T000001323','Nombre 1323',1,'Z000000023','M000001323'),('T000001324','Nombre 1324',1,'Z000000024','M000001324'),('T000001325','Nombre 1325',1,'Z000000025','M000001325'),('T000001326','Nombre 1326',1,'Z000000026','M000001326'),('T000001327','Nombre 1327',1,'Z000000027','M000001327'),('T000001328','Nombre 1328',1,'Z000000028','M000001328'),('T000001329','Nombre 1329',1,'Z000000029','M000001329'),('T000001330','Nombre 1330',1,'Z000000030','M000001330'),('T000001331','Nombre 1331',1,'Z000000031','M000001331'),('T000001332','Nombre 1332',1,'Z000000032','M000001332'),('T000001333','Nombre 1333',1,'Z000000033','M000001333'),('T000001334','Nombre 1334',1,'Z000000034','M000001334'),('T000001335','Nombre 1335',1,'Z000000035','M000001335'),('T000001336','Nombre 1336',1,'Z000000036','M000001336'),('T000001337','Nombre 1337',1,'Z000000037','M000001337'),('T000001338','Nombre 1338',1,'Z000000038','M000001338'),('T000001339','Nombre 1339',1,'Z000000039','M000001339'),('T000001340','Nombre 1340',1,'Z000000040','M000001340'),('T000001341','Nombre 1341',1,'Z000000041','M000001341'),('T000001342','Nombre 1342',1,'Z000000042','M000001342'),('T000001343','Nombre 1343',1,'Z000000043','M000001343'),('T000001344','Nombre 1344',1,'Z000000044','M000001344'),('T000001345','Nombre 1345',1,'Z000000045','M000001345'),('T000001346','Nombre 1346',1,'Z000000046','M000001346'),('T000001347','Nombre 1347',1,'Z000000047','M000001347'),('T000001348','Nombre 1348',1,'Z000000048','M000001348'),('T000001349','Nombre 1349',1,'Z000000049','M000001349'),('T000001350','Nombre 1350',1,'Z000000050','M000001350'),('T000001351','Nombre 1351',1,'Z00000001','M000001351'),('T000001352','Nombre 1352',1,'Z00000002','M000001352'),('T000001353','Nombre 1353',1,'Z00000003','M000001353'),('T000001354','Nombre 1354',1,'Z00000004','M000001354'),('T000001355','Nombre 1355',1,'Z00000005','M000001355'),('T000001356','Nombre 1356',1,'Z00000006','M000001356'),('T000001357','Nombre 1357',1,'Z00000007','M000001357'),('T000001358','Nombre 1358',1,'Z00000008','M000001358'),('T000001359','Nombre 1359',1,'Z00000009','M000001359'),('T000001360','Nombre 1360',1,'Z000000010','M000001360'),('T000001361','Nombre 1361',1,'Z000000011','M000001361'),('T000001362','Nombre 1362',1,'Z000000012','M000001362'),('T000001363','Nombre 1363',1,'Z000000013','M000001363'),('T000001364','Nombre 1364',1,'Z000000014','M000001364'),('T000001365','Nombre 1365',1,'Z000000015','M000001365'),('T000001366','Nombre 1366',1,'Z000000016','M000001366'),('T000001367','Nombre 1367',1,'Z000000017','M000001367'),('T000001368','Nombre 1368',1,'Z000000018','M000001368'),('T000001369','Nombre 1369',1,'Z000000019','M000001369'),('T000001370','Nombre 1370',1,'Z000000020','M000001370'),('T000001371','Nombre 1371',1,'Z000000021','M000001371'),('T000001372','Nombre 1372',1,'Z000000022','M000001372'),('T000001373','Nombre 1373',1,'Z000000023','M000001373'),('T000001374','Nombre 1374',1,'Z000000024','M000001374'),('T000001375','Nombre 1375',1,'Z000000025','M000001375'),('T000001376','Nombre 1376',1,'Z000000026','M000001376'),('T000001377','Nombre 1377',1,'Z000000027','M000001377'),('T000001378','Nombre 1378',1,'Z000000028','M000001378'),('T000001379','Nombre 1379',1,'Z000000029','M000001379'),('T000001380','Nombre 1380',1,'Z000000030','M000001380'),('T000001381','Nombre 1381',1,'Z000000031','M000001381'),('T000001382','Nombre 1382',1,'Z000000032','M000001382'),('T000001383','Nombre 1383',1,'Z000000033','M000001383'),('T000001384','Nombre 1384',1,'Z000000034','M000001384'),('T000001385','Nombre 1385',1,'Z000000035','M000001385'),('T000001386','Nombre 1386',1,'Z000000036','M000001386'),('T000001387','Nombre 1387',1,'Z000000037','M000001387'),('T000001388','Nombre 1388',1,'Z000000038','M000001388'),('T000001389','Nombre 1389',1,'Z000000039','M000001389'),('T000001390','Nombre 1390',1,'Z000000040','M000001390'),('T000001391','Nombre 1391',1,'Z000000041','M000001391'),('T000001392','Nombre 1392',1,'Z000000042','M000001392'),('T000001393','Nombre 1393',1,'Z000000043','M000001393'),('T000001394','Nombre 1394',1,'Z000000044','M000001394'),('T000001395','Nombre 1395',1,'Z000000045','M000001395'),('T000001396','Nombre 1396',1,'Z000000046','M000001396'),('T000001397','Nombre 1397',1,'Z000000047','M000001397'),('T000001398','Nombre 1398',1,'Z000000048','M000001398'),('T000001399','Nombre 1399',1,'Z000000049','M000001399'),('T000001400','Nombre 1400',1,'Z000000050','M000001400'),('T000001401','Nombre 1401',1,'Z00000001','M000001401'),('T000001402','Nombre 1402',1,'Z00000002','M000001402'),('T000001403','Nombre 1403',1,'Z00000003','M000001403'),('T000001404','Nombre 1404',1,'Z00000004','M000001404'),('T000001405','Nombre 1405',1,'Z00000005','M000001405'),('T000001406','Nombre 1406',1,'Z00000006','M000001406'),('T000001407','Nombre 1407',1,'Z00000007','M000001407'),('T000001408','Nombre 1408',1,'Z00000008','M000001408'),('T000001409','Nombre 1409',1,'Z00000009','M000001409'),('T000001410','Nombre 1410',1,'Z000000010','M000001410'),('T000001411','Nombre 1411',1,'Z000000011','M000001411'),('T000001412','Nombre 1412',1,'Z000000012','M000001412'),('T000001413','Nombre 1413',1,'Z000000013','M000001413'),('T000001414','Nombre 1414',1,'Z000000014','M000001414'),('T000001415','Nombre 1415',1,'Z000000015','M000001415'),('T000001416','Nombre 1416',1,'Z000000016','M000001416'),('T000001417','Nombre 1417',1,'Z000000017','M000001417'),('T000001418','Nombre 1418',1,'Z000000018','M000001418'),('T000001419','Nombre 1419',1,'Z000000019','M000001419'),('T000001420','Nombre 1420',1,'Z000000020','M000001420'),('T000001421','Nombre 1421',1,'Z000000021','M000001421'),('T000001422','Nombre 1422',1,'Z000000022','M000001422'),('T000001423','Nombre 1423',1,'Z000000023','M000001423'),('T000001424','Nombre 1424',1,'Z000000024','M000001424'),('T000001425','Nombre 1425',1,'Z000000025','M000001425'),('T000001426','Nombre 1426',1,'Z000000026','M000001426'),('T000001427','Nombre 1427',1,'Z000000027','M000001427'),('T000001428','Nombre 1428',1,'Z000000028','M000001428'),('T000001429','Nombre 1429',1,'Z000000029','M000001429'),('T000001430','Nombre 1430',1,'Z000000030','M000001430'),('T000001431','Nombre 1431',1,'Z000000031','M000001431'),('T000001432','Nombre 1432',1,'Z000000032','M000001432'),('T000001433','Nombre 1433',1,'Z000000033','M000001433'),('T000001434','Nombre 1434',1,'Z000000034','M000001434'),('T000001435','Nombre 1435',1,'Z000000035','M000001435'),('T000001436','Nombre 1436',1,'Z000000036','M000001436'),('T000001437','Nombre 1437',1,'Z000000037','M000001437'),('T000001438','Nombre 1438',1,'Z000000038','M000001438'),('T000001439','Nombre 1439',1,'Z000000039','M000001439'),('T000001440','Nombre 1440',1,'Z000000040','M000001440'),('T000001441','Nombre 1441',1,'Z000000041','M000001441'),('T000001442','Nombre 1442',1,'Z000000042','M000001442'),('T000001443','Nombre 1443',1,'Z000000043','M000001443'),('T000001444','Nombre 1444',1,'Z000000044','M000001444'),('T000001445','Nombre 1445',1,'Z000000045','M000001445'),('T000001446','Nombre 1446',1,'Z000000046','M000001446'),('T000001447','Nombre 1447',1,'Z000000047','M000001447'),('T000001448','Nombre 1448',1,'Z000000048','M000001448'),('T000001449','Nombre 1449',1,'Z000000049','M000001449'),('T000001450','Nombre 1450',1,'Z000000050','M000001450'),('T000001451','Nombre 1451',1,'Z00000001','M000001451'),('T000001452','Nombre 1452',1,'Z00000002','M000001452'),('T000001453','Nombre 1453',1,'Z00000003','M000001453'),('T000001454','Nombre 1454',1,'Z00000004','M000001454'),('T000001455','Nombre 1455',1,'Z00000005','M000001455'),('T000001456','Nombre 1456',1,'Z00000006','M000001456'),('T000001457','Nombre 1457',1,'Z00000007','M000001457'),('T000001458','Nombre 1458',1,'Z00000008','M000001458'),('T000001459','Nombre 1459',1,'Z00000009','M000001459'),('T000001460','Nombre 1460',1,'Z000000010','M000001460'),('T000001461','Nombre 1461',1,'Z000000011','M000001461'),('T000001462','Nombre 1462',1,'Z000000012','M000001462'),('T000001463','Nombre 1463',1,'Z000000013','M000001463'),('T000001464','Nombre 1464',1,'Z000000014','M000001464'),('T000001465','Nombre 1465',1,'Z000000015','M000001465'),('T000001466','Nombre 1466',1,'Z000000016','M000001466'),('T000001467','Nombre 1467',1,'Z000000017','M000001467'),('T000001468','Nombre 1468',1,'Z000000018','M000001468'),('T000001469','Nombre 1469',1,'Z000000019','M000001469'),('T000001470','Nombre 1470',1,'Z000000020','M000001470'),('T000001471','Nombre 1471',1,'Z000000021','M000001471'),('T000001472','Nombre 1472',1,'Z000000022','M000001472'),('T000001473','Nombre 1473',1,'Z000000023','M000001473'),('T000001474','Nombre 1474',1,'Z000000024','M000001474'),('T000001475','Nombre 1475',1,'Z000000025','M000001475'),('T000001476','Nombre 1476',1,'Z000000026','M000001476'),('T000001477','Nombre 1477',1,'Z000000027','M000001477'),('T000001478','Nombre 1478',1,'Z000000028','M000001478'),('T000001479','Nombre 1479',1,'Z000000029','M000001479'),('T000001480','Nombre 1480',1,'Z000000030','M000001480'),('T000001481','Nombre 1481',1,'Z000000031','M000001481'),('T000001482','Nombre 1482',1,'Z000000032','M000001482'),('T000001483','Nombre 1483',1,'Z000000033','M000001483'),('T000001484','Nombre 1484',1,'Z000000034','M000001484'),('T000001485','Nombre 1485',1,'Z000000035','M000001485'),('T000001486','Nombre 1486',1,'Z000000036','M000001486'),('T000001487','Nombre 1487',1,'Z000000037','M000001487'),('T000001488','Nombre 1488',1,'Z000000038','M000001488'),('T000001489','Nombre 1489',1,'Z000000039','M000001489'),('T000001490','Nombre 1490',1,'Z000000040','M000001490'),('T000001491','Nombre 1491',1,'Z000000041','M000001491'),('T000001492','Nombre 1492',1,'Z000000042','M000001492'),('T000001493','Nombre 1493',1,'Z000000043','M000001493'),('T000001494','Nombre 1494',1,'Z000000044','M000001494'),('T000001495','Nombre 1495',1,'Z000000045','M000001495'),('T000001496','Nombre 1496',1,'Z000000046','M000001496'),('T000001497','Nombre 1497',1,'Z000000047','M000001497'),('T000001498','Nombre 1498',1,'Z000000048','M000001498'),('T000001499','Nombre 1499',1,'Z000000049','M000001499'),('T000001500','Nombre 1500',1,'Z000000050','M000001500'),('T000001501','Nombre 1501',1,'Z00000001','M000001501'),('T000001502','Nombre 1502',1,'Z00000002','M000001502'),('T000001503','Nombre 1503',1,'Z00000003','M000001503'),('T000001504','Nombre 1504',1,'Z00000004','M000001504'),('T000001505','Nombre 1505',1,'Z00000005','M000001505'),('T000001506','Nombre 1506',1,'Z00000006','M000001506'),('T000001507','Nombre 1507',1,'Z00000007','M000001507'),('T000001508','Nombre 1508',1,'Z00000008','M000001508'),('T000001509','Nombre 1509',1,'Z00000009','M000001509'),('T000001510','Nombre 1510',1,'Z000000010','M000001510'),('T000001511','Nombre 1511',1,'Z000000011','M000001511'),('T000001512','Nombre 1512',1,'Z000000012','M000001512'),('T000001513','Nombre 1513',1,'Z000000013','M000001513'),('T000001514','Nombre 1514',1,'Z000000014','M000001514'),('T000001515','Nombre 1515',1,'Z000000015','M000001515'),('T000001516','Nombre 1516',1,'Z000000016','M000001516'),('T000001517','Nombre 1517',1,'Z000000017','M000001517'),('T000001518','Nombre 1518',1,'Z000000018','M000001518'),('T000001519','Nombre 1519',1,'Z000000019','M000001519'),('T000001520','Nombre 1520',1,'Z000000020','M000001520'),('T000001521','Nombre 1521',1,'Z000000021','M000001521'),('T000001522','Nombre 1522',1,'Z000000022','M000001522'),('T000001523','Nombre 1523',1,'Z000000023','M000001523'),('T000001524','Nombre 1524',1,'Z000000024','M000001524'),('T000001525','Nombre 1525',1,'Z000000025','M000001525'),('T000001526','Nombre 1526',1,'Z000000026','M000001526'),('T000001527','Nombre 1527',1,'Z000000027','M000001527'),('T000001528','Nombre 1528',1,'Z000000028','M000001528'),('T000001529','Nombre 1529',1,'Z000000029','M000001529'),('T000001530','Nombre 1530',1,'Z000000030','M000001530'),('T000001531','Nombre 1531',1,'Z000000031','M000001531'),('T000001532','Nombre 1532',1,'Z000000032','M000001532'),('T000001533','Nombre 1533',1,'Z000000033','M000001533'),('T000001534','Nombre 1534',1,'Z000000034','M000001534'),('T000001535','Nombre 1535',1,'Z000000035','M000001535'),('T000001536','Nombre 1536',1,'Z000000036','M000001536'),('T000001537','Nombre 1537',1,'Z000000037','M000001537'),('T000001538','Nombre 1538',1,'Z000000038','M000001538'),('T000001539','Nombre 1539',1,'Z000000039','M000001539'),('T000001540','Nombre 1540',1,'Z000000040','M000001540'),('T000001541','Nombre 1541',1,'Z000000041','M000001541'),('T000001542','Nombre 1542',1,'Z000000042','M000001542'),('T000001543','Nombre 1543',1,'Z000000043','M000001543'),('T000001544','Nombre 1544',1,'Z000000044','M000001544'),('T000001545','Nombre 1545',1,'Z000000045','M000001545'),('T000001546','Nombre 1546',1,'Z000000046','M000001546'),('T000001547','Nombre 1547',1,'Z000000047','M000001547'),('T000001548','Nombre 1548',1,'Z000000048','M000001548'),('T000001549','Nombre 1549',1,'Z000000049','M000001549'),('T000001550','Nombre 1550',1,'Z000000050','M000001550'),('T000001551','Nombre 1551',1,'Z00000001','M000001551'),('T000001552','Nombre 1552',1,'Z00000002','M000001552'),('T000001553','Nombre 1553',1,'Z00000003','M000001553'),('T000001554','Nombre 1554',1,'Z00000004','M000001554'),('T000001555','Nombre 1555',1,'Z00000005','M000001555'),('T000001556','Nombre 1556',1,'Z00000006','M000001556'),('T000001557','Nombre 1557',1,'Z00000007','M000001557'),('T000001558','Nombre 1558',1,'Z00000008','M000001558'),('T000001559','Nombre 1559',1,'Z00000009','M000001559'),('T000001560','Nombre 1560',1,'Z000000010','M000001560'),('T000001561','Nombre 1561',1,'Z000000011','M000001561'),('T000001562','Nombre 1562',1,'Z000000012','M000001562'),('T000001563','Nombre 1563',1,'Z000000013','M000001563'),('T000001564','Nombre 1564',1,'Z000000014','M000001564'),('T000001565','Nombre 1565',1,'Z000000015','M000001565'),('T000001566','Nombre 1566',1,'Z000000016','M000001566'),('T000001567','Nombre 1567',1,'Z000000017','M000001567'),('T000001568','Nombre 1568',1,'Z000000018','M000001568'),('T000001569','Nombre 1569',1,'Z000000019','M000001569'),('T000001570','Nombre 1570',1,'Z000000020','M000001570'),('T000001571','Nombre 1571',1,'Z000000021','M000001571'),('T000001572','Nombre 1572',1,'Z000000022','M000001572'),('T000001573','Nombre 1573',1,'Z000000023','M000001573'),('T000001574','Nombre 1574',1,'Z000000024','M000001574'),('T000001575','Nombre 1575',1,'Z000000025','M000001575'),('T000001576','Nombre 1576',1,'Z000000026','M000001576'),('T000001577','Nombre 1577',1,'Z000000027','M000001577'),('T000001578','Nombre 1578',1,'Z000000028','M000001578'),('T000001579','Nombre 1579',1,'Z000000029','M000001579'),('T000001580','Nombre 1580',1,'Z000000030','M000001580'),('T000001581','Nombre 1581',1,'Z000000031','M000001581'),('T000001582','Nombre 1582',1,'Z000000032','M000001582'),('T000001583','Nombre 1583',1,'Z000000033','M000001583'),('T000001584','Nombre 1584',1,'Z000000034','M000001584'),('T000001585','Nombre 1585',1,'Z000000035','M000001585'),('T000001586','Nombre 1586',1,'Z000000036','M000001586'),('T000001587','Nombre 1587',1,'Z000000037','M000001587'),('T000001588','Nombre 1588',1,'Z000000038','M000001588'),('T000001589','Nombre 1589',1,'Z000000039','M000001589'),('T000001590','Nombre 1590',1,'Z000000040','M000001590'),('T000001591','Nombre 1591',1,'Z000000041','M000001591'),('T000001592','Nombre 1592',1,'Z000000042','M000001592'),('T000001593','Nombre 1593',1,'Z000000043','M000001593'),('T000001594','Nombre 1594',1,'Z000000044','M000001594'),('T000001595','Nombre 1595',1,'Z000000045','M000001595'),('T000001596','Nombre 1596',1,'Z000000046','M000001596'),('T000001597','Nombre 1597',1,'Z000000047','M000001597'),('T000001598','Nombre 1598',1,'Z000000048','M000001598'),('T000001599','Nombre 1599',1,'Z000000049','M000001599'),('T000001600','Nombre 1600',1,'Z000000050','M000001600'),('T000001601','Nombre 1601',1,'Z00000001','M000001601'),('T000001602','Nombre 1602',1,'Z00000002','M000001602'),('T000001603','Nombre 1603',1,'Z00000003','M000001603'),('T000001604','Nombre 1604',1,'Z00000004','M000001604'),('T000001605','Nombre 1605',1,'Z00000005','M000001605'),('T000001606','Nombre 1606',1,'Z00000006','M000001606'),('T000001607','Nombre 1607',1,'Z00000007','M000001607'),('T000001608','Nombre 1608',1,'Z00000008','M000001608'),('T000001609','Nombre 1609',1,'Z00000009','M000001609'),('T000001610','Nombre 1610',1,'Z000000010','M000001610'),('T000001611','Nombre 1611',1,'Z000000011','M000001611'),('T000001612','Nombre 1612',1,'Z000000012','M000001612'),('T000001613','Nombre 1613',1,'Z000000013','M000001613'),('T000001614','Nombre 1614',1,'Z000000014','M000001614'),('T000001615','Nombre 1615',1,'Z000000015','M000001615'),('T000001616','Nombre 1616',1,'Z000000016','M000001616'),('T000001617','Nombre 1617',1,'Z000000017','M000001617'),('T000001618','Nombre 1618',1,'Z000000018','M000001618'),('T000001619','Nombre 1619',1,'Z000000019','M000001619'),('T000001620','Nombre 1620',1,'Z000000020','M000001620'),('T000001621','Nombre 1621',1,'Z000000021','M000001621'),('T000001622','Nombre 1622',1,'Z000000022','M000001622'),('T000001623','Nombre 1623',1,'Z000000023','M000001623'),('T000001624','Nombre 1624',1,'Z000000024','M000001624'),('T000001625','Nombre 1625',1,'Z000000025','M000001625'),('T000001626','Nombre 1626',1,'Z000000026','M000001626'),('T000001627','Nombre 1627',1,'Z000000027','M000001627'),('T000001628','Nombre 1628',1,'Z000000028','M000001628'),('T000001629','Nombre 1629',1,'Z000000029','M000001629'),('T000001630','Nombre 1630',1,'Z000000030','M000001630'),('T000001631','Nombre 1631',1,'Z000000031','M000001631'),('T000001632','Nombre 1632',1,'Z000000032','M000001632'),('T000001633','Nombre 1633',1,'Z000000033','M000001633'),('T000001634','Nombre 1634',1,'Z000000034','M000001634'),('T000001635','Nombre 1635',1,'Z000000035','M000001635'),('T000001636','Nombre 1636',1,'Z000000036','M000001636'),('T000001637','Nombre 1637',1,'Z000000037','M000001637'),('T000001638','Nombre 1638',1,'Z000000038','M000001638'),('T000001639','Nombre 1639',1,'Z000000039','M000001639'),('T000001640','Nombre 1640',1,'Z000000040','M000001640'),('T000001641','Nombre 1641',1,'Z000000041','M000001641'),('T000001642','Nombre 1642',1,'Z000000042','M000001642'),('T000001643','Nombre 1643',1,'Z000000043','M000001643'),('T000001644','Nombre 1644',1,'Z000000044','M000001644'),('T000001645','Nombre 1645',1,'Z000000045','M000001645'),('T000001646','Nombre 1646',1,'Z000000046','M000001646'),('T000001647','Nombre 1647',1,'Z000000047','M000001647'),('T000001648','Nombre 1648',1,'Z000000048','M000001648'),('T000001649','Nombre 1649',1,'Z000000049','M000001649'),('T000001650','Nombre 1650',1,'Z000000050','M000001650'),('T000001651','Nombre 1651',1,'Z00000001','M000001651'),('T000001652','Nombre 1652',1,'Z00000002','M000001652'),('T000001653','Nombre 1653',1,'Z00000003','M000001653'),('T000001654','Nombre 1654',1,'Z00000004','M000001654'),('T000001655','Nombre 1655',1,'Z00000005','M000001655'),('T000001656','Nombre 1656',1,'Z00000006','M000001656'),('T000001657','Nombre 1657',1,'Z00000007','M000001657'),('T000001658','Nombre 1658',1,'Z00000008','M000001658'),('T000001659','Nombre 1659',1,'Z00000009','M000001659'),('T000001660','Nombre 1660',1,'Z000000010','M000001660'),('T000001661','Nombre 1661',1,'Z000000011','M000001661'),('T000001662','Nombre 1662',1,'Z000000012','M000001662'),('T000001663','Nombre 1663',1,'Z000000013','M000001663'),('T000001664','Nombre 1664',1,'Z000000014','M000001664'),('T000001665','Nombre 1665',1,'Z000000015','M000001665'),('T000001666','Nombre 1666',1,'Z000000016','M000001666'),('T000001667','Nombre 1667',1,'Z000000017','M000001667'),('T000001668','Nombre 1668',1,'Z000000018','M000001668'),('T000001669','Nombre 1669',1,'Z000000019','M000001669'),('T000001670','Nombre 1670',1,'Z000000020','M000001670'),('T000001671','Nombre 1671',1,'Z000000021','M000001671'),('T000001672','Nombre 1672',1,'Z000000022','M000001672'),('T000001673','Nombre 1673',1,'Z000000023','M000001673'),('T000001674','Nombre 1674',1,'Z000000024','M000001674'),('T000001675','Nombre 1675',1,'Z000000025','M000001675'),('T000001676','Nombre 1676',1,'Z000000026','M000001676'),('T000001677','Nombre 1677',1,'Z000000027','M000001677'),('T000001678','Nombre 1678',1,'Z000000028','M000001678'),('T000001679','Nombre 1679',1,'Z000000029','M000001679'),('T000001680','Nombre 1680',1,'Z000000030','M000001680'),('T000001681','Nombre 1681',1,'Z000000031','M000001681'),('T000001682','Nombre 1682',1,'Z000000032','M000001682'),('T000001683','Nombre 1683',1,'Z000000033','M000001683'),('T000001684','Nombre 1684',1,'Z000000034','M000001684'),('T000001685','Nombre 1685',1,'Z000000035','M000001685'),('T000001686','Nombre 1686',1,'Z000000036','M000001686'),('T000001687','Nombre 1687',1,'Z000000037','M000001687'),('T000001688','Nombre 1688',1,'Z000000038','M000001688'),('T000001689','Nombre 1689',1,'Z000000039','M000001689'),('T000001690','Nombre 1690',1,'Z000000040','M000001690'),('T000001691','Nombre 1691',1,'Z000000041','M000001691'),('T000001692','Nombre 1692',1,'Z000000042','M000001692'),('T000001693','Nombre 1693',1,'Z000000043','M000001693'),('T000001694','Nombre 1694',1,'Z000000044','M000001694'),('T000001695','Nombre 1695',1,'Z000000045','M000001695'),('T000001696','Nombre 1696',1,'Z000000046','M000001696'),('T000001697','Nombre 1697',1,'Z000000047','M000001697'),('T000001698','Nombre 1698',1,'Z000000048','M000001698'),('T000001699','Nombre 1699',1,'Z000000049','M000001699'),('T000001700','Nombre 1700',1,'Z000000050','M000001700'),('T000001701','Nombre 1701',1,'Z00000001','M000001701'),('T000001702','Nombre 1702',1,'Z00000002','M000001702'),('T000001703','Nombre 1703',1,'Z00000003','M000001703'),('T000001704','Nombre 1704',1,'Z00000004','M000001704'),('T000001705','Nombre 1705',1,'Z00000005','M000001705'),('T000001706','Nombre 1706',1,'Z00000006','M000001706'),('T000001707','Nombre 1707',1,'Z00000007','M000001707'),('T000001708','Nombre 1708',1,'Z00000008','M000001708'),('T000001709','Nombre 1709',1,'Z00000009','M000001709'),('T000001710','Nombre 1710',1,'Z000000010','M000001710'),('T000001711','Nombre 1711',1,'Z000000011','M000001711'),('T000001712','Nombre 1712',1,'Z000000012','M000001712'),('T000001713','Nombre 1713',1,'Z000000013','M000001713'),('T000001714','Nombre 1714',1,'Z000000014','M000001714'),('T000001715','Nombre 1715',1,'Z000000015','M000001715'),('T000001716','Nombre 1716',1,'Z000000016','M000001716'),('T000001717','Nombre 1717',1,'Z000000017','M000001717'),('T000001718','Nombre 1718',1,'Z000000018','M000001718'),('T000001719','Nombre 1719',1,'Z000000019','M000001719'),('T000001720','Nombre 1720',1,'Z000000020','M000001720'),('T000001721','Nombre 1721',1,'Z000000021','M000001721'),('T000001722','Nombre 1722',1,'Z000000022','M000001722'),('T000001723','Nombre 1723',1,'Z000000023','M000001723'),('T000001724','Nombre 1724',1,'Z000000024','M000001724'),('T000001725','Nombre 1725',1,'Z000000025','M000001725'),('T000001726','Nombre 1726',1,'Z000000026','M000001726'),('T000001727','Nombre 1727',1,'Z000000027','M000001727'),('T000001728','Nombre 1728',1,'Z000000028','M000001728'),('T000001729','Nombre 1729',1,'Z000000029','M000001729'),('T000001730','Nombre 1730',1,'Z000000030','M000001730'),('T000001731','Nombre 1731',1,'Z000000031','M000001731'),('T000001732','Nombre 1732',1,'Z000000032','M000001732'),('T000001733','Nombre 1733',1,'Z000000033','M000001733'),('T000001734','Nombre 1734',1,'Z000000034','M000001734'),('T000001735','Nombre 1735',1,'Z000000035','M000001735'),('T000001736','Nombre 1736',1,'Z000000036','M000001736'),('T000001737','Nombre 1737',1,'Z000000037','M000001737'),('T000001738','Nombre 1738',1,'Z000000038','M000001738'),('T000001739','Nombre 1739',1,'Z000000039','M000001739'),('T000001740','Nombre 1740',1,'Z000000040','M000001740'),('T000001741','Nombre 1741',1,'Z000000041','M000001741'),('T000001742','Nombre 1742',1,'Z000000042','M000001742'),('T000001743','Nombre 1743',1,'Z000000043','M000001743'),('T000001744','Nombre 1744',1,'Z000000044','M000001744'),('T000001745','Nombre 1745',1,'Z000000045','M000001745'),('T000001746','Nombre 1746',1,'Z000000046','M000001746'),('T000001747','Nombre 1747',1,'Z000000047','M000001747'),('T000001748','Nombre 1748',1,'Z000000048','M000001748'),('T000001749','Nombre 1749',1,'Z000000049','M000001749'),('T000001750','Nombre 1750',1,'Z000000050','M000001750'),('T000001751','Nombre 1751',1,'Z00000001','M000001751'),('T000001752','Nombre 1752',1,'Z00000002','M000001752'),('T000001753','Nombre 1753',1,'Z00000003','M000001753'),('T000001754','Nombre 1754',1,'Z00000004','M000001754'),('T000001755','Nombre 1755',1,'Z00000005','M000001755'),('T000001756','Nombre 1756',1,'Z00000006','M000001756'),('T000001757','Nombre 1757',1,'Z00000007','M000001757'),('T000001758','Nombre 1758',1,'Z00000008','M000001758'),('T000001759','Nombre 1759',1,'Z00000009','M000001759'),('T000001760','Nombre 1760',1,'Z000000010','M000001760'),('T000001761','Nombre 1761',1,'Z000000011','M000001761'),('T000001762','Nombre 1762',1,'Z000000012','M000001762'),('T000001763','Nombre 1763',1,'Z000000013','M000001763'),('T000001764','Nombre 1764',1,'Z000000014','M000001764'),('T000001765','Nombre 1765',1,'Z000000015','M000001765'),('T000001766','Nombre 1766',1,'Z000000016','M000001766'),('T000001767','Nombre 1767',1,'Z000000017','M000001767'),('T000001768','Nombre 1768',1,'Z000000018','M000001768'),('T000001769','Nombre 1769',1,'Z000000019','M000001769'),('T000001770','Nombre 1770',1,'Z000000020','M000001770'),('T000001771','Nombre 1771',1,'Z000000021','M000001771'),('T000001772','Nombre 1772',1,'Z000000022','M000001772'),('T000001773','Nombre 1773',1,'Z000000023','M000001773'),('T000001774','Nombre 1774',1,'Z000000024','M000001774'),('T000001775','Nombre 1775',1,'Z000000025','M000001775'),('T000001776','Nombre 1776',1,'Z000000026','M000001776'),('T000001777','Nombre 1777',1,'Z000000027','M000001777'),('T000001778','Nombre 1778',1,'Z000000028','M000001778'),('T000001779','Nombre 1779',1,'Z000000029','M000001779'),('T000001780','Nombre 1780',1,'Z000000030','M000001780'),('T000001781','Nombre 1781',1,'Z000000031','M000001781'),('T000001782','Nombre 1782',1,'Z000000032','M000001782'),('T000001783','Nombre 1783',1,'Z000000033','M000001783'),('T000001784','Nombre 1784',1,'Z000000034','M000001784'),('T000001785','Nombre 1785',1,'Z000000035','M000001785'),('T000001786','Nombre 1786',1,'Z000000036','M000001786'),('T000001787','Nombre 1787',1,'Z000000037','M000001787'),('T000001788','Nombre 1788',1,'Z000000038','M000001788'),('T000001789','Nombre 1789',1,'Z000000039','M000001789'),('T000001790','Nombre 1790',1,'Z000000040','M000001790'),('T000001791','Nombre 1791',1,'Z000000041','M000001791'),('T000001792','Nombre 1792',1,'Z000000042','M000001792'),('T000001793','Nombre 1793',1,'Z000000043','M000001793'),('T000001794','Nombre 1794',1,'Z000000044','M000001794'),('T000001795','Nombre 1795',1,'Z000000045','M000001795'),('T000001796','Nombre 1796',1,'Z000000046','M000001796'),('T000001797','Nombre 1797',1,'Z000000047','M000001797'),('T000001798','Nombre 1798',1,'Z000000048','M000001798'),('T000001799','Nombre 1799',1,'Z000000049','M000001799'),('T000001800','Nombre 1800',1,'Z000000050','M000001800'),('T000001801','Nombre 1801',1,'Z00000001','M000001801'),('T000001802','Nombre 1802',1,'Z00000002','M000001802'),('T000001803','Nombre 1803',1,'Z00000003','M000001803'),('T000001804','Nombre 1804',1,'Z00000004','M000001804'),('T000001805','Nombre 1805',1,'Z00000005','M000001805'),('T000001806','Nombre 1806',1,'Z00000006','M000001806'),('T000001807','Nombre 1807',1,'Z00000007','M000001807'),('T000001808','Nombre 1808',1,'Z00000008','M000001808'),('T000001809','Nombre 1809',1,'Z00000009','M000001809'),('T000001810','Nombre 1810',1,'Z000000010','M000001810'),('T000001811','Nombre 1811',1,'Z000000011','M000001811'),('T000001812','Nombre 1812',1,'Z000000012','M000001812'),('T000001813','Nombre 1813',1,'Z000000013','M000001813'),('T000001814','Nombre 1814',1,'Z000000014','M000001814'),('T000001815','Nombre 1815',1,'Z000000015','M000001815'),('T000001816','Nombre 1816',1,'Z000000016','M000001816'),('T000001817','Nombre 1817',1,'Z000000017','M000001817'),('T000001818','Nombre 1818',1,'Z000000018','M000001818'),('T000001819','Nombre 1819',1,'Z000000019','M000001819'),('T000001820','Nombre 1820',1,'Z000000020','M000001820'),('T000001821','Nombre 1821',1,'Z000000021','M000001821'),('T000001822','Nombre 1822',1,'Z000000022','M000001822'),('T000001823','Nombre 1823',1,'Z000000023','M000001823'),('T000001824','Nombre 1824',1,'Z000000024','M000001824'),('T000001825','Nombre 1825',1,'Z000000025','M000001825'),('T000001826','Nombre 1826',1,'Z000000026','M000001826'),('T000001827','Nombre 1827',1,'Z000000027','M000001827'),('T000001828','Nombre 1828',1,'Z000000028','M000001828'),('T000001829','Nombre 1829',1,'Z000000029','M000001829'),('T000001830','Nombre 1830',1,'Z000000030','M000001830'),('T000001831','Nombre 1831',1,'Z000000031','M000001831'),('T000001832','Nombre 1832',1,'Z000000032','M000001832'),('T000001833','Nombre 1833',1,'Z000000033','M000001833'),('T000001834','Nombre 1834',1,'Z000000034','M000001834'),('T000001835','Nombre 1835',1,'Z000000035','M000001835'),('T000001836','Nombre 1836',1,'Z000000036','M000001836'),('T000001837','Nombre 1837',1,'Z000000037','M000001837'),('T000001838','Nombre 1838',1,'Z000000038','M000001838'),('T000001839','Nombre 1839',1,'Z000000039','M000001839'),('T000001840','Nombre 1840',1,'Z000000040','M000001840'),('T000001841','Nombre 1841',1,'Z000000041','M000001841'),('T000001842','Nombre 1842',1,'Z000000042','M000001842'),('T000001843','Nombre 1843',1,'Z000000043','M000001843'),('T000001844','Nombre 1844',1,'Z000000044','M000001844'),('T000001845','Nombre 1845',1,'Z000000045','M000001845'),('T000001846','Nombre 1846',1,'Z000000046','M000001846'),('T000001847','Nombre 1847',1,'Z000000047','M000001847'),('T000001848','Nombre 1848',1,'Z000000048','M000001848'),('T000001849','Nombre 1849',1,'Z000000049','M000001849'),('T000001850','Nombre 1850',1,'Z000000050','M000001850'),('T000001851','Nombre 1851',1,'Z00000001','M000001851'),('T000001852','Nombre 1852',1,'Z00000002','M000001852'),('T000001853','Nombre 1853',1,'Z00000003','M000001853'),('T000001854','Nombre 1854',1,'Z00000004','M000001854'),('T000001855','Nombre 1855',1,'Z00000005','M000001855'),('T000001856','Nombre 1856',1,'Z00000006','M000001856'),('T000001857','Nombre 1857',1,'Z00000007','M000001857'),('T000001858','Nombre 1858',1,'Z00000008','M000001858'),('T000001859','Nombre 1859',1,'Z00000009','M000001859'),('T000001860','Nombre 1860',1,'Z000000010','M000001860'),('T000001861','Nombre 1861',1,'Z000000011','M000001861'),('T000001862','Nombre 1862',1,'Z000000012','M000001862'),('T000001863','Nombre 1863',1,'Z000000013','M000001863'),('T000001864','Nombre 1864',1,'Z000000014','M000001864'),('T000001865','Nombre 1865',1,'Z000000015','M000001865'),('T000001866','Nombre 1866',1,'Z000000016','M000001866'),('T000001867','Nombre 1867',1,'Z000000017','M000001867'),('T000001868','Nombre 1868',1,'Z000000018','M000001868'),('T000001869','Nombre 1869',1,'Z000000019','M000001869'),('T000001870','Nombre 1870',1,'Z000000020','M000001870'),('T000001871','Nombre 1871',1,'Z000000021','M000001871'),('T000001872','Nombre 1872',1,'Z000000022','M000001872'),('T000001873','Nombre 1873',1,'Z000000023','M000001873'),('T000001874','Nombre 1874',1,'Z000000024','M000001874'),('T000001875','Nombre 1875',1,'Z000000025','M000001875'),('T000001876','Nombre 1876',1,'Z000000026','M000001876'),('T000001877','Nombre 1877',1,'Z000000027','M000001877'),('T000001878','Nombre 1878',1,'Z000000028','M000001878'),('T000001879','Nombre 1879',1,'Z000000029','M000001879'),('T000001880','Nombre 1880',1,'Z000000030','M000001880'),('T000001881','Nombre 1881',1,'Z000000031','M000001881'),('T000001882','Nombre 1882',1,'Z000000032','M000001882'),('T000001883','Nombre 1883',1,'Z000000033','M000001883'),('T000001884','Nombre 1884',1,'Z000000034','M000001884'),('T000001885','Nombre 1885',1,'Z000000035','M000001885'),('T000001886','Nombre 1886',1,'Z000000036','M000001886'),('T000001887','Nombre 1887',1,'Z000000037','M000001887'),('T000001888','Nombre 1888',1,'Z000000038','M000001888'),('T000001889','Nombre 1889',1,'Z000000039','M000001889'),('T000001890','Nombre 1890',1,'Z000000040','M000001890'),('T000001891','Nombre 1891',1,'Z000000041','M000001891'),('T000001892','Nombre 1892',1,'Z000000042','M000001892'),('T000001893','Nombre 1893',1,'Z000000043','M000001893'),('T000001894','Nombre 1894',1,'Z000000044','M000001894'),('T000001895','Nombre 1895',1,'Z000000045','M000001895'),('T000001896','Nombre 1896',1,'Z000000046','M000001896'),('T000001897','Nombre 1897',1,'Z000000047','M000001897'),('T000001898','Nombre 1898',1,'Z000000048','M000001898'),('T000001899','Nombre 1899',1,'Z000000049','M000001899'),('T000001900','Nombre 1900',1,'Z000000050','M000001900'),('T000001901','Nombre 1901',1,'Z00000001','M000001901'),('T000001902','Nombre 1902',1,'Z00000002','M000001902'),('T000001903','Nombre 1903',1,'Z00000003','M000001903'),('T000001904','Nombre 1904',1,'Z00000004','M000001904'),('T000001905','Nombre 1905',1,'Z00000005','M000001905'),('T000001906','Nombre 1906',1,'Z00000006','M000001906'),('T000001907','Nombre 1907',1,'Z00000007','M000001907'),('T000001908','Nombre 1908',1,'Z00000008','M000001908'),('T000001909','Nombre 1909',1,'Z00000009','M000001909'),('T000001910','Nombre 1910',1,'Z000000010','M000001910'),('T000001911','Nombre 1911',1,'Z000000011','M000001911'),('T000001912','Nombre 1912',1,'Z000000012','M000001912'),('T000001913','Nombre 1913',1,'Z000000013','M000001913'),('T000001914','Nombre 1914',1,'Z000000014','M000001914'),('T000001915','Nombre 1915',1,'Z000000015','M000001915'),('T000001916','Nombre 1916',1,'Z000000016','M000001916'),('T000001917','Nombre 1917',1,'Z000000017','M000001917'),('T000001918','Nombre 1918',1,'Z000000018','M000001918'),('T000001919','Nombre 1919',1,'Z000000019','M000001919'),('T000001920','Nombre 1920',1,'Z000000020','M000001920'),('T000001921','Nombre 1921',1,'Z000000021','M000001921'),('T000001922','Nombre 1922',1,'Z000000022','M000001922'),('T000001923','Nombre 1923',1,'Z000000023','M000001923'),('T000001924','Nombre 1924',1,'Z000000024','M000001924'),('T000001925','Nombre 1925',1,'Z000000025','M000001925'),('T000001926','Nombre 1926',1,'Z000000026','M000001926'),('T000001927','Nombre 1927',1,'Z000000027','M000001927'),('T000001928','Nombre 1928',1,'Z000000028','M000001928'),('T000001929','Nombre 1929',1,'Z000000029','M000001929'),('T000001930','Nombre 1930',1,'Z000000030','M000001930'),('T000001931','Nombre 1931',1,'Z000000031','M000001931'),('T000001932','Nombre 1932',1,'Z000000032','M000001932'),('T000001933','Nombre 1933',1,'Z000000033','M000001933'),('T000001934','Nombre 1934',1,'Z000000034','M000001934'),('T000001935','Nombre 1935',1,'Z000000035','M000001935'),('T000001936','Nombre 1936',1,'Z000000036','M000001936'),('T000001937','Nombre 1937',1,'Z000000037','M000001937'),('T000001938','Nombre 1938',1,'Z000000038','M000001938'),('T000001939','Nombre 1939',1,'Z000000039','M000001939'),('T000001940','Nombre 1940',1,'Z000000040','M000001940'),('T000001941','Nombre 1941',1,'Z000000041','M000001941'),('T000001942','Nombre 1942',1,'Z000000042','M000001942'),('T000001943','Nombre 1943',1,'Z000000043','M000001943'),('T000001944','Nombre 1944',1,'Z000000044','M000001944'),('T000001945','Nombre 1945',1,'Z000000045','M000001945'),('T000001946','Nombre 1946',1,'Z000000046','M000001946'),('T000001947','Nombre 1947',1,'Z000000047','M000001947'),('T000001948','Nombre 1948',1,'Z000000048','M000001948'),('T000001949','Nombre 1949',1,'Z000000049','M000001949'),('T000001950','Nombre 1950',1,'Z000000050','M000001950'),('T000001951','Nombre 1951',1,'Z00000001','M000001951'),('T000001952','Nombre 1952',1,'Z00000002','M000001952'),('T000001953','Nombre 1953',1,'Z00000003','M000001953'),('T000001954','Nombre 1954',1,'Z00000004','M000001954'),('T000001955','Nombre 1955',1,'Z00000005','M000001955'),('T000001956','Nombre 1956',1,'Z00000006','M000001956'),('T000001957','Nombre 1957',1,'Z00000007','M000001957'),('T000001958','Nombre 1958',1,'Z00000008','M000001958'),('T000001959','Nombre 1959',1,'Z00000009','M000001959'),('T000001960','Nombre 1960',1,'Z000000010','M000001960'),('T000001961','Nombre 1961',1,'Z000000011','M000001961'),('T000001962','Nombre 1962',1,'Z000000012','M000001962'),('T000001963','Nombre 1963',1,'Z000000013','M000001963'),('T000001964','Nombre 1964',1,'Z000000014','M000001964'),('T000001965','Nombre 1965',1,'Z000000015','M000001965'),('T000001966','Nombre 1966',1,'Z000000016','M000001966'),('T000001967','Nombre 1967',1,'Z000000017','M000001967'),('T000001968','Nombre 1968',1,'Z000000018','M000001968'),('T000001969','Nombre 1969',1,'Z000000019','M000001969'),('T000001970','Nombre 1970',1,'Z000000020','M000001970'),('T000001971','Nombre 1971',1,'Z000000021','M000001971'),('T000001972','Nombre 1972',1,'Z000000022','M000001972'),('T000001973','Nombre 1973',1,'Z000000023','M000001973'),('T000001974','Nombre 1974',1,'Z000000024','M000001974'),('T000001975','Nombre 1975',1,'Z000000025','M000001975'),('T000001976','Nombre 1976',1,'Z000000026','M000001976'),('T000001977','Nombre 1977',1,'Z000000027','M000001977'),('T000001978','Nombre 1978',1,'Z000000028','M000001978'),('T000001979','Nombre 1979',1,'Z000000029','M000001979'),('T000001980','Nombre 1980',1,'Z000000030','M000001980'),('T000001981','Nombre 1981',1,'Z000000031','M000001981'),('T000001982','Nombre 1982',1,'Z000000032','M000001982'),('T000001983','Nombre 1983',1,'Z000000033','M000001983'),('T000001984','Nombre 1984',1,'Z000000034','M000001984'),('T000001985','Nombre 1985',1,'Z000000035','M000001985'),('T000001986','Nombre 1986',1,'Z000000036','M000001986'),('T000001987','Nombre 1987',1,'Z000000037','M000001987'),('T000001988','Nombre 1988',1,'Z000000038','M000001988'),('T000001989','Nombre 1989',1,'Z000000039','M000001989'),('T000001990','Nombre 1990',1,'Z000000040','M000001990'),('T000001991','Nombre 1991',1,'Z000000041','M000001991'),('T000001992','Nombre 1992',1,'Z000000042','M000001992'),('T000001993','Nombre 1993',1,'Z000000043','M000001993'),('T000001994','Nombre 1994',1,'Z000000044','M000001994'),('T000001995','Nombre 1995',1,'Z000000045','M000001995'),('T000001996','Nombre 1996',1,'Z000000046','M000001996'),('T000001997','Nombre 1997',1,'Z000000047','M000001997'),('T000001998','Nombre 1998',1,'Z000000048','M000001998'),('T000001999','Nombre 1999',1,'Z000000049','M000001999'),('T000002000','Nombre 2000',1,'Z000000050','M000002000'),('T01','Nestor',1,'Z000000021','sdrty7uiop'),('T1234561','Lg',1,'Z00000007','00:00:2a:01:00:4A');
/*!40000 ALTER TABLE `trabajador` ENABLE KEYS */;
UNLOCK TABLES;

--
-- Dumping routines for database 'chocolate'
--
/*!50003 DROP PROCEDURE IF EXISTS `ActualizarAdministrador` */;
/*!50003 SET @saved_cs_client      = @@character_set_client */ ;
/*!50003 SET @saved_cs_results     = @@character_set_results */ ;
/*!50003 SET @saved_col_connection = @@collation_connection */ ;
/*!50003 SET character_set_client  = utf8 */ ;
/*!50003 SET character_set_results = utf8 */ ;
/*!50003 SET collation_connection  = utf8_general_ci */ ;
/*!50003 SET @saved_sql_mode       = @@sql_mode */ ;
/*!50003 SET sql_mode              = 'ONLY_FULL_GROUP_BY,STRICT_TRANS_TABLES,NO_ZERO_IN_DATE,NO_ZERO_DATE,ERROR_FOR_DIVISION_BY_ZERO,NO_ENGINE_SUBSTITUTION' */ ;
DELIMITER ;;
CREATE DEFINER=`root`@`localhost` PROCEDURE `ActualizarAdministrador`(IN nomina VARCHAR(10), IN nombre VARCHAR(45))
BEGIN
UPDATE administrador SET nombre_administrador = nombre WHERE nomina_administrador = nomina;
END ;;
DELIMITER ;
/*!50003 SET sql_mode              = @saved_sql_mode */ ;
/*!50003 SET character_set_client  = @saved_cs_client */ ;
/*!50003 SET character_set_results = @saved_cs_results */ ;
/*!50003 SET collation_connection  = @saved_col_connection */ ;
/*!50003 DROP PROCEDURE IF EXISTS `ActualizarSeguridad` */;
/*!50003 SET @saved_cs_client      = @@character_set_client */ ;
/*!50003 SET @saved_cs_results     = @@character_set_results */ ;
/*!50003 SET @saved_col_connection = @@collation_connection */ ;
/*!50003 SET character_set_client  = utf8 */ ;
/*!50003 SET character_set_results = utf8 */ ;
/*!50003 SET collation_connection  = utf8_general_ci */ ;
/*!50003 SET @saved_sql_mode       = @@sql_mode */ ;
/*!50003 SET sql_mode              = 'ONLY_FULL_GROUP_BY,STRICT_TRANS_TABLES,NO_ZERO_IN_DATE,NO_ZERO_DATE,ERROR_FOR_DIVISION_BY_ZERO,NO_ENGINE_SUBSTITUTION' */ ;
DELIMITER ;;
CREATE DEFINER=`root`@`localhost` PROCEDURE `ActualizarSeguridad`(IN nomina VARCHAR(10), IN nombre VARCHAR(45))
BEGIN
UPDATE seguridad SET nombre_seguridad = nombre WHERE nomina_seguridad = nomina;
END ;;
DELIMITER ;
/*!50003 SET sql_mode              = @saved_sql_mode */ ;
/*!50003 SET character_set_client  = @saved_cs_client */ ;
/*!50003 SET character_set_results = @saved_cs_results */ ;
/*!50003 SET collation_connection  = @saved_col_connection */ ;
/*!50003 DROP PROCEDURE IF EXISTS `ActualizarSupervisor` */;
/*!50003 SET @saved_cs_client      = @@character_set_client */ ;
/*!50003 SET @saved_cs_results     = @@character_set_results */ ;
/*!50003 SET @saved_col_connection = @@collation_connection */ ;
/*!50003 SET character_set_client  = utf8 */ ;
/*!50003 SET character_set_results = utf8 */ ;
/*!50003 SET collation_connection  = utf8_general_ci */ ;
/*!50003 SET @saved_sql_mode       = @@sql_mode */ ;
/*!50003 SET sql_mode              = 'ONLY_FULL_GROUP_BY,STRICT_TRANS_TABLES,NO_ZERO_IN_DATE,NO_ZERO_DATE,ERROR_FOR_DIVISION_BY_ZERO,NO_ENGINE_SUBSTITUTION' */ ;
DELIMITER ;;
CREATE DEFINER=`root`@`localhost` PROCEDURE `ActualizarSupervisor`(IN nomina VARCHAR(10), IN nombre VARCHAR(45), IN mac VARCHAR(17), IN grupo VARCHAR(10))
BEGIN
UPDATE supervisor SET nombre_supervisor = nombre, mac_supervisor = mac, grupos_id_grupos = grupo WHERE nomina_supervisor = nomina;
END ;;
DELIMITER ;
/*!50003 SET sql_mode              = @saved_sql_mode */ ;
/*!50003 SET character_set_client  = @saved_cs_client */ ;
/*!50003 SET character_set_results = @saved_cs_results */ ;
/*!50003 SET collation_connection  = @saved_col_connection */ ;
/*!50003 DROP PROCEDURE IF EXISTS `ActualizarTrabajador` */;
/*!50003 SET @saved_cs_client      = @@character_set_client */ ;
/*!50003 SET @saved_cs_results     = @@character_set_results */ ;
/*!50003 SET @saved_col_connection = @@collation_connection */ ;
/*!50003 SET character_set_client  = utf8 */ ;
/*!50003 SET character_set_results = utf8 */ ;
/*!50003 SET collation_connection  = utf8_general_ci */ ;
/*!50003 SET @saved_sql_mode       = @@sql_mode */ ;
/*!50003 SET sql_mode              = 'ONLY_FULL_GROUP_BY,STRICT_TRANS_TABLES,NO_ZERO_IN_DATE,NO_ZERO_DATE,ERROR_FOR_DIVISION_BY_ZERO,NO_ENGINE_SUBSTITUTION' */ ;
DELIMITER ;;
CREATE DEFINER=`root`@`localhost` PROCEDURE `ActualizarTrabajador`(IN nomina VARCHAR(10), IN nombre VARCHAR(45), IN mac VARCHAR(17), IN grupo VARCHAR(10))
BEGIN
UPDATE trabajador SET nombre_trabajador = nombre, mac_trabajador = mac, grupos_id_grupos = grupo WHERE nomina_trabajador = nomina;
END ;;
DELIMITER ;
/*!50003 SET sql_mode              = @saved_sql_mode */ ;
/*!50003 SET character_set_client  = @saved_cs_client */ ;
/*!50003 SET character_set_results = @saved_cs_results */ ;
/*!50003 SET collation_connection  = @saved_col_connection */ ;
/*!50003 DROP PROCEDURE IF EXISTS `BorrarGrupo` */;
/*!50003 SET @saved_cs_client      = @@character_set_client */ ;
/*!50003 SET @saved_cs_results     = @@character_set_results */ ;
/*!50003 SET @saved_col_connection = @@collation_connection */ ;
/*!50003 SET character_set_client  = cp850 */ ;
/*!50003 SET character_set_results = cp850 */ ;
/*!50003 SET collation_connection  = cp850_general_ci */ ;
/*!50003 SET @saved_sql_mode       = @@sql_mode */ ;
/*!50003 SET sql_mode              = 'NO_AUTO_CREATE_USER,NO_ENGINE_SUBSTITUTION' */ ;
DELIMITER ;;
CREATE DEFINER=`root`@`localhost` PROCEDURE `BorrarGrupo`(IN idgrupo VARCHAR(10))
BEGIN
DELETE from grupos WHERE id_grupos = idgrupo;
END ;;
DELIMITER ;
/*!50003 SET sql_mode              = @saved_sql_mode */ ;
/*!50003 SET character_set_client  = @saved_cs_client */ ;
/*!50003 SET character_set_results = @saved_cs_results */ ;
/*!50003 SET collation_connection  = @saved_col_connection */ ;
/*!50003 DROP PROCEDURE IF EXISTS `BuscarA` */;
/*!50003 SET @saved_cs_client      = @@character_set_client */ ;
/*!50003 SET @saved_cs_results     = @@character_set_results */ ;
/*!50003 SET @saved_col_connection = @@collation_connection */ ;
/*!50003 SET character_set_client  = utf8 */ ;
/*!50003 SET character_set_results = utf8 */ ;
/*!50003 SET collation_connection  = utf8_general_ci */ ;
/*!50003 SET @saved_sql_mode       = @@sql_mode */ ;
/*!50003 SET sql_mode              = 'ONLY_FULL_GROUP_BY,STRICT_TRANS_TABLES,NO_ZERO_IN_DATE,NO_ZERO_DATE,ERROR_FOR_DIVISION_BY_ZERO,NO_ENGINE_SUBSTITUTION' */ ;
DELIMITER ;;
CREATE DEFINER=`root`@`localhost` PROCEDURE `BuscarA`(IN nomina VARCHAR(10))
BEGIN
SELECT nomina_administrador, nombre_administrador FROM administrador WHERE nomina_administrador = nomina;
END ;;
DELIMITER ;
/*!50003 SET sql_mode              = @saved_sql_mode */ ;
/*!50003 SET character_set_client  = @saved_cs_client */ ;
/*!50003 SET character_set_results = @saved_cs_results */ ;
/*!50003 SET collation_connection  = @saved_col_connection */ ;
/*!50003 DROP PROCEDURE IF EXISTS `BuscarGrupo` */;
/*!50003 SET @saved_cs_client      = @@character_set_client */ ;
/*!50003 SET @saved_cs_results     = @@character_set_results */ ;
/*!50003 SET @saved_col_connection = @@collation_connection */ ;
/*!50003 SET character_set_client  = utf8 */ ;
/*!50003 SET character_set_results = utf8 */ ;
/*!50003 SET collation_connection  = utf8_general_ci */ ;
/*!50003 SET @saved_sql_mode       = @@sql_mode */ ;
/*!50003 SET sql_mode              = 'ONLY_FULL_GROUP_BY,STRICT_TRANS_TABLES,NO_ZERO_IN_DATE,NO_ZERO_DATE,ERROR_FOR_DIVISION_BY_ZERO,NO_ENGINE_SUBSTITUTION' */ ;
DELIMITER ;;
CREATE DEFINER=`root`@`localhost` PROCEDURE `BuscarGrupo`(IN nomina VARCHAR(10))
BEGIN
SELECT grupos_id_grupos FROM supervisor WHERE nomina_supervisor = nomina;
END ;;
DELIMITER ;
/*!50003 SET sql_mode              = @saved_sql_mode */ ;
/*!50003 SET character_set_client  = @saved_cs_client */ ;
/*!50003 SET character_set_results = @saved_cs_results */ ;
/*!50003 SET collation_connection  = @saved_col_connection */ ;
/*!50003 DROP PROCEDURE IF EXISTS `BuscarNombreS` */;
/*!50003 SET @saved_cs_client      = @@character_set_client */ ;
/*!50003 SET @saved_cs_results     = @@character_set_results */ ;
/*!50003 SET @saved_col_connection = @@collation_connection */ ;
/*!50003 SET character_set_client  = utf8 */ ;
/*!50003 SET character_set_results = utf8 */ ;
/*!50003 SET collation_connection  = utf8_general_ci */ ;
/*!50003 SET @saved_sql_mode       = @@sql_mode */ ;
/*!50003 SET sql_mode              = 'ONLY_FULL_GROUP_BY,STRICT_TRANS_TABLES,NO_ZERO_IN_DATE,NO_ZERO_DATE,ERROR_FOR_DIVISION_BY_ZERO,NO_ENGINE_SUBSTITUTION' */ ;
DELIMITER ;;
CREATE DEFINER=`root`@`localhost` PROCEDURE `BuscarNombreS`(IN mac VARCHAR(17))
BEGIN
SELECT nombre_supervisor FROM supervisor WHERE mac_supervisor = mac;
END ;;
DELIMITER ;
/*!50003 SET sql_mode              = @saved_sql_mode */ ;
/*!50003 SET character_set_client  = @saved_cs_client */ ;
/*!50003 SET character_set_results = @saved_cs_results */ ;
/*!50003 SET collation_connection  = @saved_col_connection */ ;
/*!50003 DROP PROCEDURE IF EXISTS `BuscarNombreT` */;
/*!50003 SET @saved_cs_client      = @@character_set_client */ ;
/*!50003 SET @saved_cs_results     = @@character_set_results */ ;
/*!50003 SET @saved_col_connection = @@collation_connection */ ;
/*!50003 SET character_set_client  = utf8 */ ;
/*!50003 SET character_set_results = utf8 */ ;
/*!50003 SET collation_connection  = utf8_general_ci */ ;
/*!50003 SET @saved_sql_mode       = @@sql_mode */ ;
/*!50003 SET sql_mode              = 'ONLY_FULL_GROUP_BY,STRICT_TRANS_TABLES,NO_ZERO_IN_DATE,NO_ZERO_DATE,ERROR_FOR_DIVISION_BY_ZERO,NO_ENGINE_SUBSTITUTION' */ ;
DELIMITER ;;
CREATE DEFINER=`root`@`localhost` PROCEDURE `BuscarNombreT`(IN mac VARCHAR(17))
BEGIN
SELECT nombre_trabajador FROM trabajador WHERE mac_trabajador = mac;
END ;;
DELIMITER ;
/*!50003 SET sql_mode              = @saved_sql_mode */ ;
/*!50003 SET character_set_client  = @saved_cs_client */ ;
/*!50003 SET character_set_results = @saved_cs_results */ ;
/*!50003 SET collation_connection  = @saved_col_connection */ ;
/*!50003 DROP PROCEDURE IF EXISTS `BuscarS` */;
/*!50003 SET @saved_cs_client      = @@character_set_client */ ;
/*!50003 SET @saved_cs_results     = @@character_set_results */ ;
/*!50003 SET @saved_col_connection = @@collation_connection */ ;
/*!50003 SET character_set_client  = utf8 */ ;
/*!50003 SET character_set_results = utf8 */ ;
/*!50003 SET collation_connection  = utf8_general_ci */ ;
/*!50003 SET @saved_sql_mode       = @@sql_mode */ ;
/*!50003 SET sql_mode              = 'ONLY_FULL_GROUP_BY,STRICT_TRANS_TABLES,NO_ZERO_IN_DATE,NO_ZERO_DATE,ERROR_FOR_DIVISION_BY_ZERO,NO_ENGINE_SUBSTITUTION' */ ;
DELIMITER ;;
CREATE DEFINER=`root`@`localhost` PROCEDURE `BuscarS`(IN nomina VARCHAR(10))
BEGIN
SELECT nomina_supervisor, nombre_supervisor, mac_supervisor, grupos_id_grupos  FROM supervisor WHERE nomina_supervisor = nomina;
END ;;
DELIMITER ;
/*!50003 SET sql_mode              = @saved_sql_mode */ ;
/*!50003 SET character_set_client  = @saved_cs_client */ ;
/*!50003 SET character_set_results = @saved_cs_results */ ;
/*!50003 SET collation_connection  = @saved_col_connection */ ;
/*!50003 DROP PROCEDURE IF EXISTS `BuscarSeg` */;
/*!50003 SET @saved_cs_client      = @@character_set_client */ ;
/*!50003 SET @saved_cs_results     = @@character_set_results */ ;
/*!50003 SET @saved_col_connection = @@collation_connection */ ;
/*!50003 SET character_set_client  = utf8 */ ;
/*!50003 SET character_set_results = utf8 */ ;
/*!50003 SET collation_connection  = utf8_general_ci */ ;
/*!50003 SET @saved_sql_mode       = @@sql_mode */ ;
/*!50003 SET sql_mode              = 'ONLY_FULL_GROUP_BY,STRICT_TRANS_TABLES,NO_ZERO_IN_DATE,NO_ZERO_DATE,ERROR_FOR_DIVISION_BY_ZERO,NO_ENGINE_SUBSTITUTION' */ ;
DELIMITER ;;
CREATE DEFINER=`root`@`localhost` PROCEDURE `BuscarSeg`(IN nomina VARCHAR(10))
BEGIN
SELECT nomina_seguridad, nombre_seguridad FROM seguridad WHERE nomina_seguridad = nomina;
END ;;
DELIMITER ;
/*!50003 SET sql_mode              = @saved_sql_mode */ ;
/*!50003 SET character_set_client  = @saved_cs_client */ ;
/*!50003 SET character_set_results = @saved_cs_results */ ;
/*!50003 SET collation_connection  = @saved_col_connection */ ;
/*!50003 DROP PROCEDURE IF EXISTS `BuscarT` */;
/*!50003 SET @saved_cs_client      = @@character_set_client */ ;
/*!50003 SET @saved_cs_results     = @@character_set_results */ ;
/*!50003 SET @saved_col_connection = @@collation_connection */ ;
/*!50003 SET character_set_client  = utf8 */ ;
/*!50003 SET character_set_results = utf8 */ ;
/*!50003 SET collation_connection  = utf8_general_ci */ ;
/*!50003 SET @saved_sql_mode       = @@sql_mode */ ;
/*!50003 SET sql_mode              = 'ONLY_FULL_GROUP_BY,STRICT_TRANS_TABLES,NO_ZERO_IN_DATE,NO_ZERO_DATE,ERROR_FOR_DIVISION_BY_ZERO,NO_ENGINE_SUBSTITUTION' */ ;
DELIMITER ;;
CREATE DEFINER=`root`@`localhost` PROCEDURE `BuscarT`(IN nomina VARCHAR(10))
BEGIN
SELECT nomina_trabajador, nombre_trabajador, mac_trabajador, grupos_id_grupos FROM trabajador WHERE nomina_trabajador = nomina;
END ;;
DELIMITER ;
/*!50003 SET sql_mode              = @saved_sql_mode */ ;
/*!50003 SET character_set_client  = @saved_cs_client */ ;
/*!50003 SET character_set_results = @saved_cs_results */ ;
/*!50003 SET collation_connection  = @saved_col_connection */ ;
/*!50003 DROP PROCEDURE IF EXISTS `CrearGrupo` */;
/*!50003 SET @saved_cs_client      = @@character_set_client */ ;
/*!50003 SET @saved_cs_results     = @@character_set_results */ ;
/*!50003 SET @saved_col_connection = @@collation_connection */ ;
/*!50003 SET character_set_client  = cp850 */ ;
/*!50003 SET character_set_results = cp850 */ ;
/*!50003 SET collation_connection  = cp850_general_ci */ ;
/*!50003 SET @saved_sql_mode       = @@sql_mode */ ;
/*!50003 SET sql_mode              = 'NO_AUTO_CREATE_USER,NO_ENGINE_SUBSTITUTION' */ ;
DELIMITER ;;
CREATE DEFINER=`root`@`localhost` PROCEDURE `CrearGrupo`(IN idgrupo VARCHAR(10), IN zona VARCHAR(30))
BEGIN
INSERT INTO grupos (id_grupos, zona) VALUES(idgrupos, zona);
END ;;
DELIMITER ;
/*!50003 SET sql_mode              = @saved_sql_mode */ ;
/*!50003 SET character_set_client  = @saved_cs_client */ ;
/*!50003 SET character_set_results = @saved_cs_results */ ;
/*!50003 SET collation_connection  = @saved_col_connection */ ;
/*!50003 DROP PROCEDURE IF EXISTS `EliminarAdministrador` */;
/*!50003 SET @saved_cs_client      = @@character_set_client */ ;
/*!50003 SET @saved_cs_results     = @@character_set_results */ ;
/*!50003 SET @saved_col_connection = @@collation_connection */ ;
/*!50003 SET character_set_client  = utf8 */ ;
/*!50003 SET character_set_results = utf8 */ ;
/*!50003 SET collation_connection  = utf8_general_ci */ ;
/*!50003 SET @saved_sql_mode       = @@sql_mode */ ;
/*!50003 SET sql_mode              = 'ONLY_FULL_GROUP_BY,STRICT_TRANS_TABLES,NO_ZERO_IN_DATE,NO_ZERO_DATE,ERROR_FOR_DIVISION_BY_ZERO,NO_ENGINE_SUBSTITUTION' */ ;
DELIMITER ;;
CREATE DEFINER=`root`@`localhost` PROCEDURE `EliminarAdministrador`(IN nomina VARCHAR(10))
BEGIN
UPDATE administrador SET status = false WHERE nomina_administrador = nomina;
END ;;
DELIMITER ;
/*!50003 SET sql_mode              = @saved_sql_mode */ ;
/*!50003 SET character_set_client  = @saved_cs_client */ ;
/*!50003 SET character_set_results = @saved_cs_results */ ;
/*!50003 SET collation_connection  = @saved_col_connection */ ;
/*!50003 DROP PROCEDURE IF EXISTS `EliminarSeguridad` */;
/*!50003 SET @saved_cs_client      = @@character_set_client */ ;
/*!50003 SET @saved_cs_results     = @@character_set_results */ ;
/*!50003 SET @saved_col_connection = @@collation_connection */ ;
/*!50003 SET character_set_client  = utf8 */ ;
/*!50003 SET character_set_results = utf8 */ ;
/*!50003 SET collation_connection  = utf8_general_ci */ ;
/*!50003 SET @saved_sql_mode       = @@sql_mode */ ;
/*!50003 SET sql_mode              = 'ONLY_FULL_GROUP_BY,STRICT_TRANS_TABLES,NO_ZERO_IN_DATE,NO_ZERO_DATE,ERROR_FOR_DIVISION_BY_ZERO,NO_ENGINE_SUBSTITUTION' */ ;
DELIMITER ;;
CREATE DEFINER=`root`@`localhost` PROCEDURE `EliminarSeguridad`(IN nomina VARCHAR(10))
BEGIN
UPDATE seguridad SET status = false WHERE nomina_seguridad = nomina;
END ;;
DELIMITER ;
/*!50003 SET sql_mode              = @saved_sql_mode */ ;
/*!50003 SET character_set_client  = @saved_cs_client */ ;
/*!50003 SET character_set_results = @saved_cs_results */ ;
/*!50003 SET collation_connection  = @saved_col_connection */ ;
/*!50003 DROP PROCEDURE IF EXISTS `EliminarSupervisor` */;
/*!50003 SET @saved_cs_client      = @@character_set_client */ ;
/*!50003 SET @saved_cs_results     = @@character_set_results */ ;
/*!50003 SET @saved_col_connection = @@collation_connection */ ;
/*!50003 SET character_set_client  = utf8 */ ;
/*!50003 SET character_set_results = utf8 */ ;
/*!50003 SET collation_connection  = utf8_general_ci */ ;
/*!50003 SET @saved_sql_mode       = @@sql_mode */ ;
/*!50003 SET sql_mode              = 'ONLY_FULL_GROUP_BY,STRICT_TRANS_TABLES,NO_ZERO_IN_DATE,NO_ZERO_DATE,ERROR_FOR_DIVISION_BY_ZERO,NO_ENGINE_SUBSTITUTION' */ ;
DELIMITER ;;
CREATE DEFINER=`root`@`localhost` PROCEDURE `EliminarSupervisor`(IN nomina VARCHAR(10))
BEGIN
UPDATE supervisor SET status = false WHERE nomina_supervisor = nomina;
END ;;
DELIMITER ;
/*!50003 SET sql_mode              = @saved_sql_mode */ ;
/*!50003 SET character_set_client  = @saved_cs_client */ ;
/*!50003 SET character_set_results = @saved_cs_results */ ;
/*!50003 SET collation_connection  = @saved_col_connection */ ;
/*!50003 DROP PROCEDURE IF EXISTS `EliminarTrabajador` */;
/*!50003 SET @saved_cs_client      = @@character_set_client */ ;
/*!50003 SET @saved_cs_results     = @@character_set_results */ ;
/*!50003 SET @saved_col_connection = @@collation_connection */ ;
/*!50003 SET character_set_client  = utf8 */ ;
/*!50003 SET character_set_results = utf8 */ ;
/*!50003 SET collation_connection  = utf8_general_ci */ ;
/*!50003 SET @saved_sql_mode       = @@sql_mode */ ;
/*!50003 SET sql_mode              = 'ONLY_FULL_GROUP_BY,STRICT_TRANS_TABLES,NO_ZERO_IN_DATE,NO_ZERO_DATE,ERROR_FOR_DIVISION_BY_ZERO,NO_ENGINE_SUBSTITUTION' */ ;
DELIMITER ;;
CREATE DEFINER=`root`@`localhost` PROCEDURE `EliminarTrabajador`(IN nomina VARCHAR(10))
BEGIN
UPDATE trabajador SET status = false WHERE nomina_trabajador = nomina;
END ;;
DELIMITER ;
/*!50003 SET sql_mode              = @saved_sql_mode */ ;
/*!50003 SET character_set_client  = @saved_cs_client */ ;
/*!50003 SET character_set_results = @saved_cs_results */ ;
/*!50003 SET collation_connection  = @saved_col_connection */ ;
/*!50003 DROP PROCEDURE IF EXISTS `InsertarA` */;
/*!50003 SET @saved_cs_client      = @@character_set_client */ ;
/*!50003 SET @saved_cs_results     = @@character_set_results */ ;
/*!50003 SET @saved_col_connection = @@collation_connection */ ;
/*!50003 SET character_set_client  = utf8 */ ;
/*!50003 SET character_set_results = utf8 */ ;
/*!50003 SET collation_connection  = utf8_general_ci */ ;
/*!50003 SET @saved_sql_mode       = @@sql_mode */ ;
/*!50003 SET sql_mode              = 'ONLY_FULL_GROUP_BY,STRICT_TRANS_TABLES,NO_ZERO_IN_DATE,NO_ZERO_DATE,ERROR_FOR_DIVISION_BY_ZERO,NO_ENGINE_SUBSTITUTION' */ ;
DELIMITER ;;
CREATE DEFINER=`root`@`localhost` PROCEDURE `InsertarA`(IN nomina VARCHAR(10),
IN nombre VARCHAR(45), IN contrasena VARCHAR(50), IN superusuario VARCHAR(20))
BEGIN
INSERT INTO administrador (nomina_administrador, nombre_administrador, contrasena_administrador, SuperUsuario_usuario, status) VALUES(nomina, nombre, contrasena, superusuario, TRUE);
END ;;
DELIMITER ;
/*!50003 SET sql_mode              = @saved_sql_mode */ ;
/*!50003 SET character_set_client  = @saved_cs_client */ ;
/*!50003 SET character_set_results = @saved_cs_results */ ;
/*!50003 SET collation_connection  = @saved_col_connection */ ;
/*!50003 DROP PROCEDURE IF EXISTS `InsertarS` */;
/*!50003 SET @saved_cs_client      = @@character_set_client */ ;
/*!50003 SET @saved_cs_results     = @@character_set_results */ ;
/*!50003 SET @saved_col_connection = @@collation_connection */ ;
/*!50003 SET character_set_client  = utf8 */ ;
/*!50003 SET character_set_results = utf8 */ ;
/*!50003 SET collation_connection  = utf8_general_ci */ ;
/*!50003 SET @saved_sql_mode       = @@sql_mode */ ;
/*!50003 SET sql_mode              = 'ONLY_FULL_GROUP_BY,STRICT_TRANS_TABLES,NO_ZERO_IN_DATE,NO_ZERO_DATE,ERROR_FOR_DIVISION_BY_ZERO,NO_ENGINE_SUBSTITUTION' */ ;
DELIMITER ;;
CREATE DEFINER=`root`@`localhost` PROCEDURE `InsertarS`(IN nomina VARCHAR(10), IN nombre VARCHAR(45), IN contrasena VARCHAR(50), IN idgrupos VARCHAR(10), IN mac VARCHAR(17))
INSERT INTO supervisor (nomina_supervisor, nombre_supervisor, contrasena_supervisor, Grupos_id_grupos, mac_supervisor, status) VALUES(nomina, nombre, contrasena, idgrupos, mac, true) ;;
DELIMITER ;
/*!50003 SET sql_mode              = @saved_sql_mode */ ;
/*!50003 SET character_set_client  = @saved_cs_client */ ;
/*!50003 SET character_set_results = @saved_cs_results */ ;
/*!50003 SET collation_connection  = @saved_col_connection */ ;
/*!50003 DROP PROCEDURE IF EXISTS `InsertarSeg` */;
/*!50003 SET @saved_cs_client      = @@character_set_client */ ;
/*!50003 SET @saved_cs_results     = @@character_set_results */ ;
/*!50003 SET @saved_col_connection = @@collation_connection */ ;
/*!50003 SET character_set_client  = utf8 */ ;
/*!50003 SET character_set_results = utf8 */ ;
/*!50003 SET collation_connection  = utf8_general_ci */ ;
/*!50003 SET @saved_sql_mode       = @@sql_mode */ ;
/*!50003 SET sql_mode              = 'ONLY_FULL_GROUP_BY,STRICT_TRANS_TABLES,NO_ZERO_IN_DATE,NO_ZERO_DATE,ERROR_FOR_DIVISION_BY_ZERO,NO_ENGINE_SUBSTITUTION' */ ;
DELIMITER ;;
CREATE DEFINER=`root`@`localhost` PROCEDURE `InsertarSeg`(In nomina VARCHAR(10),
IN nombre VARCHAR(45), IN contrasena VARCHAR(50))
BEGIN 
INSERT INTO seguridad (nomina_seguridad, nombre_seguridad, contrasena_seguridad, status) VALUES(nomina, nombre, contrasena, true);
END ;;
DELIMITER ;
/*!50003 SET sql_mode              = @saved_sql_mode */ ;
/*!50003 SET character_set_client  = @saved_cs_client */ ;
/*!50003 SET character_set_results = @saved_cs_results */ ;
/*!50003 SET collation_connection  = @saved_col_connection */ ;
/*!50003 DROP PROCEDURE IF EXISTS `InsertarT` */;
/*!50003 SET @saved_cs_client      = @@character_set_client */ ;
/*!50003 SET @saved_cs_results     = @@character_set_results */ ;
/*!50003 SET @saved_col_connection = @@collation_connection */ ;
/*!50003 SET character_set_client  = utf8 */ ;
/*!50003 SET character_set_results = utf8 */ ;
/*!50003 SET collation_connection  = utf8_general_ci */ ;
/*!50003 SET @saved_sql_mode       = @@sql_mode */ ;
/*!50003 SET sql_mode              = 'ONLY_FULL_GROUP_BY,STRICT_TRANS_TABLES,NO_ZERO_IN_DATE,NO_ZERO_DATE,ERROR_FOR_DIVISION_BY_ZERO,NO_ENGINE_SUBSTITUTION' */ ;
DELIMITER ;;
CREATE DEFINER=`root`@`localhost` PROCEDURE `InsertarT`(IN nomina VARCHAR(10), IN nombre VARCHAR(45), IN idgrupo VARCHAR(10), IN mac VARCHAR(17))
INSERT INTO trabajador (nomina_trabajador, nombre_trabajador, Grupos_id_grupos, mac_trabajador, status) VALUES(nomina, nombre, idgrupo, mac, "1") ;;
DELIMITER ;
/*!50003 SET sql_mode              = @saved_sql_mode */ ;
/*!50003 SET character_set_client  = @saved_cs_client */ ;
/*!50003 SET character_set_results = @saved_cs_results */ ;
/*!50003 SET collation_connection  = @saved_col_connection */ ;
/*!50003 DROP PROCEDURE IF EXISTS `LoginAdministrador` */;
/*!50003 SET @saved_cs_client      = @@character_set_client */ ;
/*!50003 SET @saved_cs_results     = @@character_set_results */ ;
/*!50003 SET @saved_col_connection = @@collation_connection */ ;
/*!50003 SET character_set_client  = utf8 */ ;
/*!50003 SET character_set_results = utf8 */ ;
/*!50003 SET collation_connection  = utf8_general_ci */ ;
/*!50003 SET @saved_sql_mode       = @@sql_mode */ ;
/*!50003 SET sql_mode              = 'ONLY_FULL_GROUP_BY,STRICT_TRANS_TABLES,NO_ZERO_IN_DATE,NO_ZERO_DATE,ERROR_FOR_DIVISION_BY_ZERO,NO_ENGINE_SUBSTITUTION' */ ;
DELIMITER ;;
CREATE DEFINER=`root`@`localhost` PROCEDURE `LoginAdministrador`(IN nomina VARCHAR(10))
BEGIN
SELECT * FROM administrador WHERE nomina_administrador = nomina;
END ;;
DELIMITER ;
/*!50003 SET sql_mode              = @saved_sql_mode */ ;
/*!50003 SET character_set_client  = @saved_cs_client */ ;
/*!50003 SET character_set_results = @saved_cs_results */ ;
/*!50003 SET collation_connection  = @saved_col_connection */ ;
/*!50003 DROP PROCEDURE IF EXISTS `LoginSeguridad` */;
/*!50003 SET @saved_cs_client      = @@character_set_client */ ;
/*!50003 SET @saved_cs_results     = @@character_set_results */ ;
/*!50003 SET @saved_col_connection = @@collation_connection */ ;
/*!50003 SET character_set_client  = utf8 */ ;
/*!50003 SET character_set_results = utf8 */ ;
/*!50003 SET collation_connection  = utf8_general_ci */ ;
/*!50003 SET @saved_sql_mode       = @@sql_mode */ ;
/*!50003 SET sql_mode              = 'ONLY_FULL_GROUP_BY,STRICT_TRANS_TABLES,NO_ZERO_IN_DATE,NO_ZERO_DATE,ERROR_FOR_DIVISION_BY_ZERO,NO_ENGINE_SUBSTITUTION' */ ;
DELIMITER ;;
CREATE DEFINER=`root`@`localhost` PROCEDURE `LoginSeguridad`(IN nomina VARCHAR(10))
BEGIN
SELECT * FROM seguridad WHERE nomina_seguridad = nomina;
END ;;
DELIMITER ;
/*!50003 SET sql_mode              = @saved_sql_mode */ ;
/*!50003 SET character_set_client  = @saved_cs_client */ ;
/*!50003 SET character_set_results = @saved_cs_results */ ;
/*!50003 SET collation_connection  = @saved_col_connection */ ;
/*!50003 DROP PROCEDURE IF EXISTS `LoginSupervisor` */;
/*!50003 SET @saved_cs_client      = @@character_set_client */ ;
/*!50003 SET @saved_cs_results     = @@character_set_results */ ;
/*!50003 SET @saved_col_connection = @@collation_connection */ ;
/*!50003 SET character_set_client  = utf8 */ ;
/*!50003 SET character_set_results = utf8 */ ;
/*!50003 SET collation_connection  = utf8_general_ci */ ;
/*!50003 SET @saved_sql_mode       = @@sql_mode */ ;
/*!50003 SET sql_mode              = 'ONLY_FULL_GROUP_BY,STRICT_TRANS_TABLES,NO_ZERO_IN_DATE,NO_ZERO_DATE,ERROR_FOR_DIVISION_BY_ZERO,NO_ENGINE_SUBSTITUTION' */ ;
DELIMITER ;;
CREATE DEFINER=`root`@`localhost` PROCEDURE `LoginSupervisor`(IN nomina VARCHAR(10))
BEGIN
SELECT * FROM supervisor WHERE nomina_supervisor = nomina;
END ;;
DELIMITER ;
/*!50003 SET sql_mode              = @saved_sql_mode */ ;
/*!50003 SET character_set_client  = @saved_cs_client */ ;
/*!50003 SET character_set_results = @saved_cs_results */ ;
/*!50003 SET collation_connection  = @saved_col_connection */ ;
/*!50003 DROP PROCEDURE IF EXISTS `ModificarGrupo` */;
/*!50003 SET @saved_cs_client      = @@character_set_client */ ;
/*!50003 SET @saved_cs_results     = @@character_set_results */ ;
/*!50003 SET @saved_col_connection = @@collation_connection */ ;
/*!50003 SET character_set_client  = cp850 */ ;
/*!50003 SET character_set_results = cp850 */ ;
/*!50003 SET collation_connection  = cp850_general_ci */ ;
/*!50003 SET @saved_sql_mode       = @@sql_mode */ ;
/*!50003 SET sql_mode              = 'NO_AUTO_CREATE_USER,NO_ENGINE_SUBSTITUTION' */ ;
DELIMITER ;;
CREATE DEFINER=`root`@`localhost` PROCEDURE `ModificarGrupo`(IN idgrupo VARCHAR(10), IN zona VARCHAR(30))
BEGIN
UPDATE grupos SET zona = zona WHERE id_grupos = idgrupo;
END ;;
DELIMITER ;
/*!50003 SET sql_mode              = @saved_sql_mode */ ;
/*!50003 SET character_set_client  = @saved_cs_client */ ;
/*!50003 SET character_set_results = @saved_cs_results */ ;
/*!50003 SET collation_connection  = @saved_col_connection */ ;
/*!50003 DROP PROCEDURE IF EXISTS `MostrarA` */;
/*!50003 SET @saved_cs_client      = @@character_set_client */ ;
/*!50003 SET @saved_cs_results     = @@character_set_results */ ;
/*!50003 SET @saved_col_connection = @@collation_connection */ ;
/*!50003 SET character_set_client  = utf8 */ ;
/*!50003 SET character_set_results = utf8 */ ;
/*!50003 SET collation_connection  = utf8_general_ci */ ;
/*!50003 SET @saved_sql_mode       = @@sql_mode */ ;
/*!50003 SET sql_mode              = 'ONLY_FULL_GROUP_BY,STRICT_TRANS_TABLES,NO_ZERO_IN_DATE,NO_ZERO_DATE,ERROR_FOR_DIVISION_BY_ZERO,NO_ENGINE_SUBSTITUTION' */ ;
DELIMITER ;;
CREATE DEFINER=`root`@`localhost` PROCEDURE `MostrarA`()
BEGIN
SELECT * FROM administrador where status = TRUE;
END ;;
DELIMITER ;
/*!50003 SET sql_mode              = @saved_sql_mode */ ;
/*!50003 SET character_set_client  = @saved_cs_client */ ;
/*!50003 SET character_set_results = @saved_cs_results */ ;
/*!50003 SET collation_connection  = @saved_col_connection */ ;
/*!50003 DROP PROCEDURE IF EXISTS `MostrarS` */;
/*!50003 SET @saved_cs_client      = @@character_set_client */ ;
/*!50003 SET @saved_cs_results     = @@character_set_results */ ;
/*!50003 SET @saved_col_connection = @@collation_connection */ ;
/*!50003 SET character_set_client  = utf8 */ ;
/*!50003 SET character_set_results = utf8 */ ;
/*!50003 SET collation_connection  = utf8_general_ci */ ;
/*!50003 SET @saved_sql_mode       = @@sql_mode */ ;
/*!50003 SET sql_mode              = 'ONLY_FULL_GROUP_BY,STRICT_TRANS_TABLES,NO_ZERO_IN_DATE,NO_ZERO_DATE,ERROR_FOR_DIVISION_BY_ZERO,NO_ENGINE_SUBSTITUTION' */ ;
DELIMITER ;;
CREATE DEFINER=`root`@`localhost` PROCEDURE `MostrarS`()
BEGIN
SELECT * FROM supervisor WHERE status = TRUE;
END ;;
DELIMITER ;
/*!50003 SET sql_mode              = @saved_sql_mode */ ;
/*!50003 SET character_set_client  = @saved_cs_client */ ;
/*!50003 SET character_set_results = @saved_cs_results */ ;
/*!50003 SET collation_connection  = @saved_col_connection */ ;
/*!50003 DROP PROCEDURE IF EXISTS `MostrarSeg` */;
/*!50003 SET @saved_cs_client      = @@character_set_client */ ;
/*!50003 SET @saved_cs_results     = @@character_set_results */ ;
/*!50003 SET @saved_col_connection = @@collation_connection */ ;
/*!50003 SET character_set_client  = utf8 */ ;
/*!50003 SET character_set_results = utf8 */ ;
/*!50003 SET collation_connection  = utf8_general_ci */ ;
/*!50003 SET @saved_sql_mode       = @@sql_mode */ ;
/*!50003 SET sql_mode              = 'ONLY_FULL_GROUP_BY,STRICT_TRANS_TABLES,NO_ZERO_IN_DATE,NO_ZERO_DATE,ERROR_FOR_DIVISION_BY_ZERO,NO_ENGINE_SUBSTITUTION' */ ;
DELIMITER ;;
CREATE DEFINER=`root`@`localhost` PROCEDURE `MostrarSeg`()
BEGIN
SELECT * FROM seguridad WHERE status = TRUE;
END ;;
DELIMITER ;
/*!50003 SET sql_mode              = @saved_sql_mode */ ;
/*!50003 SET character_set_client  = @saved_cs_client */ ;
/*!50003 SET character_set_results = @saved_cs_results */ ;
/*!50003 SET collation_connection  = @saved_col_connection */ ;
/*!50003 DROP PROCEDURE IF EXISTS `MostrarT` */;
/*!50003 SET @saved_cs_client      = @@character_set_client */ ;
/*!50003 SET @saved_cs_results     = @@character_set_results */ ;
/*!50003 SET @saved_col_connection = @@collation_connection */ ;
/*!50003 SET character_set_client  = utf8 */ ;
/*!50003 SET character_set_results = utf8 */ ;
/*!50003 SET collation_connection  = utf8_general_ci */ ;
/*!50003 SET @saved_sql_mode       = @@sql_mode */ ;
/*!50003 SET sql_mode              = 'ONLY_FULL_GROUP_BY,STRICT_TRANS_TABLES,NO_ZERO_IN_DATE,NO_ZERO_DATE,ERROR_FOR_DIVISION_BY_ZERO,NO_ENGINE_SUBSTITUTION' */ ;
DELIMITER ;;
CREATE DEFINER=`root`@`localhost` PROCEDURE `MostrarT`()
BEGIN
SELECT * FROM trabajador WHERE status = TRUE;
END ;;
DELIMITER ;
/*!50003 SET sql_mode              = @saved_sql_mode */ ;
/*!50003 SET character_set_client  = @saved_cs_client */ ;
/*!50003 SET character_set_results = @saved_cs_results */ ;
/*!50003 SET collation_connection  = @saved_col_connection */ ;
/*!40103 SET TIME_ZONE=@OLD_TIME_ZONE */;

/*!40101 SET SQL_MODE=@OLD_SQL_MODE */;
/*!40014 SET FOREIGN_KEY_CHECKS=@OLD_FOREIGN_KEY_CHECKS */;
/*!40014 SET UNIQUE_CHECKS=@OLD_UNIQUE_CHECKS */;
/*!40101 SET CHARACTER_SET_CLIENT=@OLD_CHARACTER_SET_CLIENT */;
/*!40101 SET CHARACTER_SET_RESULTS=@OLD_CHARACTER_SET_RESULTS */;
/*!40101 SET COLLATION_CONNECTION=@OLD_COLLATION_CONNECTION */;
/*!40111 SET SQL_NOTES=@OLD_SQL_NOTES */;

-- Dump completed on 2018-12-02 21:33:46
